-- phpMyAdmin SQL Dump
-- version 4.1.12
-- http://www.phpmyadmin.net
--
-- Host: 127.0.0.1
-- Generation Time: 08 Feb 2016 pada 15.15
-- Versi Server: 5.5.36
-- PHP Version: 5.4.27

SET SQL_MODE = "NO_AUTO_VALUE_ON_ZERO";
SET time_zone = "+00:00";


/*!40101 SET @OLD_CHARACTER_SET_CLIENT=@@CHARACTER_SET_CLIENT */;
/*!40101 SET @OLD_CHARACTER_SET_RESULTS=@@CHARACTER_SET_RESULTS */;
/*!40101 SET @OLD_COLLATION_CONNECTION=@@COLLATION_CONNECTION */;
/*!40101 SET NAMES utf8 */;

--
-- Database: `previewa_eoffice`
--

-- --------------------------------------------------------

--
-- Struktur dari tabel `catatan`
--

CREATE TABLE IF NOT EXISTS `catatan` (
  `id` int(11) NOT NULL AUTO_INCREMENT,
  `model` varchar(255) DEFAULT NULL,
  `id_model` int(11) DEFAULT NULL,
  `catatan` text,
  `lampiran` varchar(255) DEFAULT NULL,
  `id_jabatan` int(11) DEFAULT NULL,
  `username` varchar(255) DEFAULT NULL,
  `waktu_dilihat` datetime DEFAULT NULL,
  `waktu_dibuat` datetime DEFAULT NULL,
  PRIMARY KEY (`id`)
) ENGINE=InnoDB  DEFAULT CHARSET=latin1 AUTO_INCREMENT=9 ;

--
-- Dumping data untuk tabel `catatan`
--

INSERT INTO `catatan` (`id`, `model`, `id_model`, `catatan`, `lampiran`, `id_jabatan`, `username`, `waktu_dilihat`, `waktu_dibuat`) VALUES
(1, 'Distribusi', 4, 'terim kasih sdh menggunakan e office..', NULL, 66, '197509152009012001', NULL, '2015-12-29 12:06:49'),
(2, 'Distribusi', 5, 'Sudah keterima surat edarannya bu...ok. mantap. lanjutkan', NULL, 231, '198301162010121001', NULL, '2016-01-04 11:00:21'),
(3, 'Paraf', 160, ' pembahasan perkembangan kerjasama dalam Center of Excelence antara Bakamla RI dengan ITB\r\n(setiap kata diawali huruf kapital)', NULL, 134, '197807182010121002', NULL, '2016-01-08 14:04:34'),
(4, 'Distribusi', 4, 'Terima kasih sudah menggunakan e-office', NULL, 66, '197509152009012001', NULL, '2016-01-08 14:17:54'),
(5, 'Paraf', 161, '1. cek tanggal surat;\r\n2. lampiran daftar penerima undangan belum ada.\r\n3. pada nomor tidak ada tanda titik duanya.\r\n4. kata-kata "(disesuaikan dengan undangan)" tolong dihapus.\r\n5. dalam tembusan: deputi info tolong ditulis informasi, tanda & diganti dan', NULL, 38, '197110211991101001', NULL, '2016-01-08 14:42:48'),
(6, 'Distribusi', 69, 'Surat sudah diterima, terima kasih', NULL, 46, '196904211996031005', NULL, '2016-01-20 09:49:53'),
(7, 'Distribusi', 83, 'terima kasih infonya', NULL, 152, '198106112010122001', NULL, '2016-01-20 10:03:25'),
(8, 'Distribusi', 83, 'terima kasih infonya', NULL, 152, '198106112010122001', NULL, '2016-01-20 10:03:28');

-- --------------------------------------------------------

--
-- Struktur dari tabel `distribusi`
--

CREATE TABLE IF NOT EXISTS `distribusi` (
  `id` int(11) NOT NULL AUTO_INCREMENT,
  `id_surat` int(11) DEFAULT NULL,
  `id_distribusi_jenis` int(11) DEFAULT NULL,
  `catatan` text,
  `id_jabatan_penerima` int(11) DEFAULT NULL,
  `username_penerima` varchar(255) DEFAULT NULL,
  `id_jabatan_pengirim` int(11) DEFAULT NULL,
  `username_pengirim` varchar(255) DEFAULT NULL,
  `pengirim` varchar(255) DEFAULT NULL,
  `waktu_dilihat` datetime DEFAULT NULL,
  `waktu_dibuat` datetime DEFAULT NULL,
  `tanda` int(11) DEFAULT NULL,
  PRIMARY KEY (`id`)
) ENGINE=InnoDB  DEFAULT CHARSET=latin1 AUTO_INCREMENT=530 ;

--
-- Dumping data untuk tabel `distribusi`
--

INSERT INTO `distribusi` (`id`, `id_surat`, `id_distribusi_jenis`, `catatan`, `id_jabatan_penerima`, `username_penerima`, `id_jabatan_pengirim`, `username_pengirim`, `pengirim`, `waktu_dilihat`, `waktu_dibuat`, `tanda`) VALUES
(1, 3, 1, NULL, 73, '196904062009011001', 63, '198305012009012001', 'Kepala Subbag Persuratan, Arsip, dan Dokumentasi (Yusnita Budi Pramesti, S.E.)', '2016-01-11 08:18:42', '2015-12-29 12:00:24', 1),
(2, 3, 1, NULL, 238, '198408152015011001', 63, '198305012009012001', 'Kepala Subbag Persuratan, Arsip, dan Dokumentasi (Yusnita Budi Pramesti, S.E.)', '2015-12-29 13:06:15', '2015-12-29 12:00:24', 1),
(3, 3, 1, NULL, 67, '198308032010121001', 63, '198305012009012001', 'Kepala Subbag Persuratan, Arsip, dan Dokumentasi (Yusnita Budi Pramesti, S.E.)', '2015-12-29 12:22:19', '2015-12-29 12:00:24', 1),
(4, 3, 1, NULL, 66, '197509152009012001', 63, '198305012009012001', 'Kepala Subbag Persuratan, Arsip, dan Dokumentasi (Yusnita Budi Pramesti, S.E.)', '2015-12-29 12:05:20', '2015-12-29 12:00:24', 1),
(5, 3, 1, NULL, 231, '198301162010121001', 63, '198305012009012001', 'Kepala Subbag Persuratan, Arsip, dan Dokumentasi (Yusnita Budi Pramesti, S.E.)', '2015-12-29 13:38:51', '2015-12-29 12:00:24', 1),
(6, 3, 1, NULL, NULL, '199005162015011001', 63, '198305012009012001', 'Kepala Subbag Persuratan, Arsip, dan Dokumentasi (Yusnita Budi Pramesti, S.E.)', NULL, '2015-12-29 12:00:24', 1),
(7, 3, 1, NULL, NULL, '3275085103700022', 63, '198305012009012001', 'Kepala Subbag Persuratan, Arsip, dan Dokumentasi (Yusnita Budi Pramesti, S.E.)', NULL, '2015-12-29 12:00:24', 1),
(8, 3, 1, NULL, 39, '198204252009121001', 63, '198305012009012001', 'Kepala Subbag Persuratan, Arsip, dan Dokumentasi (Yusnita Budi Pramesti, S.E.)', '2016-01-19 11:12:52', '2015-12-29 12:00:24', 1),
(9, 3, 1, NULL, 63, '198305012009012001', 63, '198305012009012001', 'Kepala Subbag Persuratan, Arsip, dan Dokumentasi (Yusnita Budi Pramesti, S.E.)', NULL, '2015-12-29 12:00:24', 1),
(10, 3, 1, NULL, NULL, '199107152015011001', 63, '198305012009012001', 'Kepala Subbag Persuratan, Arsip, dan Dokumentasi (Yusnita Budi Pramesti, S.E.)', NULL, '2015-12-29 12:00:24', 1),
(11, 3, 1, NULL, 261, '198101242010122001', 63, '198305012009012001', 'Kepala Subbag Persuratan, Arsip, dan Dokumentasi (Yusnita Budi Pramesti, S.E.)', '2015-12-30 09:24:50', '2015-12-29 12:00:24', 1),
(12, 3, 1, NULL, 25, '71100504', 63, '198305012009012001', 'Kepala Subbag Persuratan, Arsip, dan Dokumentasi (Yusnita Budi Pramesti, S.E.)', NULL, '2015-12-29 12:00:24', 1),
(13, 3, 1, NULL, 20, '8326/P', 63, '198305012009012001', 'Kepala Subbag Persuratan, Arsip, dan Dokumentasi (Yusnita Budi Pramesti, S.E.)', NULL, '2015-12-29 12:00:24', 1),
(14, 3, 1, NULL, 134, '197807182010121002', 63, '198305012009012001', 'Kepala Subbag Persuratan, Arsip, dan Dokumentasi (Yusnita Budi Pramesti, S.E.)', '2016-01-08 14:05:29', '2015-12-29 12:00:24', 1),
(15, 3, 1, NULL, 133, '198109212009011002', 63, '198305012009012001', 'Kepala Subbag Persuratan, Arsip, dan Dokumentasi (Yusnita Budi Pramesti, S.E.)', '2015-12-29 15:15:39', '2015-12-29 12:00:25', 1),
(16, 3, 1, NULL, 15, '195812181979032001', 63, '198305012009012001', 'Kepala Subbag Persuratan, Arsip, dan Dokumentasi (Yusnita Budi Pramesti, S.E.)', NULL, '2015-12-29 12:00:25', 1),
(17, 3, 2, NULL, 69, NULL, 63, '198305012009012001', 'Kepala Subbag Persuratan, Arsip, dan Dokumentasi (Yusnita Budi Pramesti, S.E.)', NULL, '2015-12-29 12:00:25', 1),
(18, 3, 2, NULL, 1, '8312/P', 63, '198305012009012001', 'Kepala Subbag Persuratan, Arsip, dan Dokumentasi (Yusnita Budi Pramesti, S.E.)', NULL, '2015-12-29 12:00:25', 1),
(19, 3, 4, 'tes meneruskan surat edaran dg attachment dr kasubbag persuratan', 234, '198112272010121002', 231, '198301162010121001', 'Staf Seksi Pengembangan Sistem Informasi (Ujang Rusmana, S.Si.)', NULL, '2016-01-04 11:03:17', 2),
(20, 3, 4, 'tes meneruskan surat edaran dg attachment dr kasubbag persuratan', NULL, '199005162015011001', 231, '198301162010121001', 'Staf Seksi Pengembangan Sistem Informasi (Ujang Rusmana, S.Si.)', NULL, '2016-01-04 11:03:17', 2),
(21, 3, 4, 'tes meneruskan surat edaran dg attachment dr kasubbag persuratan', 238, '198408152015011001', 231, '198301162010121001', 'Staf Seksi Pengembangan Sistem Informasi (Ujang Rusmana, S.Si.)', '2016-01-19 09:00:05', '2016-01-04 11:03:17', 2),
(22, 3, 4, 'mohon di edarkan, trimaks', 262, '3275085103700022', 73, '196904062009011001', 'TU Deputi Bid. Info, Hukum, & Kerjasama (Wakhid Ma''mun, S.Ag)', '2016-01-20 09:32:46', '2016-01-11 08:27:09', 3),
(23, 3, 4, 'mohon di edarkan, trimaks', 288, '198811292015012001', 73, '196904062009011001', 'TU Deputi Bid. Info, Hukum, & Kerjasama (Wakhid Ma''mun, S.Ag)', NULL, '2016-01-11 08:27:09', 3),
(24, 85, 1, NULL, 1, '8312/P', 261, '198101242010122001', 'Staf Kasubbag Persuratan Arsip dan Dokumentasi (Nunuk Tri Muranjari, S.Pd.)', NULL, '2016-01-18 15:07:44', 4),
(25, 85, 1, NULL, 2, '196105271985031001', 261, '198101242010122001', 'Staf Kasubbag Persuratan Arsip dan Dokumentasi (Nunuk Tri Muranjari, S.Pd.)', '2016-01-18 15:34:03', '2016-01-18 15:07:44', 4),
(26, 85, 1, NULL, 6, '60010951', 261, '198101242010122001', 'Staf Kasubbag Persuratan Arsip dan Dokumentasi (Nunuk Tri Muranjari, S.Pd.)', NULL, '2016-01-18 15:07:44', 4),
(27, 85, 1, NULL, 4, '8655/P', 261, '198101242010122001', 'Staf Kasubbag Persuratan Arsip dan Dokumentasi (Nunuk Tri Muranjari, S.Pd.)', NULL, '2016-01-18 15:07:44', 4),
(28, 85, 1, NULL, 5, '196003151980031002', 261, '198101242010122001', 'Staf Kasubbag Persuratan Arsip dan Dokumentasi (Nunuk Tri Muranjari, S.Pd.)', NULL, '2016-01-18 15:07:44', 4),
(29, 85, 1, NULL, 166, '64080827', 261, '198101242010122001', 'Staf Kasubbag Persuratan Arsip dan Dokumentasi (Nunuk Tri Muranjari, S.Pd.)', NULL, '2016-01-18 15:07:44', 4),
(30, 85, 1, NULL, 21, '196109181993101001', 261, '198101242010122001', 'Staf Kasubbag Persuratan Arsip dan Dokumentasi (Nunuk Tri Muranjari, S.Pd.)', NULL, '2016-01-18 15:07:44', 4),
(31, 85, 1, NULL, 22, '10864/P', 261, '198101242010122001', 'Staf Kasubbag Persuratan Arsip dan Dokumentasi (Nunuk Tri Muranjari, S.Pd.)', NULL, '2016-01-18 15:07:44', 4),
(32, 85, 1, NULL, 129, '61121076', 261, '198101242010122001', 'Staf Kasubbag Persuratan Arsip dan Dokumentasi (Nunuk Tri Muranjari, S.Pd.)', NULL, '2016-01-18 15:07:44', 4),
(33, 85, 1, NULL, 24, '62080934', 261, '198101242010122001', 'Staf Kasubbag Persuratan Arsip dan Dokumentasi (Nunuk Tri Muranjari, S.Pd.)', NULL, '2016-01-18 15:07:44', 4),
(34, 85, 1, NULL, 23, '196006101980022002', 261, '198101242010122001', 'Staf Kasubbag Persuratan Arsip dan Dokumentasi (Nunuk Tri Muranjari, S.Pd.)', NULL, '2016-01-18 15:07:45', 4),
(35, 85, 1, NULL, 18, '9552/P', 261, '198101242010122001', 'Staf Kasubbag Persuratan Arsip dan Dokumentasi (Nunuk Tri Muranjari, S.Pd.)', NULL, '2016-01-18 15:07:45', 4),
(36, 85, 1, NULL, 3, '58100766', 261, '198101242010122001', 'Staf Kasubbag Persuratan Arsip dan Dokumentasi (Nunuk Tri Muranjari, S.Pd.)', NULL, '2016-01-18 15:07:45', 4),
(37, 85, 1, NULL, 155, '10555/P', 261, '198101242010122001', 'Staf Kasubbag Persuratan Arsip dan Dokumentasi (Nunuk Tri Muranjari, S.Pd.)', NULL, '2016-01-18 15:07:45', 4),
(38, 85, 1, NULL, 15, '195812181979032001', 261, '198101242010122001', 'Staf Kasubbag Persuratan Arsip dan Dokumentasi (Nunuk Tri Muranjari, S.Pd.)', NULL, '2016-01-18 15:07:45', 4),
(39, 85, 1, NULL, 16, '8117/P', 261, '198101242010122001', 'Staf Kasubbag Persuratan Arsip dan Dokumentasi (Nunuk Tri Muranjari, S.Pd.)', NULL, '2016-01-18 15:07:45', 4),
(40, 85, 1, NULL, 177, '196102071981032005', 261, '198101242010122001', 'Staf Kasubbag Persuratan Arsip dan Dokumentasi (Nunuk Tri Muranjari, S.Pd.)', NULL, '2016-01-18 15:07:45', 4),
(41, 85, 1, NULL, 19, '58010731', 261, '198101242010122001', 'Staf Kasubbag Persuratan Arsip dan Dokumentasi (Nunuk Tri Muranjari, S.Pd.)', NULL, '2016-01-18 15:07:45', 4),
(42, 85, 1, NULL, 143, '197409082000031001', 261, '198101242010122001', 'Staf Kasubbag Persuratan Arsip dan Dokumentasi (Nunuk Tri Muranjari, S.Pd.)', NULL, '2016-01-18 15:07:45', 4),
(43, 85, 1, NULL, 27, '196008201989031001', 261, '198101242010122001', 'Staf Kasubbag Persuratan Arsip dan Dokumentasi (Nunuk Tri Muranjari, S.Pd.)', NULL, '2016-01-18 15:07:45', 4),
(44, 85, 1, NULL, 151, '11705/P', 261, '198101242010122001', 'Staf Kasubbag Persuratan Arsip dan Dokumentasi (Nunuk Tri Muranjari, S.Pd.)', NULL, '2016-01-18 15:07:45', 4),
(45, 85, 1, NULL, 26, '11215/P', 261, '198101242010122001', 'Staf Kasubbag Persuratan Arsip dan Dokumentasi (Nunuk Tri Muranjari, S.Pd.)', NULL, '2016-01-18 15:07:45', 4),
(46, 85, 1, NULL, 144, '195909291995031001', 261, '198101242010122001', 'Staf Kasubbag Persuratan Arsip dan Dokumentasi (Nunuk Tri Muranjari, S.Pd.)', NULL, '2016-01-18 15:07:45', 4),
(47, 85, 1, NULL, 135, '196911151994031003', 261, '198101242010122001', 'Staf Kasubbag Persuratan Arsip dan Dokumentasi (Nunuk Tri Muranjari, S.Pd.)', NULL, '2016-01-18 15:07:45', 4),
(48, 85, 1, NULL, 25, '71100504', 261, '198101242010122001', 'Staf Kasubbag Persuratan Arsip dan Dokumentasi (Nunuk Tri Muranjari, S.Pd.)', NULL, '2016-01-18 15:07:45', 4),
(49, 85, 1, NULL, 136, '74080892', 261, '198101242010122001', 'Staf Kasubbag Persuratan Arsip dan Dokumentasi (Nunuk Tri Muranjari, S.Pd.)', NULL, '2016-01-18 15:07:45', 4),
(50, 85, 1, NULL, 28, '61050798', 261, '198101242010122001', 'Staf Kasubbag Persuratan Arsip dan Dokumentasi (Nunuk Tri Muranjari, S.Pd.)', NULL, '2016-01-18 15:07:45', 4),
(51, 85, 1, NULL, 130, '196210291983031002', 261, '198101242010122001', 'Staf Kasubbag Persuratan Arsip dan Dokumentasi (Nunuk Tri Muranjari, S.Pd.)', NULL, '2016-01-18 15:07:45', 4),
(52, 85, 1, NULL, 132, '195906271985031001', 261, '198101242010122001', 'Staf Kasubbag Persuratan Arsip dan Dokumentasi (Nunuk Tri Muranjari, S.Pd.)', NULL, '2016-01-18 15:07:45', 4),
(53, 85, 1, NULL, 113, '196610091995011001', 261, '198101242010122001', 'Staf Kasubbag Persuratan Arsip dan Dokumentasi (Nunuk Tri Muranjari, S.Pd.)', NULL, '2016-01-18 15:07:45', 4),
(54, 85, 1, NULL, NULL, '197102181991101001', 261, '198101242010122001', 'Staf Kasubbag Persuratan Arsip dan Dokumentasi (Nunuk Tri Muranjari, S.Pd.)', NULL, '2016-01-18 15:07:45', 4),
(55, 85, 1, NULL, NULL, '197004082001122001', 261, '198101242010122001', 'Staf Kasubbag Persuratan Arsip dan Dokumentasi (Nunuk Tri Muranjari, S.Pd.)', NULL, '2016-01-18 15:07:45', 4),
(56, 85, 1, NULL, 122, '9231/P', 261, '198101242010122001', 'Staf Kasubbag Persuratan Arsip dan Dokumentasi (Nunuk Tri Muranjari, S.Pd.)', NULL, '2016-01-18 15:07:45', 4),
(57, 85, 1, NULL, 37, '196104291983032001', 261, '198101242010122001', 'Staf Kasubbag Persuratan Arsip dan Dokumentasi (Nunuk Tri Muranjari, S.Pd.)', NULL, '2016-01-18 15:07:45', 4),
(58, 85, 1, NULL, NULL, '196809211994031001', 261, '198101242010122001', 'Staf Kasubbag Persuratan Arsip dan Dokumentasi (Nunuk Tri Muranjari, S.Pd.)', NULL, '2016-01-18 15:07:46', 4),
(59, 85, 1, NULL, 96, '516362', 261, '198101242010122001', 'Staf Kasubbag Persuratan Arsip dan Dokumentasi (Nunuk Tri Muranjari, S.Pd.)', NULL, '2016-01-18 15:07:46', 4),
(60, 85, 1, NULL, 105, '10086/P', 261, '198101242010122001', 'Staf Kasubbag Persuratan Arsip dan Dokumentasi (Nunuk Tri Muranjari, S.Pd.)', NULL, '2016-01-18 15:07:46', 4),
(61, 85, 1, NULL, 94, '515543', 261, '198101242010122001', 'Staf Kasubbag Persuratan Arsip dan Dokumentasi (Nunuk Tri Muranjari, S.Pd.)', NULL, '2016-01-18 15:07:46', 4),
(62, 85, 1, NULL, 87, '196805311992031001', 261, '198101242010122001', 'Staf Kasubbag Persuratan Arsip dan Dokumentasi (Nunuk Tri Muranjari, S.Pd.)', NULL, '2016-01-18 15:07:46', 4),
(63, 85, 1, NULL, 106, '65070791', 261, '198101242010122001', 'Staf Kasubbag Persuratan Arsip dan Dokumentasi (Nunuk Tri Muranjari, S.Pd.)', NULL, '2016-01-18 15:07:46', 4),
(64, 85, 1, NULL, 45, '196301031983031001', 261, '198101242010122001', 'Staf Kasubbag Persuratan Arsip dan Dokumentasi (Nunuk Tri Muranjari, S.Pd.)', NULL, '2016-01-18 15:07:46', 4),
(65, 85, 1, NULL, 42, '10091/P', 261, '198101242010122001', 'Staf Kasubbag Persuratan Arsip dan Dokumentasi (Nunuk Tri Muranjari, S.Pd.)', NULL, '2016-01-18 15:07:46', 4),
(66, 85, 1, NULL, 40, '197011171998031001', 261, '198101242010122001', 'Staf Kasubbag Persuratan Arsip dan Dokumentasi (Nunuk Tri Muranjari, S.Pd.)', NULL, '2016-01-18 15:07:46', 4),
(67, 85, 1, NULL, 41, '196905241996032002', 261, '198101242010122001', 'Staf Kasubbag Persuratan Arsip dan Dokumentasi (Nunuk Tri Muranjari, S.Pd.)', NULL, '2016-01-18 15:07:46', 4),
(68, 85, 1, NULL, 48, '9916/P', 261, '198101242010122001', 'Staf Kasubbag Persuratan Arsip dan Dokumentasi (Nunuk Tri Muranjari, S.Pd.)', NULL, '2016-01-18 15:07:46', 4),
(69, 85, 1, NULL, 46, '196904211996031005', 261, '198101242010122001', 'Staf Kasubbag Persuratan Arsip dan Dokumentasi (Nunuk Tri Muranjari, S.Pd.)', '2016-01-20 09:35:15', '2016-01-18 15:07:46', 4),
(70, 85, 1, NULL, 47, '515589', 261, '198101242010122001', 'Staf Kasubbag Persuratan Arsip dan Dokumentasi (Nunuk Tri Muranjari, S.Pd.)', NULL, '2016-01-18 15:07:46', 4),
(71, 85, 1, NULL, 38, '197110211991101001', 261, '198101242010122001', 'Staf Kasubbag Persuratan Arsip dan Dokumentasi (Nunuk Tri Muranjari, S.Pd.)', NULL, '2016-01-18 15:07:46', 4),
(72, 85, 1, NULL, 77, '198811272010122002', 261, '198101242010122001', 'Staf Kasubbag Persuratan Arsip dan Dokumentasi (Nunuk Tri Muranjari, S.Pd.)', NULL, '2016-01-18 15:07:46', 4),
(73, 85, 1, NULL, 148, '198511142010122001', 261, '198101242010122001', 'Staf Kasubbag Persuratan Arsip dan Dokumentasi (Nunuk Tri Muranjari, S.Pd.)', NULL, '2016-01-18 15:07:46', 4),
(74, 85, 1, NULL, 67, '198308032010121001', 261, '198101242010122001', 'Staf Kasubbag Persuratan Arsip dan Dokumentasi (Nunuk Tri Muranjari, S.Pd.)', '2016-01-19 08:08:56', '2016-01-18 15:07:46', 4),
(75, 85, 1, NULL, 145, '197805242009121001', 261, '198101242010122001', 'Staf Kasubbag Persuratan Arsip dan Dokumentasi (Nunuk Tri Muranjari, S.Pd.)', NULL, '2016-01-18 15:07:46', 4),
(76, 85, 1, NULL, 137, '198304072009011001', 261, '198101242010122001', 'Staf Kasubbag Persuratan Arsip dan Dokumentasi (Nunuk Tri Muranjari, S.Pd.)', NULL, '2016-01-18 15:07:46', 4),
(77, 85, 1, NULL, 138, '197506012010121001', 261, '198101242010122001', 'Staf Kasubbag Persuratan Arsip dan Dokumentasi (Nunuk Tri Muranjari, S.Pd.)', NULL, '2016-01-18 15:07:46', 4),
(78, 85, 1, NULL, 39, '198204252009121001', 261, '198101242010122001', 'Staf Kasubbag Persuratan Arsip dan Dokumentasi (Nunuk Tri Muranjari, S.Pd.)', '2016-01-19 11:13:26', '2016-01-18 15:07:46', 4),
(79, 85, 1, NULL, 75, '14156/P', 261, '198101242010122001', 'Staf Kasubbag Persuratan Arsip dan Dokumentasi (Nunuk Tri Muranjari, S.Pd.)', NULL, '2016-01-18 15:07:46', 4),
(80, 85, 1, NULL, 147, '198109242009122002', 261, '198101242010122001', 'Staf Kasubbag Persuratan Arsip dan Dokumentasi (Nunuk Tri Muranjari, S.Pd.)', NULL, '2016-01-18 15:07:46', 4),
(81, 85, 1, NULL, 139, '198002142009011002', 261, '198101242010122001', 'Staf Kasubbag Persuratan Arsip dan Dokumentasi (Nunuk Tri Muranjari, S.Pd.)', NULL, '2016-01-18 15:07:46', 4),
(82, 85, 1, NULL, 154, '197612022009011002', 261, '198101242010122001', 'Staf Kasubbag Persuratan Arsip dan Dokumentasi (Nunuk Tri Muranjari, S.Pd.)', NULL, '2016-01-18 15:07:46', 4),
(83, 85, 1, NULL, 152, '198106112010122001', 261, '198101242010122001', 'Staf Kasubbag Persuratan Arsip dan Dokumentasi (Nunuk Tri Muranjari, S.Pd.)', '2016-01-20 10:01:27', '2016-01-18 15:07:46', 4),
(84, 85, 1, NULL, 141, '198308232009011002', 261, '198101242010122001', 'Staf Kasubbag Persuratan Arsip dan Dokumentasi (Nunuk Tri Muranjari, S.Pd.)', NULL, '2016-01-18 15:07:46', 4),
(85, 85, 1, NULL, 146, '198003062009012001', 261, '198101242010122001', 'Staf Kasubbag Persuratan Arsip dan Dokumentasi (Nunuk Tri Muranjari, S.Pd.)', NULL, '2016-01-18 15:07:46', 4),
(86, 85, 1, NULL, 142, '198305012010121002', 261, '198101242010122001', 'Staf Kasubbag Persuratan Arsip dan Dokumentasi (Nunuk Tri Muranjari, S.Pd.)', NULL, '2016-01-18 15:07:47', 4),
(87, 85, 1, NULL, 66, '197509152009012001', 261, '198101242010122001', 'Staf Kasubbag Persuratan Arsip dan Dokumentasi (Nunuk Tri Muranjari, S.Pd.)', '2016-01-19 09:15:03', '2016-01-18 15:07:47', 4),
(88, 85, 1, NULL, 133, '198109212009011002', 261, '198101242010122001', 'Staf Kasubbag Persuratan Arsip dan Dokumentasi (Nunuk Tri Muranjari, S.Pd.)', '2016-01-19 09:06:55', '2016-01-18 15:07:47', 4),
(89, 85, 1, NULL, 134, '197807182010121002', 261, '198101242010122001', 'Staf Kasubbag Persuratan Arsip dan Dokumentasi (Nunuk Tri Muranjari, S.Pd.)', '2016-01-19 09:12:22', '2016-01-18 15:07:47', 4),
(90, 85, 1, NULL, 114, '198704232010122001', 261, '198101242010122001', 'Staf Kasubbag Persuratan Arsip dan Dokumentasi (Nunuk Tri Muranjari, S.Pd.)', NULL, '2016-01-18 15:07:47', 4),
(91, 85, 1, NULL, 126, '198405262010121001', 261, '198101242010122001', 'Staf Kasubbag Persuratan Arsip dan Dokumentasi (Nunuk Tri Muranjari, S.Pd.)', NULL, '2016-01-18 15:07:47', 4),
(92, 85, 1, NULL, 115, '198102092009011001', 261, '198101242010122001', 'Staf Kasubbag Persuratan Arsip dan Dokumentasi (Nunuk Tri Muranjari, S.Pd.)', NULL, '2016-01-18 15:07:47', 4),
(93, 85, 1, NULL, 123, '198703122009121001', 261, '198101242010122001', 'Staf Kasubbag Persuratan Arsip dan Dokumentasi (Nunuk Tri Muranjari, S.Pd.)', '2016-01-20 16:11:31', '2016-01-18 15:07:47', 4),
(94, 85, 1, NULL, 116, '198706022010122002', 261, '198101242010122001', 'Staf Kasubbag Persuratan Arsip dan Dokumentasi (Nunuk Tri Muranjari, S.Pd.)', NULL, '2016-01-18 15:07:47', 4),
(95, 85, 1, NULL, 127, '198206122010121001', 261, '198101242010122001', 'Staf Kasubbag Persuratan Arsip dan Dokumentasi (Nunuk Tri Muranjari, S.Pd.)', NULL, '2016-01-18 15:07:47', 4),
(96, 85, 1, NULL, 128, '197503202009122001', 261, '198101242010122001', 'Staf Kasubbag Persuratan Arsip dan Dokumentasi (Nunuk Tri Muranjari, S.Pd.)', NULL, '2016-01-18 15:07:47', 4),
(97, 85, 1, NULL, 119, '17379/P', 261, '198101242010122001', 'Staf Kasubbag Persuratan Arsip dan Dokumentasi (Nunuk Tri Muranjari, S.Pd.)', NULL, '2016-01-18 15:07:47', 4),
(98, 85, 1, NULL, 150, '62010624', 261, '198101242010122001', 'Staf Kasubbag Persuratan Arsip dan Dokumentasi (Nunuk Tri Muranjari, S.Pd.)', NULL, '2016-01-18 15:07:47', 4),
(99, 85, 1, NULL, 118, '198510292009011001', 261, '198101242010122001', 'Staf Kasubbag Persuratan Arsip dan Dokumentasi (Nunuk Tri Muranjari, S.Pd.)', NULL, '2016-01-18 15:07:47', 4),
(100, 85, 1, NULL, 117, '198111202010121001', 261, '198101242010122001', 'Staf Kasubbag Persuratan Arsip dan Dokumentasi (Nunuk Tri Muranjari, S.Pd.)', NULL, '2016-01-18 15:07:47', 4),
(101, 85, 1, NULL, 124, '197511282009121001', 261, '198101242010122001', 'Staf Kasubbag Persuratan Arsip dan Dokumentasi (Nunuk Tri Muranjari, S.Pd.)', NULL, '2016-01-18 15:07:47', 4),
(102, 85, 1, NULL, 125, '197512162009121001', 261, '198101242010122001', 'Staf Kasubbag Persuratan Arsip dan Dokumentasi (Nunuk Tri Muranjari, S.Pd.)', NULL, '2016-01-18 15:07:47', 4),
(103, 85, 1, NULL, 89, '13630/P', 261, '198101242010122001', 'Staf Kasubbag Persuratan Arsip dan Dokumentasi (Nunuk Tri Muranjari, S.Pd.)', NULL, '2016-01-18 15:07:47', 4),
(104, 85, 1, NULL, 111, '198403102010121001', 261, '198101242010122001', 'Staf Kasubbag Persuratan Arsip dan Dokumentasi (Nunuk Tri Muranjari, S.Pd.)', NULL, '2016-01-18 15:07:47', 4),
(105, 85, 1, NULL, 91, '18615/P', 261, '198101242010122001', 'Staf Kasubbag Persuratan Arsip dan Dokumentasi (Nunuk Tri Muranjari, S.Pd.)', NULL, '2016-01-18 15:07:47', 4),
(106, 85, 1, NULL, 110, '16001/P', 261, '198101242010122001', 'Staf Kasubbag Persuratan Arsip dan Dokumentasi (Nunuk Tri Muranjari, S.Pd.)', NULL, '2016-01-18 15:07:47', 4),
(107, 85, 1, NULL, 112, '198308242009011001', 261, '198101242010122001', 'Staf Kasubbag Persuratan Arsip dan Dokumentasi (Nunuk Tri Muranjari, S.Pd.)', NULL, '2016-01-18 15:07:47', 4),
(108, 85, 1, NULL, 107, '198211212009012001', 261, '198101242010122001', 'Staf Kasubbag Persuratan Arsip dan Dokumentasi (Nunuk Tri Muranjari, S.Pd.)', NULL, '2016-01-18 15:07:47', 4),
(109, 85, 1, NULL, 93, '198512212010122001', 261, '198101242010122001', 'Staf Kasubbag Persuratan Arsip dan Dokumentasi (Nunuk Tri Muranjari, S.Pd.)', NULL, '2016-01-18 15:07:47', 4),
(110, 85, 1, NULL, 88, '198001152009011002', 261, '198101242010122001', 'Staf Kasubbag Persuratan Arsip dan Dokumentasi (Nunuk Tri Muranjari, S.Pd.)', NULL, '2016-01-18 15:07:47', 4),
(111, 85, 1, NULL, 100, '198310312009121001', 261, '198101242010122001', 'Staf Kasubbag Persuratan Arsip dan Dokumentasi (Nunuk Tri Muranjari, S.Pd.)', NULL, '2016-01-18 15:07:47', 4),
(112, 85, 1, NULL, 90, '198208022009011001', 261, '198101242010122001', 'Staf Kasubbag Persuratan Arsip dan Dokumentasi (Nunuk Tri Muranjari, S.Pd.)', NULL, '2016-01-18 15:07:48', 4),
(113, 85, 1, NULL, 108, '197510302009011002', 261, '198101242010122001', 'Staf Kasubbag Persuratan Arsip dan Dokumentasi (Nunuk Tri Muranjari, S.Pd.)', NULL, '2016-01-18 15:07:48', 4),
(114, 85, 1, NULL, 97, '14725/P', 261, '198101242010122001', 'Staf Kasubbag Persuratan Arsip dan Dokumentasi (Nunuk Tri Muranjari, S.Pd.)', NULL, '2016-01-18 15:07:48', 4),
(115, 85, 1, NULL, 109, '198501022010121001', 261, '198101242010122001', 'Staf Kasubbag Persuratan Arsip dan Dokumentasi (Nunuk Tri Muranjari, S.Pd.)', NULL, '2016-01-18 15:07:48', 4),
(116, 85, 1, NULL, 64, '16484/P', 261, '198101242010122001', 'Staf Kasubbag Persuratan Arsip dan Dokumentasi (Nunuk Tri Muranjari, S.Pd.)', NULL, '2016-01-18 15:07:48', 4),
(117, 85, 1, NULL, NULL, '79041543', 261, '198101242010122001', 'Staf Kasubbag Persuratan Arsip dan Dokumentasi (Nunuk Tri Muranjari, S.Pd.)', NULL, '2016-01-18 15:07:48', 4),
(118, 85, 1, NULL, 161, '13309/P', 261, '198101242010122001', 'Staf Kasubbag Persuratan Arsip dan Dokumentasi (Nunuk Tri Muranjari, S.Pd.)', NULL, '2016-01-18 15:07:48', 4),
(119, 85, 1, NULL, 165, '62030485', 261, '198101242010122001', 'Staf Kasubbag Persuratan Arsip dan Dokumentasi (Nunuk Tri Muranjari, S.Pd.)', NULL, '2016-01-18 15:07:48', 4),
(120, 85, 1, NULL, 160, '751101021', 261, '198101242010122001', 'Staf Kasubbag Persuratan Arsip dan Dokumentasi (Nunuk Tri Muranjari, S.Pd.)', NULL, '2016-01-18 15:07:48', 4),
(121, 85, 1, NULL, NULL, '198503052010122001', 261, '198101242010122001', 'Staf Kasubbag Persuratan Arsip dan Dokumentasi (Nunuk Tri Muranjari, S.Pd.)', NULL, '2016-01-18 15:07:48', 4),
(122, 85, 1, NULL, NULL, '19394/P', 261, '198101242010122001', 'Staf Kasubbag Persuratan Arsip dan Dokumentasi (Nunuk Tri Muranjari, S.Pd.)', NULL, '2016-01-18 15:07:48', 4),
(123, 85, 1, NULL, 176, '12046/P', 261, '198101242010122001', 'Staf Kasubbag Persuratan Arsip dan Dokumentasi (Nunuk Tri Muranjari, S.Pd.)', NULL, '2016-01-18 15:07:48', 4),
(124, 85, 1, NULL, 172, '10390/P', 261, '198101242010122001', 'Staf Kasubbag Persuratan Arsip dan Dokumentasi (Nunuk Tri Muranjari, S.Pd.)', NULL, '2016-01-18 15:07:48', 4),
(125, 85, 1, NULL, 171, '198609202014021001', 261, '198101242010122001', 'Staf Kasubbag Persuratan Arsip dan Dokumentasi (Nunuk Tri Muranjari, S.Pd.)', NULL, '2016-01-18 15:07:48', 4),
(126, 85, 1, NULL, 175, '197505112010121001', 261, '198101242010122001', 'Staf Kasubbag Persuratan Arsip dan Dokumentasi (Nunuk Tri Muranjari, S.Pd.)', NULL, '2016-01-18 15:07:48', 4),
(127, 85, 1, NULL, NULL, '198102192009011002', 261, '198101242010122001', 'Staf Kasubbag Persuratan Arsip dan Dokumentasi (Nunuk Tri Muranjari, S.Pd.)', NULL, '2016-01-18 15:07:48', 4),
(128, 85, 1, NULL, NULL, '196912191991031001', 261, '198101242010122001', 'Staf Kasubbag Persuratan Arsip dan Dokumentasi (Nunuk Tri Muranjari, S.Pd.)', NULL, '2016-01-18 15:07:48', 4),
(129, 85, 1, NULL, 183, '11600/P', 261, '198101242010122001', 'Staf Kasubbag Persuratan Arsip dan Dokumentasi (Nunuk Tri Muranjari, S.Pd.)', NULL, '2016-01-18 15:07:48', 4),
(130, 85, 1, NULL, NULL, '197412202009121001', 261, '198101242010122001', 'Staf Kasubbag Persuratan Arsip dan Dokumentasi (Nunuk Tri Muranjari, S.Pd.)', NULL, '2016-01-18 15:07:48', 4),
(131, 85, 1, NULL, 201, '197710122009011003', 261, '198101242010122001', 'Staf Kasubbag Persuratan Arsip dan Dokumentasi (Nunuk Tri Muranjari, S.Pd.)', NULL, '2016-01-18 15:07:48', 4),
(132, 85, 1, NULL, 51, '198305062009012002', 261, '198101242010122001', 'Staf Kasubbag Persuratan Arsip dan Dokumentasi (Nunuk Tri Muranjari, S.Pd.)', '2016-01-19 11:50:45', '2016-01-18 15:07:48', 4),
(133, 85, 1, NULL, 62, '197911032009011002', 261, '198101242010122001', 'Staf Kasubbag Persuratan Arsip dan Dokumentasi (Nunuk Tri Muranjari, S.Pd.)', NULL, '2016-01-18 15:07:49', 4),
(134, 85, 1, NULL, 74, '198412092009012001', 261, '198101242010122001', 'Staf Kasubbag Persuratan Arsip dan Dokumentasi (Nunuk Tri Muranjari, S.Pd.)', '2016-01-20 09:50:04', '2016-01-18 15:07:49', 4),
(135, 85, 1, NULL, 58, '197412042009011001', 261, '198101242010122001', 'Staf Kasubbag Persuratan Arsip dan Dokumentasi (Nunuk Tri Muranjari, S.Pd.)', NULL, '2016-01-18 15:07:49', 4),
(136, 85, 1, NULL, 50, '198308112009012001', 261, '198101242010122001', 'Staf Kasubbag Persuratan Arsip dan Dokumentasi (Nunuk Tri Muranjari, S.Pd.)', NULL, '2016-01-18 15:07:49', 4),
(137, 85, 1, NULL, 59, '198305022005011003', 261, '198101242010122001', 'Staf Kasubbag Persuratan Arsip dan Dokumentasi (Nunuk Tri Muranjari, S.Pd.)', NULL, '2016-01-18 15:07:49', 4),
(138, 85, 1, NULL, 54, '198605102009121001', 261, '198101242010122001', 'Staf Kasubbag Persuratan Arsip dan Dokumentasi (Nunuk Tri Muranjari, S.Pd.)', NULL, '2016-01-18 15:07:49', 4),
(139, 85, 1, NULL, 60, '16074/P', 261, '198101242010122001', 'Staf Kasubbag Persuratan Arsip dan Dokumentasi (Nunuk Tri Muranjari, S.Pd.)', NULL, '2016-01-18 15:07:49', 4),
(140, 85, 1, NULL, NULL, '197908082009011001', 261, '198101242010122001', 'Staf Kasubbag Persuratan Arsip dan Dokumentasi (Nunuk Tri Muranjari, S.Pd.)', NULL, '2016-01-18 15:07:49', 4),
(141, 85, 1, NULL, 55, '198210112010122001', 261, '198101242010122001', 'Staf Kasubbag Persuratan Arsip dan Dokumentasi (Nunuk Tri Muranjari, S.Pd.)', NULL, '2016-01-18 15:07:49', 4),
(142, 85, 1, NULL, 56, '198601192010121002', 261, '198101242010122001', 'Staf Kasubbag Persuratan Arsip dan Dokumentasi (Nunuk Tri Muranjari, S.Pd.)', NULL, '2016-01-18 15:07:49', 4),
(143, 85, 1, NULL, 80, '198507302009122001', 261, '198101242010122001', 'Staf Kasubbag Persuratan Arsip dan Dokumentasi (Nunuk Tri Muranjari, S.Pd.)', NULL, '2016-01-18 15:07:49', 4),
(144, 85, 1, NULL, 84, '198509092009012001', 261, '198101242010122001', 'Staf Kasubbag Persuratan Arsip dan Dokumentasi (Nunuk Tri Muranjari, S.Pd.)', NULL, '2016-01-18 15:07:49', 4),
(145, 85, 1, NULL, 78, '198410262010121002', 261, '198101242010122001', 'Staf Kasubbag Persuratan Arsip dan Dokumentasi (Nunuk Tri Muranjari, S.Pd.)', NULL, '2016-01-18 15:07:49', 4),
(146, 85, 1, NULL, 61, '197901142006041014', 261, '198101242010122001', 'Staf Kasubbag Persuratan Arsip dan Dokumentasi (Nunuk Tri Muranjari, S.Pd.)', NULL, '2016-01-18 15:07:49', 4),
(147, 85, 1, NULL, 53, '198010012009012002', 261, '198101242010122001', 'Staf Kasubbag Persuratan Arsip dan Dokumentasi (Nunuk Tri Muranjari, S.Pd.)', NULL, '2016-01-18 15:07:49', 4),
(148, 85, 1, NULL, 52, '198404052010121001', 261, '198101242010122001', 'Staf Kasubbag Persuratan Arsip dan Dokumentasi (Nunuk Tri Muranjari, S.Pd.)', NULL, '2016-01-18 15:07:49', 4),
(149, 85, 1, NULL, 82, '198701062009011001', 261, '198101242010122001', 'Staf Kasubbag Persuratan Arsip dan Dokumentasi (Nunuk Tri Muranjari, S.Pd.)', NULL, '2016-01-18 15:07:49', 4),
(150, 85, 1, NULL, 81, '15622/P', 261, '198101242010122001', 'Staf Kasubbag Persuratan Arsip dan Dokumentasi (Nunuk Tri Muranjari, S.Pd.)', NULL, '2016-01-18 15:07:49', 4),
(151, 85, 1, NULL, 76, '198412182009121001', 261, '198101242010122001', 'Staf Kasubbag Persuratan Arsip dan Dokumentasi (Nunuk Tri Muranjari, S.Pd.)', NULL, '2016-01-18 15:07:50', 4),
(152, 85, 1, NULL, 102, '198609172009122001', 261, '198101242010122001', 'Staf Kasubbag Persuratan Arsip dan Dokumentasi (Nunuk Tri Muranjari, S.Pd.)', '2016-01-20 10:01:37', '2016-01-18 15:07:50', 4),
(153, 85, 1, NULL, 72, '198303132010121001', 261, '198101242010122001', 'Staf Kasubbag Persuratan Arsip dan Dokumentasi (Nunuk Tri Muranjari, S.Pd.)', NULL, '2016-01-18 15:07:50', 4),
(154, 85, 1, NULL, 73, '196904062009011001', 261, '198101242010122001', 'Staf Kasubbag Persuratan Arsip dan Dokumentasi (Nunuk Tri Muranjari, S.Pd.)', '2016-01-20 09:54:07', '2016-01-18 15:07:50', 4),
(155, 85, 1, NULL, 57, '197103202009122001', 261, '198101242010122001', 'Staf Kasubbag Persuratan Arsip dan Dokumentasi (Nunuk Tri Muranjari, S.Pd.)', NULL, '2016-01-18 15:07:50', 4),
(156, 85, 1, NULL, 63, '198305012009012001', 261, '198101242010122001', 'Staf Kasubbag Persuratan Arsip dan Dokumentasi (Nunuk Tri Muranjari, S.Pd.)', NULL, '2016-01-18 15:07:50', 4),
(157, 85, 1, NULL, NULL, '198111182009121001', 261, '198101242010122001', 'Staf Kasubbag Persuratan Arsip dan Dokumentasi (Nunuk Tri Muranjari, S.Pd.)', NULL, '2016-01-18 15:07:50', 4),
(158, 85, 1, NULL, 205, '15213/P', 261, '198101242010122001', 'Staf Kasubbag Persuratan Arsip dan Dokumentasi (Nunuk Tri Muranjari, S.Pd.)', NULL, '2016-01-18 15:07:50', 4),
(159, 85, 1, NULL, NULL, '197811042010121001', 261, '198101242010122001', 'Staf Kasubbag Persuratan Arsip dan Dokumentasi (Nunuk Tri Muranjari, S.Pd.)', NULL, '2016-01-18 15:07:50', 4),
(160, 85, 1, NULL, NULL, '197903222010121001', 261, '198101242010122001', 'Staf Kasubbag Persuratan Arsip dan Dokumentasi (Nunuk Tri Muranjari, S.Pd.)', NULL, '2016-01-18 15:07:50', 4),
(161, 85, 1, NULL, 149, '198211292010122002', 261, '198101242010122001', 'Staf Kasubbag Persuratan Arsip dan Dokumentasi (Nunuk Tri Muranjari, S.Pd.)', '2016-01-20 14:48:27', '2016-01-18 15:07:50', 4),
(162, 85, 1, NULL, 140, '198411232009012003', 261, '198101242010122001', 'Staf Kasubbag Persuratan Arsip dan Dokumentasi (Nunuk Tri Muranjari, S.Pd.)', NULL, '2016-01-18 15:07:50', 4),
(163, 85, 1, NULL, 92, '197305031994121001', 261, '198101242010122001', 'Staf Kasubbag Persuratan Arsip dan Dokumentasi (Nunuk Tri Muranjari, S.Pd.)', NULL, '2016-01-18 15:07:50', 4),
(164, 85, 1, NULL, 104, '197001171991101001', 261, '198101242010122001', 'Staf Kasubbag Persuratan Arsip dan Dokumentasi (Nunuk Tri Muranjari, S.Pd.)', NULL, '2016-01-18 15:07:50', 4),
(165, 85, 1, NULL, NULL, '15441/P', 261, '198101242010122001', 'Staf Kasubbag Persuratan Arsip dan Dokumentasi (Nunuk Tri Muranjari, S.Pd.)', NULL, '2016-01-18 15:07:50', 4),
(166, 85, 1, NULL, NULL, '16592/P', 261, '198101242010122001', 'Staf Kasubbag Persuratan Arsip dan Dokumentasi (Nunuk Tri Muranjari, S.Pd.)', NULL, '2016-01-18 15:07:50', 4),
(167, 85, 1, NULL, NULL, '15980/P', 261, '198101242010122001', 'Staf Kasubbag Persuratan Arsip dan Dokumentasi (Nunuk Tri Muranjari, S.Pd.)', NULL, '2016-01-18 15:07:50', 4),
(168, 85, 1, NULL, NULL, '198012132009011003', 261, '198101242010122001', 'Staf Kasubbag Persuratan Arsip dan Dokumentasi (Nunuk Tri Muranjari, S.Pd.)', NULL, '2016-01-18 15:07:50', 4),
(169, 85, 1, NULL, NULL, '198112222009121001', 261, '198101242010122001', 'Staf Kasubbag Persuratan Arsip dan Dokumentasi (Nunuk Tri Muranjari, S.Pd.)', NULL, '2016-01-18 15:07:50', 4),
(170, 85, 1, NULL, NULL, '197711222009121001', 261, '198101242010122001', 'Staf Kasubbag Persuratan Arsip dan Dokumentasi (Nunuk Tri Muranjari, S.Pd.)', NULL, '2016-01-18 15:07:50', 4),
(171, 85, 1, NULL, NULL, '19485/P', 261, '198101242010122001', 'Staf Kasubbag Persuratan Arsip dan Dokumentasi (Nunuk Tri Muranjari, S.Pd.)', NULL, '2016-01-18 15:07:51', 4),
(172, 85, 1, NULL, NULL, '117225', 261, '198101242010122001', 'Staf Kasubbag Persuratan Arsip dan Dokumentasi (Nunuk Tri Muranjari, S.Pd.)', NULL, '2016-01-18 15:07:51', 4),
(173, 85, 1, NULL, NULL, '115955', 261, '198101242010122001', 'Staf Kasubbag Persuratan Arsip dan Dokumentasi (Nunuk Tri Muranjari, S.Pd.)', NULL, '2016-01-18 15:07:51', 4),
(174, 85, 1, NULL, NULL, '114084', 261, '198101242010122001', 'Staf Kasubbag Persuratan Arsip dan Dokumentasi (Nunuk Tri Muranjari, S.Pd.)', NULL, '2016-01-18 15:07:51', 4),
(175, 85, 1, NULL, NULL, '114963', 261, '198101242010122001', 'Staf Kasubbag Persuratan Arsip dan Dokumentasi (Nunuk Tri Muranjari, S.Pd.)', NULL, '2016-01-18 15:07:51', 4),
(176, 85, 1, NULL, NULL, '81570', 261, '198101242010122001', 'Staf Kasubbag Persuratan Arsip dan Dokumentasi (Nunuk Tri Muranjari, S.Pd.)', NULL, '2016-01-18 15:07:51', 4),
(177, 85, 1, NULL, NULL, '75097', 261, '198101242010122001', 'Staf Kasubbag Persuratan Arsip dan Dokumentasi (Nunuk Tri Muranjari, S.Pd.)', NULL, '2016-01-18 15:07:51', 4),
(178, 85, 1, NULL, NULL, '116011', 261, '198101242010122001', 'Staf Kasubbag Persuratan Arsip dan Dokumentasi (Nunuk Tri Muranjari, S.Pd.)', NULL, '2016-01-18 15:07:51', 4),
(179, 85, 1, NULL, NULL, '115990', 261, '198101242010122001', 'Staf Kasubbag Persuratan Arsip dan Dokumentasi (Nunuk Tri Muranjari, S.Pd.)', NULL, '2016-01-18 15:07:51', 4),
(180, 85, 1, NULL, NULL, '116008', 261, '198101242010122001', 'Staf Kasubbag Persuratan Arsip dan Dokumentasi (Nunuk Tri Muranjari, S.Pd.)', NULL, '2016-01-18 15:07:51', 4),
(181, 85, 1, NULL, NULL, '96177', 261, '198101242010122001', 'Staf Kasubbag Persuratan Arsip dan Dokumentasi (Nunuk Tri Muranjari, S.Pd.)', NULL, '2016-01-18 15:07:51', 4),
(182, 85, 1, NULL, NULL, '98494', 261, '198101242010122001', 'Staf Kasubbag Persuratan Arsip dan Dokumentasi (Nunuk Tri Muranjari, S.Pd.)', NULL, '2016-01-18 15:07:51', 4),
(183, 85, 1, NULL, NULL, '98426', 261, '198101242010122001', 'Staf Kasubbag Persuratan Arsip dan Dokumentasi (Nunuk Tri Muranjari, S.Pd.)', NULL, '2016-01-18 15:07:51', 4),
(184, 85, 1, NULL, NULL, '88954', 261, '198101242010122001', 'Staf Kasubbag Persuratan Arsip dan Dokumentasi (Nunuk Tri Muranjari, S.Pd.)', NULL, '2016-01-18 15:07:51', 4),
(185, 85, 1, NULL, NULL, '106617', 261, '198101242010122001', 'Staf Kasubbag Persuratan Arsip dan Dokumentasi (Nunuk Tri Muranjari, S.Pd.)', NULL, '2016-01-18 15:07:51', 4),
(186, 85, 1, NULL, NULL, '110147', 261, '198101242010122001', 'Staf Kasubbag Persuratan Arsip dan Dokumentasi (Nunuk Tri Muranjari, S.Pd.)', NULL, '2016-01-18 15:07:51', 4),
(187, 85, 1, NULL, NULL, '112539', 261, '198101242010122001', 'Staf Kasubbag Persuratan Arsip dan Dokumentasi (Nunuk Tri Muranjari, S.Pd.)', NULL, '2016-01-18 15:07:51', 4),
(188, 85, 1, NULL, NULL, '108053', 261, '198101242010122001', 'Staf Kasubbag Persuratan Arsip dan Dokumentasi (Nunuk Tri Muranjari, S.Pd.)', NULL, '2016-01-18 15:07:51', 4),
(189, 85, 1, NULL, NULL, '18149/P', 261, '198101242010122001', 'Staf Kasubbag Persuratan Arsip dan Dokumentasi (Nunuk Tri Muranjari, S.Pd.)', NULL, '2016-01-18 15:07:51', 4),
(190, 85, 1, NULL, NULL, '20060/P', 261, '198101242010122001', 'Staf Kasubbag Persuratan Arsip dan Dokumentasi (Nunuk Tri Muranjari, S.Pd.)', NULL, '2016-01-18 15:07:52', 4),
(191, 85, 1, NULL, NULL, '19995/P', 261, '198101242010122001', 'Staf Kasubbag Persuratan Arsip dan Dokumentasi (Nunuk Tri Muranjari, S.Pd.)', NULL, '2016-01-18 15:07:52', 4),
(192, 85, 1, NULL, NULL, '19493/P', 261, '198101242010122001', 'Staf Kasubbag Persuratan Arsip dan Dokumentasi (Nunuk Tri Muranjari, S.Pd.)', NULL, '2016-01-18 15:07:52', 4),
(193, 85, 1, NULL, NULL, '18708/P', 261, '198101242010122001', 'Staf Kasubbag Persuratan Arsip dan Dokumentasi (Nunuk Tri Muranjari, S.Pd.)', NULL, '2016-01-18 15:07:52', 4),
(194, 85, 1, NULL, NULL, '118661', 261, '198101242010122001', 'Staf Kasubbag Persuratan Arsip dan Dokumentasi (Nunuk Tri Muranjari, S.Pd.)', NULL, '2016-01-18 15:07:52', 4),
(195, 85, 1, NULL, NULL, '117216', 261, '198101242010122001', 'Staf Kasubbag Persuratan Arsip dan Dokumentasi (Nunuk Tri Muranjari, S.Pd.)', NULL, '2016-01-18 15:07:52', 4),
(196, 85, 1, NULL, NULL, '117228', 261, '198101242010122001', 'Staf Kasubbag Persuratan Arsip dan Dokumentasi (Nunuk Tri Muranjari, S.Pd.)', NULL, '2016-01-18 15:07:52', 4),
(197, 85, 1, NULL, NULL, '117213', 261, '198101242010122001', 'Staf Kasubbag Persuratan Arsip dan Dokumentasi (Nunuk Tri Muranjari, S.Pd.)', NULL, '2016-01-18 15:07:52', 4),
(198, 85, 1, NULL, NULL, '117215', 261, '198101242010122001', 'Staf Kasubbag Persuratan Arsip dan Dokumentasi (Nunuk Tri Muranjari, S.Pd.)', NULL, '2016-01-18 15:07:52', 4),
(199, 85, 1, NULL, NULL, '117437', 261, '198101242010122001', 'Staf Kasubbag Persuratan Arsip dan Dokumentasi (Nunuk Tri Muranjari, S.Pd.)', NULL, '2016-01-18 15:07:52', 4),
(200, 85, 1, NULL, NULL, '117445', 261, '198101242010122001', 'Staf Kasubbag Persuratan Arsip dan Dokumentasi (Nunuk Tri Muranjari, S.Pd.)', NULL, '2016-01-18 15:07:52', 4),
(201, 85, 1, NULL, NULL, '80472', 261, '198101242010122001', 'Staf Kasubbag Persuratan Arsip dan Dokumentasi (Nunuk Tri Muranjari, S.Pd.)', NULL, '2016-01-18 15:07:52', 4),
(202, 85, 1, NULL, NULL, '117347', 261, '198101242010122001', 'Staf Kasubbag Persuratan Arsip dan Dokumentasi (Nunuk Tri Muranjari, S.Pd.)', NULL, '2016-01-18 15:07:52', 4),
(203, 85, 1, NULL, NULL, '118332', 261, '198101242010122001', 'Staf Kasubbag Persuratan Arsip dan Dokumentasi (Nunuk Tri Muranjari, S.Pd.)', NULL, '2016-01-18 15:07:52', 4),
(204, 85, 1, NULL, NULL, '116059', 261, '198101242010122001', 'Staf Kasubbag Persuratan Arsip dan Dokumentasi (Nunuk Tri Muranjari, S.Pd.)', NULL, '2016-01-18 15:07:52', 4),
(205, 85, 1, NULL, NULL, '116056', 261, '198101242010122001', 'Staf Kasubbag Persuratan Arsip dan Dokumentasi (Nunuk Tri Muranjari, S.Pd.)', NULL, '2016-01-18 15:07:52', 4),
(206, 85, 1, NULL, NULL, '117313', 261, '198101242010122001', 'Staf Kasubbag Persuratan Arsip dan Dokumentasi (Nunuk Tri Muranjari, S.Pd.)', NULL, '2016-01-18 15:07:52', 4),
(207, 85, 1, NULL, NULL, '117194', 261, '198101242010122001', 'Staf Kasubbag Persuratan Arsip dan Dokumentasi (Nunuk Tri Muranjari, S.Pd.)', NULL, '2016-01-18 15:07:52', 4),
(208, 85, 1, NULL, NULL, '117193', 261, '198101242010122001', 'Staf Kasubbag Persuratan Arsip dan Dokumentasi (Nunuk Tri Muranjari, S.Pd.)', NULL, '2016-01-18 15:07:52', 4),
(209, 85, 1, NULL, NULL, '117198', 261, '198101242010122001', 'Staf Kasubbag Persuratan Arsip dan Dokumentasi (Nunuk Tri Muranjari, S.Pd.)', NULL, '2016-01-18 15:07:53', 4),
(210, 85, 1, NULL, NULL, '117248', 261, '198101242010122001', 'Staf Kasubbag Persuratan Arsip dan Dokumentasi (Nunuk Tri Muranjari, S.Pd.)', NULL, '2016-01-18 15:07:53', 4),
(211, 85, 1, NULL, NULL, '117249', 261, '198101242010122001', 'Staf Kasubbag Persuratan Arsip dan Dokumentasi (Nunuk Tri Muranjari, S.Pd.)', NULL, '2016-01-18 15:07:53', 4),
(212, 85, 1, NULL, NULL, '112442', 261, '198101242010122001', 'Staf Kasubbag Persuratan Arsip dan Dokumentasi (Nunuk Tri Muranjari, S.Pd.)', NULL, '2016-01-18 15:07:53', 4),
(213, 85, 1, NULL, NULL, '20428/P', 261, '198101242010122001', 'Staf Kasubbag Persuratan Arsip dan Dokumentasi (Nunuk Tri Muranjari, S.Pd.)', NULL, '2016-01-18 15:07:53', 4),
(214, 85, 1, NULL, NULL, '19193/P', 261, '198101242010122001', 'Staf Kasubbag Persuratan Arsip dan Dokumentasi (Nunuk Tri Muranjari, S.Pd.)', NULL, '2016-01-18 15:07:53', 4),
(215, 85, 1, NULL, NULL, '19991/P', 261, '198101242010122001', 'Staf Kasubbag Persuratan Arsip dan Dokumentasi (Nunuk Tri Muranjari, S.Pd.)', NULL, '2016-01-18 15:07:53', 4),
(216, 85, 1, NULL, NULL, '18705/P', 261, '198101242010122001', 'Staf Kasubbag Persuratan Arsip dan Dokumentasi (Nunuk Tri Muranjari, S.Pd.)', NULL, '2016-01-18 15:07:53', 4),
(217, 85, 1, NULL, NULL, '117227', 261, '198101242010122001', 'Staf Kasubbag Persuratan Arsip dan Dokumentasi (Nunuk Tri Muranjari, S.Pd.)', NULL, '2016-01-18 15:07:53', 4),
(218, 85, 1, NULL, NULL, '115916', 261, '198101242010122001', 'Staf Kasubbag Persuratan Arsip dan Dokumentasi (Nunuk Tri Muranjari, S.Pd.)', NULL, '2016-01-18 15:07:53', 4),
(219, 85, 1, NULL, NULL, '118284', 261, '198101242010122001', 'Staf Kasubbag Persuratan Arsip dan Dokumentasi (Nunuk Tri Muranjari, S.Pd.)', NULL, '2016-01-18 15:07:53', 4),
(220, 85, 1, NULL, NULL, '114858', 261, '198101242010122001', 'Staf Kasubbag Persuratan Arsip dan Dokumentasi (Nunuk Tri Muranjari, S.Pd.)', NULL, '2016-01-18 15:07:53', 4),
(221, 85, 1, NULL, NULL, '115928', 261, '198101242010122001', 'Staf Kasubbag Persuratan Arsip dan Dokumentasi (Nunuk Tri Muranjari, S.Pd.)', NULL, '2016-01-18 15:07:53', 4),
(222, 85, 1, NULL, NULL, '118386', 261, '198101242010122001', 'Staf Kasubbag Persuratan Arsip dan Dokumentasi (Nunuk Tri Muranjari, S.Pd.)', NULL, '2016-01-18 15:07:53', 4),
(223, 85, 1, NULL, NULL, '115971', 261, '198101242010122001', 'Staf Kasubbag Persuratan Arsip dan Dokumentasi (Nunuk Tri Muranjari, S.Pd.)', NULL, '2016-01-18 15:07:53', 4),
(224, 85, 1, NULL, NULL, '118321', 261, '198101242010122001', 'Staf Kasubbag Persuratan Arsip dan Dokumentasi (Nunuk Tri Muranjari, S.Pd.)', NULL, '2016-01-18 15:07:53', 4),
(225, 85, 1, NULL, NULL, '117362', 261, '198101242010122001', 'Staf Kasubbag Persuratan Arsip dan Dokumentasi (Nunuk Tri Muranjari, S.Pd.)', NULL, '2016-01-18 15:07:53', 4),
(226, 85, 1, NULL, NULL, '117306', 261, '198101242010122001', 'Staf Kasubbag Persuratan Arsip dan Dokumentasi (Nunuk Tri Muranjari, S.Pd.)', NULL, '2016-01-18 15:07:53', 4),
(227, 85, 1, NULL, NULL, '117329', 261, '198101242010122001', 'Staf Kasubbag Persuratan Arsip dan Dokumentasi (Nunuk Tri Muranjari, S.Pd.)', NULL, '2016-01-18 15:07:53', 4),
(228, 85, 1, NULL, NULL, '117308', 261, '198101242010122001', 'Staf Kasubbag Persuratan Arsip dan Dokumentasi (Nunuk Tri Muranjari, S.Pd.)', NULL, '2016-01-18 15:07:53', 4),
(229, 85, 1, NULL, NULL, '118273', 261, '198101242010122001', 'Staf Kasubbag Persuratan Arsip dan Dokumentasi (Nunuk Tri Muranjari, S.Pd.)', NULL, '2016-01-18 15:07:54', 4),
(230, 85, 1, NULL, NULL, '118270', 261, '198101242010122001', 'Staf Kasubbag Persuratan Arsip dan Dokumentasi (Nunuk Tri Muranjari, S.Pd.)', NULL, '2016-01-18 15:07:54', 4),
(231, 85, 1, NULL, NULL, '118269', 261, '198101242010122001', 'Staf Kasubbag Persuratan Arsip dan Dokumentasi (Nunuk Tri Muranjari, S.Pd.)', NULL, '2016-01-18 15:07:54', 4),
(232, 85, 1, NULL, NULL, '118300', 261, '198101242010122001', 'Staf Kasubbag Persuratan Arsip dan Dokumentasi (Nunuk Tri Muranjari, S.Pd.)', NULL, '2016-01-18 15:07:54', 4),
(233, 85, 1, NULL, NULL, '118301', 261, '198101242010122001', 'Staf Kasubbag Persuratan Arsip dan Dokumentasi (Nunuk Tri Muranjari, S.Pd.)', NULL, '2016-01-18 15:07:54', 4),
(234, 85, 1, NULL, NULL, '74531', 261, '198101242010122001', 'Staf Kasubbag Persuratan Arsip dan Dokumentasi (Nunuk Tri Muranjari, S.Pd.)', NULL, '2016-01-18 15:07:54', 4),
(235, 85, 1, NULL, NULL, '198802072010121001', 261, '198101242010122001', 'Staf Kasubbag Persuratan Arsip dan Dokumentasi (Nunuk Tri Muranjari, S.Pd.)', NULL, '2016-01-18 15:07:54', 4),
(236, 85, 1, NULL, 241, '198402072015012001', 261, '198101242010122001', 'Staf Kasubbag Persuratan Arsip dan Dokumentasi (Nunuk Tri Muranjari, S.Pd.)', NULL, '2016-01-18 15:07:54', 4),
(237, 85, 1, NULL, 242, '198412172015012001', 261, '198101242010122001', 'Staf Kasubbag Persuratan Arsip dan Dokumentasi (Nunuk Tri Muranjari, S.Pd.)', NULL, '2016-01-18 15:07:54', 4),
(238, 85, 1, NULL, 240, '198910252015011001', 261, '198101242010122001', 'Staf Kasubbag Persuratan Arsip dan Dokumentasi (Nunuk Tri Muranjari, S.Pd.)', NULL, '2016-01-18 15:07:54', 4),
(239, 85, 1, NULL, 290, '198911302015011001', 261, '198101242010122001', 'Staf Kasubbag Persuratan Arsip dan Dokumentasi (Nunuk Tri Muranjari, S.Pd.)', NULL, '2016-01-18 15:07:54', 4),
(240, 85, 1, NULL, 288, '198811292015012001', 261, '198101242010122001', 'Staf Kasubbag Persuratan Arsip dan Dokumentasi (Nunuk Tri Muranjari, S.Pd.)', NULL, '2016-01-18 15:07:54', 4),
(241, 85, 1, NULL, 245, '199201022015012001', 261, '198101242010122001', 'Staf Kasubbag Persuratan Arsip dan Dokumentasi (Nunuk Tri Muranjari, S.Pd.)', NULL, '2016-01-18 15:07:54', 4),
(242, 85, 1, NULL, 235, '199208012015012001', 261, '198101242010122001', 'Staf Kasubbag Persuratan Arsip dan Dokumentasi (Nunuk Tri Muranjari, S.Pd.)', NULL, '2016-01-18 15:07:54', 4),
(243, 85, 1, NULL, 234, '198112272010121002', 261, '198101242010122001', 'Staf Kasubbag Persuratan Arsip dan Dokumentasi (Nunuk Tri Muranjari, S.Pd.)', NULL, '2016-01-18 15:07:54', 4),
(244, 85, 1, NULL, 237, '197411302010122001', 261, '198101242010122001', 'Staf Kasubbag Persuratan Arsip dan Dokumentasi (Nunuk Tri Muranjari, S.Pd.)', '2016-01-19 08:12:04', '2016-01-18 15:07:55', 4),
(245, 85, 1, NULL, 239, '198009122010121001', 261, '198101242010122001', 'Staf Kasubbag Persuratan Arsip dan Dokumentasi (Nunuk Tri Muranjari, S.Pd.)', NULL, '2016-01-18 15:07:55', 4),
(246, 85, 1, NULL, 231, '198301162010121001', 261, '198101242010122001', 'Staf Kasubbag Persuratan Arsip dan Dokumentasi (Nunuk Tri Muranjari, S.Pd.)', '2016-01-19 06:40:20', '2016-01-18 15:07:55', 4),
(247, 85, 1, NULL, NULL, '198306262010121001', 261, '198101242010122001', 'Staf Kasubbag Persuratan Arsip dan Dokumentasi (Nunuk Tri Muranjari, S.Pd.)', NULL, '2016-01-18 15:07:55', 4),
(248, 85, 1, NULL, NULL, '198710272009121001', 261, '198101242010122001', 'Staf Kasubbag Persuratan Arsip dan Dokumentasi (Nunuk Tri Muranjari, S.Pd.)', NULL, '2016-01-18 15:07:55', 4),
(249, 85, 1, NULL, 246, '197111182009121001', 261, '198101242010122001', 'Staf Kasubbag Persuratan Arsip dan Dokumentasi (Nunuk Tri Muranjari, S.Pd.)', NULL, '2016-01-18 15:07:55', 4),
(250, 85, 1, NULL, 236, '198306262010121002', 261, '198101242010122001', 'Staf Kasubbag Persuratan Arsip dan Dokumentasi (Nunuk Tri Muranjari, S.Pd.)', NULL, '2016-01-18 15:07:55', 4),
(251, 85, 1, NULL, NULL, '197810242010121001', 261, '198101242010122001', 'Staf Kasubbag Persuratan Arsip dan Dokumentasi (Nunuk Tri Muranjari, S.Pd.)', NULL, '2016-01-18 15:07:55', 4),
(252, 85, 1, NULL, 263, '3273222704820009', 261, '198101242010122001', 'Staf Kasubbag Persuratan Arsip dan Dokumentasi (Nunuk Tri Muranjari, S.Pd.)', NULL, '2016-01-18 15:07:55', 4),
(253, 85, 1, NULL, 285, '3674020801920007', 261, '198101242010122001', 'Staf Kasubbag Persuratan Arsip dan Dokumentasi (Nunuk Tri Muranjari, S.Pd.)', NULL, '2016-01-18 15:07:55', 4),
(254, 85, 1, NULL, NULL, '198808202015012001', 261, '198101242010122001', 'Staf Kasubbag Persuratan Arsip dan Dokumentasi (Nunuk Tri Muranjari, S.Pd.)', NULL, '2016-01-18 15:07:55', 4),
(255, 85, 1, NULL, NULL, '198512202015012001', 261, '198101242010122001', 'Staf Kasubbag Persuratan Arsip dan Dokumentasi (Nunuk Tri Muranjari, S.Pd.)', NULL, '2016-01-18 15:07:55', 4),
(256, 85, 1, NULL, NULL, '198507252015012001', 261, '198101242010122001', 'Staf Kasubbag Persuratan Arsip dan Dokumentasi (Nunuk Tri Muranjari, S.Pd.)', '2016-01-20 10:20:20', '2016-01-18 15:07:55', 4),
(257, 85, 1, NULL, NULL, '198308172015011001', 261, '198101242010122001', 'Staf Kasubbag Persuratan Arsip dan Dokumentasi (Nunuk Tri Muranjari, S.Pd.)', '2016-01-19 11:03:56', '2016-01-18 15:07:55', 4),
(258, 85, 1, NULL, NULL, '198501062015012001', 261, '198101242010122001', 'Staf Kasubbag Persuratan Arsip dan Dokumentasi (Nunuk Tri Muranjari, S.Pd.)', NULL, '2016-01-18 15:07:55', 4),
(259, 85, 1, NULL, NULL, '198005242015011001', 261, '198101242010122001', 'Staf Kasubbag Persuratan Arsip dan Dokumentasi (Nunuk Tri Muranjari, S.Pd.)', NULL, '2016-01-18 15:07:55', 4),
(260, 85, 1, NULL, NULL, '198209292009121001', 261, '198101242010122001', 'Staf Kasubbag Persuratan Arsip dan Dokumentasi (Nunuk Tri Muranjari, S.Pd.)', NULL, '2016-01-18 15:07:55', 4),
(261, 85, 1, NULL, NULL, '196301201990121001', 261, '198101242010122001', 'Staf Kasubbag Persuratan Arsip dan Dokumentasi (Nunuk Tri Muranjari, S.Pd.)', NULL, '2016-01-18 15:07:55', 4),
(262, 85, 1, NULL, NULL, '197306082009011001', 261, '198101242010122001', 'Staf Kasubbag Persuratan Arsip dan Dokumentasi (Nunuk Tri Muranjari, S.Pd.)', NULL, '2016-01-18 15:07:55', 4),
(263, 85, 1, NULL, 269, '3172061605850002 ', 261, '198101242010122001', 'Staf Kasubbag Persuratan Arsip dan Dokumentasi (Nunuk Tri Muranjari, S.Pd.)', NULL, '2016-01-18 15:07:55', 4),
(264, 85, 1, NULL, NULL, '198304022010121001', 261, '198101242010122001', 'Staf Kasubbag Persuratan Arsip dan Dokumentasi (Nunuk Tri Muranjari, S.Pd.)', NULL, '2016-01-18 15:07:56', 4),
(265, 85, 1, NULL, 264, '3172031209900013', 261, '198101242010122001', 'Staf Kasubbag Persuratan Arsip dan Dokumentasi (Nunuk Tri Muranjari, S.Pd.)', NULL, '2016-01-18 15:07:56', 4),
(266, 85, 1, NULL, NULL, '198312252014021001', 261, '198101242010122001', 'Staf Kasubbag Persuratan Arsip dan Dokumentasi (Nunuk Tri Muranjari, S.Pd.)', NULL, '2016-01-18 15:07:56', 4),
(267, 85, 1, NULL, NULL, '198508042015012001', 261, '198101242010122001', 'Staf Kasubbag Persuratan Arsip dan Dokumentasi (Nunuk Tri Muranjari, S.Pd.)', NULL, '2016-01-18 15:07:56', 4),
(268, 85, 1, NULL, 265, '198810092010121003', 261, '198101242010122001', 'Staf Kasubbag Persuratan Arsip dan Dokumentasi (Nunuk Tri Muranjari, S.Pd.)', NULL, '2016-01-18 15:07:56', 4),
(269, 85, 1, NULL, NULL, '198408302015011001', 261, '198101242010122001', 'Staf Kasubbag Persuratan Arsip dan Dokumentasi (Nunuk Tri Muranjari, S.Pd.)', NULL, '2016-01-18 15:07:56', 4),
(270, 85, 1, NULL, NULL, '198606172009122001', 261, '198101242010122001', 'Staf Kasubbag Persuratan Arsip dan Dokumentasi (Nunuk Tri Muranjari, S.Pd.)', NULL, '2016-01-18 15:07:56', 4),
(271, 85, 1, NULL, NULL, '103674', 261, '198101242010122001', 'Staf Kasubbag Persuratan Arsip dan Dokumentasi (Nunuk Tri Muranjari, S.Pd.)', NULL, '2016-01-18 15:07:56', 4),
(272, 85, 1, NULL, NULL, '198503312009121001', 261, '198101242010122001', 'Staf Kasubbag Persuratan Arsip dan Dokumentasi (Nunuk Tri Muranjari, S.Pd.)', NULL, '2016-01-18 15:07:56', 4),
(273, 85, 1, NULL, NULL, '198206162010121001', 261, '198101242010122001', 'Staf Kasubbag Persuratan Arsip dan Dokumentasi (Nunuk Tri Muranjari, S.Pd.)', NULL, '2016-01-18 15:07:56', 4),
(274, 85, 1, NULL, 267, '199007012010121001', 261, '198101242010122001', 'Staf Kasubbag Persuratan Arsip dan Dokumentasi (Nunuk Tri Muranjari, S.Pd.)', NULL, '2016-01-18 15:07:56', 4),
(275, 85, 1, NULL, NULL, '76923', 261, '198101242010122001', 'Staf Kasubbag Persuratan Arsip dan Dokumentasi (Nunuk Tri Muranjari, S.Pd.)', NULL, '2016-01-18 15:07:56', 4),
(276, 85, 1, NULL, NULL, '198703042010121002', 261, '198101242010122001', 'Staf Kasubbag Persuratan Arsip dan Dokumentasi (Nunuk Tri Muranjari, S.Pd.)', NULL, '2016-01-18 15:07:56', 4);
INSERT INTO `distribusi` (`id`, `id_surat`, `id_distribusi_jenis`, `catatan`, `id_jabatan_penerima`, `username_penerima`, `id_jabatan_pengirim`, `username_pengirim`, `pengirim`, `waktu_dilihat`, `waktu_dibuat`, `tanda`) VALUES
(277, 85, 1, NULL, NULL, '198012242009121001', 261, '198101242010122001', 'Staf Kasubbag Persuratan Arsip dan Dokumentasi (Nunuk Tri Muranjari, S.Pd.)', NULL, '2016-01-18 15:07:56', 4),
(278, 85, 1, NULL, NULL, '104632', 261, '198101242010122001', 'Staf Kasubbag Persuratan Arsip dan Dokumentasi (Nunuk Tri Muranjari, S.Pd.)', NULL, '2016-01-18 15:07:56', 4),
(279, 85, 1, NULL, NULL, '198407082009012001', 261, '198101242010122001', 'Staf Kasubbag Persuratan Arsip dan Dokumentasi (Nunuk Tri Muranjari, S.Pd.)', NULL, '2016-01-18 15:07:56', 4),
(280, 85, 1, NULL, NULL, '198605142015012001', 261, '198101242010122001', 'Staf Kasubbag Persuratan Arsip dan Dokumentasi (Nunuk Tri Muranjari, S.Pd.)', NULL, '2016-01-18 15:07:57', 4),
(281, 85, 1, NULL, NULL, '75088', 261, '198101242010122001', 'Staf Kasubbag Persuratan Arsip dan Dokumentasi (Nunuk Tri Muranjari, S.Pd.)', NULL, '2016-01-18 15:07:57', 4),
(282, 85, 1, NULL, 283, '197908112015011001', 261, '198101242010122001', 'Staf Kasubbag Persuratan Arsip dan Dokumentasi (Nunuk Tri Muranjari, S.Pd.)', NULL, '2016-01-18 15:07:57', 4),
(283, 85, 1, NULL, NULL, '198701102010122001', 261, '198101242010122001', 'Staf Kasubbag Persuratan Arsip dan Dokumentasi (Nunuk Tri Muranjari, S.Pd.)', NULL, '2016-01-18 15:07:57', 4),
(284, 85, 1, NULL, NULL, '199403172014021001', 261, '198101242010122001', 'Staf Kasubbag Persuratan Arsip dan Dokumentasi (Nunuk Tri Muranjari, S.Pd.)', NULL, '2016-01-18 15:07:57', 4),
(285, 85, 1, NULL, NULL, '197908142014021001', 261, '198101242010122001', 'Staf Kasubbag Persuratan Arsip dan Dokumentasi (Nunuk Tri Muranjari, S.Pd.)', NULL, '2016-01-18 15:07:57', 4),
(286, 85, 1, NULL, NULL, '198805142014021001', 261, '198101242010122001', 'Staf Kasubbag Persuratan Arsip dan Dokumentasi (Nunuk Tri Muranjari, S.Pd.)', NULL, '2016-01-18 15:07:57', 4),
(287, 85, 1, NULL, NULL, '197901162015011001', 261, '198101242010122001', 'Staf Kasubbag Persuratan Arsip dan Dokumentasi (Nunuk Tri Muranjari, S.Pd.)', NULL, '2016-01-18 15:07:57', 4),
(288, 85, 1, NULL, NULL, '198403302010121001', 261, '198101242010122001', 'Staf Kasubbag Persuratan Arsip dan Dokumentasi (Nunuk Tri Muranjari, S.Pd.)', NULL, '2016-01-18 15:07:57', 4),
(289, 85, 1, NULL, NULL, '3204285811920006', 261, '198101242010122001', 'Staf Kasubbag Persuratan Arsip dan Dokumentasi (Nunuk Tri Muranjari, S.Pd.)', NULL, '2016-01-18 15:07:57', 4),
(290, 85, 1, NULL, NULL, '197912162009122001', 261, '198101242010122001', 'Staf Kasubbag Persuratan Arsip dan Dokumentasi (Nunuk Tri Muranjari, S.Pd.)', NULL, '2016-01-18 15:07:57', 4),
(291, 85, 1, NULL, NULL, '89744', 261, '198101242010122001', 'Staf Kasubbag Persuratan Arsip dan Dokumentasi (Nunuk Tri Muranjari, S.Pd.)', NULL, '2016-01-18 15:07:57', 4),
(292, 85, 1, NULL, NULL, '198810032010121002', 261, '198101242010122001', 'Staf Kasubbag Persuratan Arsip dan Dokumentasi (Nunuk Tri Muranjari, S.Pd.)', NULL, '2016-01-18 15:07:57', 4),
(293, 85, 1, NULL, NULL, '102574', 261, '198101242010122001', 'Staf Kasubbag Persuratan Arsip dan Dokumentasi (Nunuk Tri Muranjari, S.Pd.)', NULL, '2016-01-18 15:07:57', 4),
(294, 85, 1, NULL, NULL, '197911202015011001', 261, '198101242010122001', 'Staf Kasubbag Persuratan Arsip dan Dokumentasi (Nunuk Tri Muranjari, S.Pd.)', NULL, '2016-01-18 15:07:57', 4),
(295, 85, 1, NULL, NULL, '199108172014021001', 261, '198101242010122001', 'Staf Kasubbag Persuratan Arsip dan Dokumentasi (Nunuk Tri Muranjari, S.Pd.)', NULL, '2016-01-18 15:07:57', 4),
(296, 85, 1, NULL, NULL, '198304222014021001', 261, '198101242010122001', 'Staf Kasubbag Persuratan Arsip dan Dokumentasi (Nunuk Tri Muranjari, S.Pd.)', NULL, '2016-01-18 15:07:57', 4),
(297, 85, 1, NULL, NULL, '199011232014021001', 261, '198101242010122001', 'Staf Kasubbag Persuratan Arsip dan Dokumentasi (Nunuk Tri Muranjari, S.Pd.)', NULL, '2016-01-18 15:07:57', 4),
(298, 85, 1, NULL, NULL, '99429', 261, '198101242010122001', 'Staf Kasubbag Persuratan Arsip dan Dokumentasi (Nunuk Tri Muranjari, S.Pd.)', NULL, '2016-01-18 15:07:57', 4),
(299, 85, 1, NULL, NULL, '197712132010122001', 261, '198101242010122001', 'Staf Kasubbag Persuratan Arsip dan Dokumentasi (Nunuk Tri Muranjari, S.Pd.)', NULL, '2016-01-18 15:07:58', 4),
(300, 85, 1, NULL, NULL, '72018', 261, '198101242010122001', 'Staf Kasubbag Persuratan Arsip dan Dokumentasi (Nunuk Tri Muranjari, S.Pd.)', NULL, '2016-01-18 15:07:58', 4),
(301, 85, 1, NULL, NULL, '198911252015011001', 261, '198101242010122001', 'Staf Kasubbag Persuratan Arsip dan Dokumentasi (Nunuk Tri Muranjari, S.Pd.)', NULL, '2016-01-18 15:07:58', 4),
(302, 85, 1, NULL, NULL, '198707132010121001', 261, '198101242010122001', 'Staf Kasubbag Persuratan Arsip dan Dokumentasi (Nunuk Tri Muranjari, S.Pd.)', NULL, '2016-01-18 15:07:58', 4),
(303, 85, 1, NULL, NULL, '199309252015011001', 261, '198101242010122001', 'Staf Kasubbag Persuratan Arsip dan Dokumentasi (Nunuk Tri Muranjari, S.Pd.)', NULL, '2016-01-18 15:07:58', 4),
(304, 85, 1, NULL, NULL, '197712152014022001', 261, '198101242010122001', 'Staf Kasubbag Persuratan Arsip dan Dokumentasi (Nunuk Tri Muranjari, S.Pd.)', NULL, '2016-01-18 15:07:58', 4),
(305, 85, 1, NULL, NULL, '197807202010121001', 261, '198101242010122001', 'Staf Kasubbag Persuratan Arsip dan Dokumentasi (Nunuk Tri Muranjari, S.Pd.)', NULL, '2016-01-18 15:07:58', 4),
(306, 85, 1, NULL, NULL, '199006302015012001', 261, '198101242010122001', 'Staf Kasubbag Persuratan Arsip dan Dokumentasi (Nunuk Tri Muranjari, S.Pd.)', '2016-01-20 09:48:57', '2016-01-18 15:07:58', 4),
(307, 85, 1, NULL, 153, '198009192009011003', 261, '198101242010122001', 'Staf Kasubbag Persuratan Arsip dan Dokumentasi (Nunuk Tri Muranjari, S.Pd.)', '2016-01-20 09:28:14', '2016-01-18 15:07:58', 4),
(308, 85, 1, NULL, NULL, '197507282009011002', 261, '198101242010122001', 'Staf Kasubbag Persuratan Arsip dan Dokumentasi (Nunuk Tri Muranjari, S.Pd.)', NULL, '2016-01-18 15:07:58', 4),
(309, 85, 1, NULL, NULL, '199106142015012002', 261, '198101242010122001', 'Staf Kasubbag Persuratan Arsip dan Dokumentasi (Nunuk Tri Muranjari, S.Pd.)', NULL, '2016-01-18 15:07:58', 4),
(310, 85, 1, NULL, NULL, '198109172014021001', 261, '198101242010122001', 'Staf Kasubbag Persuratan Arsip dan Dokumentasi (Nunuk Tri Muranjari, S.Pd.)', NULL, '2016-01-18 15:07:58', 4),
(311, 85, 1, NULL, NULL, '199406042014021001', 261, '198101242010122001', 'Staf Kasubbag Persuratan Arsip dan Dokumentasi (Nunuk Tri Muranjari, S.Pd.)', NULL, '2016-01-18 15:07:58', 4),
(312, 85, 1, NULL, NULL, '67626', 261, '198101242010122001', 'Staf Kasubbag Persuratan Arsip dan Dokumentasi (Nunuk Tri Muranjari, S.Pd.)', NULL, '2016-01-18 15:07:58', 4),
(313, 85, 1, NULL, NULL, '197607032009122001', 261, '198101242010122001', 'Staf Kasubbag Persuratan Arsip dan Dokumentasi (Nunuk Tri Muranjari, S.Pd.)', NULL, '2016-01-18 15:07:58', 4),
(314, 85, 1, NULL, 280, '199107152015011001', 261, '198101242010122001', 'Staf Kasubbag Persuratan Arsip dan Dokumentasi (Nunuk Tri Muranjari, S.Pd.)', '2016-01-20 09:43:27', '2016-01-18 15:07:58', 4),
(315, 85, 1, NULL, NULL, '198909012015012002', 261, '198101242010122001', 'Staf Kasubbag Persuratan Arsip dan Dokumentasi (Nunuk Tri Muranjari, S.Pd.)', NULL, '2016-01-18 15:07:58', 4),
(316, 85, 1, NULL, NULL, '198808302015041001', 261, '198101242010122001', 'Staf Kasubbag Persuratan Arsip dan Dokumentasi (Nunuk Tri Muranjari, S.Pd.)', '2016-01-20 09:44:50', '2016-01-18 15:07:58', 4),
(317, 85, 1, NULL, NULL, '197709222014022001', 261, '198101242010122001', 'Staf Kasubbag Persuratan Arsip dan Dokumentasi (Nunuk Tri Muranjari, S.Pd.)', NULL, '2016-01-18 15:07:58', 4),
(318, 85, 1, NULL, 282, '197011042009121001', 261, '198101242010122001', 'Staf Kasubbag Persuratan Arsip dan Dokumentasi (Nunuk Tri Muranjari, S.Pd.)', NULL, '2016-01-18 15:07:58', 4),
(319, 85, 1, NULL, NULL, '198509192015012001', 261, '198101242010122001', 'Staf Kasubbag Persuratan Arsip dan Dokumentasi (Nunuk Tri Muranjari, S.Pd.)', NULL, '2016-01-18 15:07:59', 4),
(320, 85, 1, NULL, 280, '199104282015012001', 261, '198101242010122001', 'Staf Kasubbag Persuratan Arsip dan Dokumentasi (Nunuk Tri Muranjari, S.Pd.)', NULL, '2016-01-18 15:07:59', 4),
(321, 85, 1, NULL, NULL, '198705282014021001', 261, '198101242010122001', 'Staf Kasubbag Persuratan Arsip dan Dokumentasi (Nunuk Tri Muranjari, S.Pd.)', NULL, '2016-01-18 15:07:59', 4),
(322, 85, 1, NULL, 272, '198910252015012001', 261, '198101242010122001', 'Staf Kasubbag Persuratan Arsip dan Dokumentasi (Nunuk Tri Muranjari, S.Pd.)', '2016-01-20 09:12:08', '2016-01-18 15:07:59', 4),
(323, 85, 1, NULL, NULL, '198611122014022001', 261, '198101242010122001', 'Staf Kasubbag Persuratan Arsip dan Dokumentasi (Nunuk Tri Muranjari, S.Pd.)', NULL, '2016-01-18 15:07:59', 4),
(324, 85, 1, NULL, 278, '198510052009011001', 261, '198101242010122001', 'Staf Kasubbag Persuratan Arsip dan Dokumentasi (Nunuk Tri Muranjari, S.Pd.)', NULL, '2016-01-18 15:07:59', 4),
(325, 85, 1, NULL, NULL, '198903162015011001', 261, '198101242010122001', 'Staf Kasubbag Persuratan Arsip dan Dokumentasi (Nunuk Tri Muranjari, S.Pd.)', NULL, '2016-01-18 15:07:59', 4),
(326, 85, 1, NULL, NULL, '198101112009121001', 261, '198101242010122001', 'Staf Kasubbag Persuratan Arsip dan Dokumentasi (Nunuk Tri Muranjari, S.Pd.)', NULL, '2016-01-18 15:07:59', 4),
(327, 85, 1, NULL, NULL, '197907052015012001', 261, '198101242010122001', 'Staf Kasubbag Persuratan Arsip dan Dokumentasi (Nunuk Tri Muranjari, S.Pd.)', '2016-01-20 09:29:48', '2016-01-18 15:07:59', 4),
(328, 85, 1, NULL, NULL, '93924', 261, '198101242010122001', 'Staf Kasubbag Persuratan Arsip dan Dokumentasi (Nunuk Tri Muranjari, S.Pd.)', NULL, '2016-01-18 15:07:59', 4),
(329, 85, 1, NULL, NULL, '94004', 261, '198101242010122001', 'Staf Kasubbag Persuratan Arsip dan Dokumentasi (Nunuk Tri Muranjari, S.Pd.)', NULL, '2016-01-18 15:07:59', 4),
(330, 85, 1, NULL, NULL, '199004182015012002', 261, '198101242010122001', 'Staf Kasubbag Persuratan Arsip dan Dokumentasi (Nunuk Tri Muranjari, S.Pd.)', NULL, '2016-01-18 15:07:59', 4),
(331, 85, 1, NULL, NULL, '197908192008101001', 261, '198101242010122001', 'Staf Kasubbag Persuratan Arsip dan Dokumentasi (Nunuk Tri Muranjari, S.Pd.)', NULL, '2016-01-18 15:07:59', 4),
(332, 85, 1, NULL, 273, '198912312015012001', 261, '198101242010122001', 'Staf Kasubbag Persuratan Arsip dan Dokumentasi (Nunuk Tri Muranjari, S.Pd.)', NULL, '2016-01-18 15:07:59', 4),
(333, 85, 1, NULL, NULL, '199005222014022001', 261, '198101242010122001', 'Staf Kasubbag Persuratan Arsip dan Dokumentasi (Nunuk Tri Muranjari, S.Pd.)', NULL, '2016-01-18 15:07:59', 4),
(334, 85, 1, NULL, NULL, '198511172014021001', 261, '198101242010122001', 'Staf Kasubbag Persuratan Arsip dan Dokumentasi (Nunuk Tri Muranjari, S.Pd.)', NULL, '2016-01-18 15:07:59', 4),
(335, 85, 1, NULL, 276, '197912092014022001', 261, '198101242010122001', 'Staf Kasubbag Persuratan Arsip dan Dokumentasi (Nunuk Tri Muranjari, S.Pd.)', NULL, '2016-01-18 15:07:59', 4),
(336, 85, 1, NULL, 274, '198005252015011001', 261, '198101242010122001', 'Staf Kasubbag Persuratan Arsip dan Dokumentasi (Nunuk Tri Muranjari, S.Pd.)', NULL, '2016-01-18 15:07:59', 4),
(337, 85, 1, NULL, 271, '60289', 261, '198101242010122001', 'Staf Kasubbag Persuratan Arsip dan Dokumentasi (Nunuk Tri Muranjari, S.Pd.)', NULL, '2016-01-18 15:07:59', 4),
(338, 85, 1, NULL, 282, '199101042014072001', 261, '198101242010122001', 'Staf Kasubbag Persuratan Arsip dan Dokumentasi (Nunuk Tri Muranjari, S.Pd.)', NULL, '2016-01-18 15:08:00', 4),
(339, 85, 1, NULL, NULL, '198309242015011001', 261, '198101242010122001', 'Staf Kasubbag Persuratan Arsip dan Dokumentasi (Nunuk Tri Muranjari, S.Pd.)', NULL, '2016-01-18 15:08:00', 4),
(340, 85, 1, NULL, NULL, '11667/P', 261, '198101242010122001', 'Staf Kasubbag Persuratan Arsip dan Dokumentasi (Nunuk Tri Muranjari, S.Pd.)', NULL, '2016-01-18 15:08:00', 4),
(341, 85, 1, NULL, NULL, '15494/P', 261, '198101242010122001', 'Staf Kasubbag Persuratan Arsip dan Dokumentasi (Nunuk Tri Muranjari, S.Pd.)', NULL, '2016-01-18 15:08:00', 4),
(342, 85, 1, NULL, NULL, '198205272009012001', 261, '198101242010122001', 'Staf Kasubbag Persuratan Arsip dan Dokumentasi (Nunuk Tri Muranjari, S.Pd.)', NULL, '2016-01-18 15:08:00', 4),
(343, 85, 1, NULL, NULL, '197911042014022001', 261, '198101242010122001', 'Staf Kasubbag Persuratan Arsip dan Dokumentasi (Nunuk Tri Muranjari, S.Pd.)', NULL, '2016-01-18 15:08:00', 4),
(344, 85, 1, NULL, 287, '197601172010122001', 261, '198101242010122001', 'Staf Kasubbag Persuratan Arsip dan Dokumentasi (Nunuk Tri Muranjari, S.Pd.)', NULL, '2016-01-18 15:08:00', 4),
(345, 85, 1, NULL, 261, '198101242010122001', 261, '198101242010122001', 'Staf Kasubbag Persuratan Arsip dan Dokumentasi (Nunuk Tri Muranjari, S.Pd.)', '2016-01-18 15:29:54', '2016-01-18 15:08:00', 4),
(346, 85, 1, NULL, NULL, '17727/P', 261, '198101242010122001', 'Staf Kasubbag Persuratan Arsip dan Dokumentasi (Nunuk Tri Muranjari, S.Pd.)', NULL, '2016-01-18 15:08:00', 4),
(347, 85, 1, NULL, NULL, '15961/P', 261, '198101242010122001', 'Staf Kasubbag Persuratan Arsip dan Dokumentasi (Nunuk Tri Muranjari, S.Pd.)', NULL, '2016-01-18 15:08:00', 4),
(348, 85, 1, NULL, NULL, '16089/P', 261, '198101242010122001', 'Staf Kasubbag Persuratan Arsip dan Dokumentasi (Nunuk Tri Muranjari, S.Pd.)', NULL, '2016-01-18 15:08:00', 4),
(349, 85, 1, NULL, NULL, '16005/P', 261, '198101242010122001', 'Staf Kasubbag Persuratan Arsip dan Dokumentasi (Nunuk Tri Muranjari, S.Pd.)', NULL, '2016-01-18 15:08:00', 4),
(350, 85, 1, NULL, NULL, '5371015901950002', 261, '198101242010122001', 'Staf Kasubbag Persuratan Arsip dan Dokumentasi (Nunuk Tri Muranjari, S.Pd.)', NULL, '2016-01-18 15:08:00', 4),
(351, 85, 1, NULL, NULL, '99589', 261, '198101242010122001', 'Staf Kasubbag Persuratan Arsip dan Dokumentasi (Nunuk Tri Muranjari, S.Pd.)', NULL, '2016-01-18 15:08:00', 4),
(352, 85, 1, NULL, NULL, '94897', 261, '198101242010122001', 'Staf Kasubbag Persuratan Arsip dan Dokumentasi (Nunuk Tri Muranjari, S.Pd.)', NULL, '2016-01-18 15:08:00', 4),
(353, 85, 1, NULL, 247, '111606', 261, '198101242010122001', 'Staf Kasubbag Persuratan Arsip dan Dokumentasi (Nunuk Tri Muranjari, S.Pd.)', NULL, '2016-01-18 15:08:00', 4),
(354, 85, 1, NULL, NULL, '93124', 261, '198101242010122001', 'Staf Kasubbag Persuratan Arsip dan Dokumentasi (Nunuk Tri Muranjari, S.Pd.)', NULL, '2016-01-18 15:08:00', 4),
(355, 85, 1, NULL, NULL, '114483', 261, '198101242010122001', 'Staf Kasubbag Persuratan Arsip dan Dokumentasi (Nunuk Tri Muranjari, S.Pd.)', NULL, '2016-01-18 15:08:00', 4),
(356, 85, 1, NULL, NULL, '103226', 261, '198101242010122001', 'Staf Kasubbag Persuratan Arsip dan Dokumentasi (Nunuk Tri Muranjari, S.Pd.)', NULL, '2016-01-18 15:08:01', 4),
(357, 85, 1, NULL, NULL, '84641', 261, '198101242010122001', 'Staf Kasubbag Persuratan Arsip dan Dokumentasi (Nunuk Tri Muranjari, S.Pd.)', NULL, '2016-01-18 15:08:01', 4),
(358, 85, 1, NULL, NULL, '96818', 261, '198101242010122001', 'Staf Kasubbag Persuratan Arsip dan Dokumentasi (Nunuk Tri Muranjari, S.Pd.)', NULL, '2016-01-18 15:08:01', 4),
(359, 85, 1, NULL, NULL, '85279', 261, '198101242010122001', 'Staf Kasubbag Persuratan Arsip dan Dokumentasi (Nunuk Tri Muranjari, S.Pd.)', NULL, '2016-01-18 15:08:01', 4),
(360, 85, 1, NULL, NULL, '88136', 261, '198101242010122001', 'Staf Kasubbag Persuratan Arsip dan Dokumentasi (Nunuk Tri Muranjari, S.Pd.)', NULL, '2016-01-18 15:08:01', 4),
(361, 85, 1, NULL, NULL, '95369', 261, '198101242010122001', 'Staf Kasubbag Persuratan Arsip dan Dokumentasi (Nunuk Tri Muranjari, S.Pd.)', NULL, '2016-01-18 15:08:01', 4),
(362, 85, 1, NULL, NULL, '105864', 261, '198101242010122001', 'Staf Kasubbag Persuratan Arsip dan Dokumentasi (Nunuk Tri Muranjari, S.Pd.)', NULL, '2016-01-18 15:08:01', 4),
(363, 85, 1, NULL, 261, '199007162010121002', 261, '198101242010122001', 'Staf Kasubbag Persuratan Arsip dan Dokumentasi (Nunuk Tri Muranjari, S.Pd.)', '2016-01-18 15:28:50', '2016-01-18 15:08:01', 4),
(364, 85, 1, NULL, NULL, '198906302010122001', 261, '198101242010122001', 'Staf Kasubbag Persuratan Arsip dan Dokumentasi (Nunuk Tri Muranjari, S.Pd.)', NULL, '2016-01-18 15:08:01', 4),
(365, 85, 1, NULL, NULL, '198102222010121001', 261, '198101242010122001', 'Staf Kasubbag Persuratan Arsip dan Dokumentasi (Nunuk Tri Muranjari, S.Pd.)', NULL, '2016-01-18 15:08:01', 4),
(366, 85, 1, NULL, NULL, '197503152009121001', 261, '198101242010122001', 'Staf Kasubbag Persuratan Arsip dan Dokumentasi (Nunuk Tri Muranjari, S.Pd.)', NULL, '2016-01-18 15:08:01', 4),
(367, 85, 1, NULL, NULL, '198507272010121001', 261, '198101242010122001', 'Staf Kasubbag Persuratan Arsip dan Dokumentasi (Nunuk Tri Muranjari, S.Pd.)', NULL, '2016-01-18 15:08:01', 4),
(368, 85, 1, NULL, NULL, '198511202009012001', 261, '198101242010122001', 'Staf Kasubbag Persuratan Arsip dan Dokumentasi (Nunuk Tri Muranjari, S.Pd.)', NULL, '2016-01-18 15:08:01', 4),
(369, 85, 1, NULL, NULL, '198205102010122001', 261, '198101242010122001', 'Staf Kasubbag Persuratan Arsip dan Dokumentasi (Nunuk Tri Muranjari, S.Pd.)', NULL, '2016-01-18 15:08:01', 4),
(370, 85, 1, NULL, NULL, '198303222010121002', 261, '198101242010122001', 'Staf Kasubbag Persuratan Arsip dan Dokumentasi (Nunuk Tri Muranjari, S.Pd.)', NULL, '2016-01-18 15:08:01', 4),
(371, 85, 1, NULL, NULL, '198402112010121001', 261, '198101242010122001', 'Staf Kasubbag Persuratan Arsip dan Dokumentasi (Nunuk Tri Muranjari, S.Pd.)', NULL, '2016-01-18 15:08:01', 4),
(372, 85, 1, NULL, NULL, '197406022009121001', 261, '198101242010122001', 'Staf Kasubbag Persuratan Arsip dan Dokumentasi (Nunuk Tri Muranjari, S.Pd.)', NULL, '2016-01-18 15:08:01', 4),
(373, 85, 1, NULL, NULL, '198405282010121004', 261, '198101242010122001', 'Staf Kasubbag Persuratan Arsip dan Dokumentasi (Nunuk Tri Muranjari, S.Pd.)', NULL, '2016-01-18 15:08:01', 4),
(374, 85, 1, NULL, 261, '198402292009122001', 261, '198101242010122001', 'Staf Kasubbag Persuratan Arsip dan Dokumentasi (Nunuk Tri Muranjari, S.Pd.)', '2016-01-18 15:10:30', '2016-01-18 15:08:01', 4),
(375, 85, 1, NULL, NULL, '198604012010121002', 261, '198101242010122001', 'Staf Kasubbag Persuratan Arsip dan Dokumentasi (Nunuk Tri Muranjari, S.Pd.)', NULL, '2016-01-18 15:08:02', 4),
(376, 85, 1, NULL, NULL, '75682', 261, '198101242010122001', 'Staf Kasubbag Persuratan Arsip dan Dokumentasi (Nunuk Tri Muranjari, S.Pd.)', NULL, '2016-01-18 15:08:02', 4),
(377, 85, 1, NULL, NULL, '198803182009121001', 261, '198101242010122001', 'Staf Kasubbag Persuratan Arsip dan Dokumentasi (Nunuk Tri Muranjari, S.Pd.)', NULL, '2016-01-18 15:08:02', 4),
(378, 85, 1, NULL, NULL, '197012182009121001', 261, '198101242010122001', 'Staf Kasubbag Persuratan Arsip dan Dokumentasi (Nunuk Tri Muranjari, S.Pd.)', NULL, '2016-01-18 15:08:02', 4),
(379, 85, 1, NULL, NULL, '198810172010121001', 261, '198101242010122001', 'Staf Kasubbag Persuratan Arsip dan Dokumentasi (Nunuk Tri Muranjari, S.Pd.)', NULL, '2016-01-18 15:08:02', 4),
(380, 85, 1, NULL, NULL, '197103072009121001', 261, '198101242010122001', 'Staf Kasubbag Persuratan Arsip dan Dokumentasi (Nunuk Tri Muranjari, S.Pd.)', NULL, '2016-01-18 15:08:02', 4),
(381, 85, 1, NULL, NULL, '198407062010121002', 261, '198101242010122001', 'Staf Kasubbag Persuratan Arsip dan Dokumentasi (Nunuk Tri Muranjari, S.Pd.)', NULL, '2016-01-18 15:08:02', 4),
(382, 85, 1, NULL, NULL, '197712052009121001', 261, '198101242010122001', 'Staf Kasubbag Persuratan Arsip dan Dokumentasi (Nunuk Tri Muranjari, S.Pd.)', NULL, '2016-01-18 15:08:02', 4),
(383, 85, 1, NULL, NULL, '197104182009121001', 261, '198101242010122001', 'Staf Kasubbag Persuratan Arsip dan Dokumentasi (Nunuk Tri Muranjari, S.Pd.)', NULL, '2016-01-18 15:08:02', 4),
(384, 85, 1, NULL, NULL, '198104152010122001', 261, '198101242010122001', 'Staf Kasubbag Persuratan Arsip dan Dokumentasi (Nunuk Tri Muranjari, S.Pd.)', NULL, '2016-01-18 15:08:02', 4),
(385, 85, 1, NULL, NULL, '198501172009121001', 261, '198101242010122001', 'Staf Kasubbag Persuratan Arsip dan Dokumentasi (Nunuk Tri Muranjari, S.Pd.)', NULL, '2016-01-18 15:08:02', 4),
(386, 85, 1, NULL, NULL, '198111232010121001', 261, '198101242010122001', 'Staf Kasubbag Persuratan Arsip dan Dokumentasi (Nunuk Tri Muranjari, S.Pd.)', NULL, '2016-01-18 15:08:02', 4),
(387, 85, 1, NULL, NULL, '197804042009121001', 261, '198101242010122001', 'Staf Kasubbag Persuratan Arsip dan Dokumentasi (Nunuk Tri Muranjari, S.Pd.)', NULL, '2016-01-18 15:08:02', 4),
(388, 85, 1, NULL, NULL, '198503212010121002', 261, '198101242010122001', 'Staf Kasubbag Persuratan Arsip dan Dokumentasi (Nunuk Tri Muranjari, S.Pd.)', NULL, '2016-01-18 15:08:02', 4),
(389, 85, 1, NULL, NULL, '100508', 261, '198101242010122001', 'Staf Kasubbag Persuratan Arsip dan Dokumentasi (Nunuk Tri Muranjari, S.Pd.)', NULL, '2016-01-18 15:08:02', 4),
(390, 85, 1, NULL, NULL, '197909022010121001', 261, '198101242010122001', 'Staf Kasubbag Persuratan Arsip dan Dokumentasi (Nunuk Tri Muranjari, S.Pd.)', NULL, '2016-01-18 15:08:02', 4),
(391, 85, 1, NULL, 243, '199102022015012001', 261, '198101242010122001', 'Staf Kasubbag Persuratan Arsip dan Dokumentasi (Nunuk Tri Muranjari, S.Pd.)', NULL, '2016-01-18 15:08:02', 4),
(392, 85, 1, NULL, NULL, '198602252010121002', 261, '198101242010122001', 'Staf Kasubbag Persuratan Arsip dan Dokumentasi (Nunuk Tri Muranjari, S.Pd.)', NULL, '2016-01-18 15:08:02', 4),
(393, 85, 1, NULL, 271, '197010072009011001', 261, '198101242010122001', 'Staf Kasubbag Persuratan Arsip dan Dokumentasi (Nunuk Tri Muranjari, S.Pd.)', NULL, '2016-01-18 15:08:03', 4),
(394, 85, 1, NULL, NULL, '198502202014021001', 261, '198101242010122001', 'Staf Kasubbag Persuratan Arsip dan Dokumentasi (Nunuk Tri Muranjari, S.Pd.)', NULL, '2016-01-18 15:08:03', 4),
(395, 85, 1, NULL, NULL, '198210142010121001', 261, '198101242010122001', 'Staf Kasubbag Persuratan Arsip dan Dokumentasi (Nunuk Tri Muranjari, S.Pd.)', NULL, '2016-01-18 15:08:03', 4),
(396, 85, 1, NULL, NULL, '198706272009121001', 261, '198101242010122001', 'Staf Kasubbag Persuratan Arsip dan Dokumentasi (Nunuk Tri Muranjari, S.Pd.)', NULL, '2016-01-18 15:08:03', 4),
(397, 85, 1, NULL, NULL, '197412022009011002', 261, '198101242010122001', 'Staf Kasubbag Persuratan Arsip dan Dokumentasi (Nunuk Tri Muranjari, S.Pd.)', NULL, '2016-01-18 15:08:03', 4),
(398, 85, 1, NULL, NULL, '198609122010121001', 261, '198101242010122001', 'Staf Kasubbag Persuratan Arsip dan Dokumentasi (Nunuk Tri Muranjari, S.Pd.)', NULL, '2016-01-18 15:08:03', 4),
(399, 85, 1, NULL, 278, '198701092010121004', 261, '198101242010122001', 'Staf Kasubbag Persuratan Arsip dan Dokumentasi (Nunuk Tri Muranjari, S.Pd.)', NULL, '2016-01-18 15:08:03', 4),
(400, 85, 1, NULL, NULL, '199007172014021001', 261, '198101242010122001', 'Staf Kasubbag Persuratan Arsip dan Dokumentasi (Nunuk Tri Muranjari, S.Pd.)', NULL, '2016-01-18 15:08:03', 4),
(401, 85, 1, NULL, 282, '198011072015011001', 261, '198101242010122001', 'Staf Kasubbag Persuratan Arsip dan Dokumentasi (Nunuk Tri Muranjari, S.Pd.)', NULL, '2016-01-18 15:08:03', 4),
(402, 85, 1, NULL, NULL, '198506112014021001', 261, '198101242010122001', 'Staf Kasubbag Persuratan Arsip dan Dokumentasi (Nunuk Tri Muranjari, S.Pd.)', NULL, '2016-01-18 15:08:03', 4),
(403, 85, 1, NULL, NULL, '197809142015011001', 261, '198101242010122001', 'Staf Kasubbag Persuratan Arsip dan Dokumentasi (Nunuk Tri Muranjari, S.Pd.)', NULL, '2016-01-18 15:08:03', 4),
(404, 85, 1, NULL, NULL, '199111212014022001', 261, '198101242010122001', 'Staf Kasubbag Persuratan Arsip dan Dokumentasi (Nunuk Tri Muranjari, S.Pd.)', NULL, '2016-01-18 15:08:03', 4),
(405, 85, 1, NULL, 261, '199309132014021001', 261, '198101242010122001', 'Staf Kasubbag Persuratan Arsip dan Dokumentasi (Nunuk Tri Muranjari, S.Pd.)', NULL, '2016-01-18 15:08:03', 4),
(406, 85, 1, NULL, NULL, '198107012015011001', 261, '198101242010122001', 'Staf Kasubbag Persuratan Arsip dan Dokumentasi (Nunuk Tri Muranjari, S.Pd.)', NULL, '2016-01-18 15:08:03', 4),
(407, 85, 1, NULL, NULL, '197606112014021001', 261, '198101242010122001', 'Staf Kasubbag Persuratan Arsip dan Dokumentasi (Nunuk Tri Muranjari, S.Pd.)', NULL, '2016-01-18 15:08:03', 4),
(408, 85, 1, NULL, NULL, '83144', 261, '198101242010122001', 'Staf Kasubbag Persuratan Arsip dan Dokumentasi (Nunuk Tri Muranjari, S.Pd.)', NULL, '2016-01-18 15:08:03', 4),
(409, 85, 1, NULL, NULL, '199211052015011001', 261, '198101242010122001', 'Staf Kasubbag Persuratan Arsip dan Dokumentasi (Nunuk Tri Muranjari, S.Pd.)', '2016-01-20 10:18:46', '2016-01-18 15:08:03', 4),
(410, 85, 1, NULL, NULL, '198809012015011001', 261, '198101242010122001', 'Staf Kasubbag Persuratan Arsip dan Dokumentasi (Nunuk Tri Muranjari, S.Pd.)', NULL, '2016-01-18 15:08:03', 4),
(411, 85, 1, NULL, NULL, '198809102015011001', 261, '198101242010122001', 'Staf Kasubbag Persuratan Arsip dan Dokumentasi (Nunuk Tri Muranjari, S.Pd.)', NULL, '2016-01-18 15:08:03', 4),
(412, 85, 1, NULL, NULL, '198605202015011001', 261, '198101242010122001', 'Staf Kasubbag Persuratan Arsip dan Dokumentasi (Nunuk Tri Muranjari, S.Pd.)', NULL, '2016-01-18 15:08:03', 4),
(413, 85, 1, NULL, NULL, '198111262015011001', 261, '198101242010122001', 'Staf Kasubbag Persuratan Arsip dan Dokumentasi (Nunuk Tri Muranjari, S.Pd.)', NULL, '2016-01-18 15:08:04', 4),
(414, 85, 1, NULL, NULL, '199112232015011001', 261, '198101242010122001', 'Staf Kasubbag Persuratan Arsip dan Dokumentasi (Nunuk Tri Muranjari, S.Pd.)', NULL, '2016-01-18 15:08:04', 4),
(415, 85, 1, NULL, NULL, '199404232015011001', 261, '198101242010122001', 'Staf Kasubbag Persuratan Arsip dan Dokumentasi (Nunuk Tri Muranjari, S.Pd.)', NULL, '2016-01-18 15:08:04', 4),
(416, 85, 1, NULL, 238, '198408152015011001', 261, '198101242010122001', 'Staf Kasubbag Persuratan Arsip dan Dokumentasi (Nunuk Tri Muranjari, S.Pd.)', '2016-01-19 09:01:13', '2016-01-18 15:08:04', 4),
(417, 85, 1, NULL, NULL, '199307212015011001', 261, '198101242010122001', 'Staf Kasubbag Persuratan Arsip dan Dokumentasi (Nunuk Tri Muranjari, S.Pd.)', NULL, '2016-01-18 15:08:04', 4),
(418, 85, 1, NULL, NULL, '197711062014021001', 261, '198101242010122001', 'Staf Kasubbag Persuratan Arsip dan Dokumentasi (Nunuk Tri Muranjari, S.Pd.)', NULL, '2016-01-18 15:08:04', 4),
(419, 85, 1, NULL, 277, '198211162015011001', 261, '198101242010122001', 'Staf Kasubbag Persuratan Arsip dan Dokumentasi (Nunuk Tri Muranjari, S.Pd.)', NULL, '2016-01-18 15:08:04', 4),
(420, 85, 1, NULL, 249, '198003172015011001', 261, '198101242010122001', 'Staf Kasubbag Persuratan Arsip dan Dokumentasi (Nunuk Tri Muranjari, S.Pd.)', NULL, '2016-01-18 15:08:04', 4),
(421, 85, 1, NULL, NULL, '198903152015012001', 261, '198101242010122001', 'Staf Kasubbag Persuratan Arsip dan Dokumentasi (Nunuk Tri Muranjari, S.Pd.)', NULL, '2016-01-18 15:08:04', 4),
(422, 85, 1, NULL, NULL, '198001272015011001', 261, '198101242010122001', 'Staf Kasubbag Persuratan Arsip dan Dokumentasi (Nunuk Tri Muranjari, S.Pd.)', NULL, '2016-01-18 15:08:04', 4),
(423, 85, 1, NULL, NULL, '199110072014021001', 261, '198101242010122001', 'Staf Kasubbag Persuratan Arsip dan Dokumentasi (Nunuk Tri Muranjari, S.Pd.)', NULL, '2016-01-18 15:08:04', 4),
(424, 85, 1, NULL, NULL, '199203082010121001', 261, '198101242010122001', 'Staf Kasubbag Persuratan Arsip dan Dokumentasi (Nunuk Tri Muranjari, S.Pd.)', NULL, '2016-01-18 15:08:04', 4),
(425, 85, 1, NULL, NULL, '197608082014021001', 261, '198101242010122001', 'Staf Kasubbag Persuratan Arsip dan Dokumentasi (Nunuk Tri Muranjari, S.Pd.)', NULL, '2016-01-18 15:08:04', 4),
(426, 85, 1, NULL, NULL, '198601142014021001', 261, '198101242010122001', 'Staf Kasubbag Persuratan Arsip dan Dokumentasi (Nunuk Tri Muranjari, S.Pd.)', NULL, '2016-01-18 15:08:04', 4),
(427, 85, 1, NULL, NULL, '199304182015011001', 261, '198101242010122001', 'Staf Kasubbag Persuratan Arsip dan Dokumentasi (Nunuk Tri Muranjari, S.Pd.)', NULL, '2016-01-18 15:08:04', 4),
(428, 85, 1, NULL, NULL, '198709012015011001', 261, '198101242010122001', 'Staf Kasubbag Persuratan Arsip dan Dokumentasi (Nunuk Tri Muranjari, S.Pd.)', NULL, '2016-01-18 15:08:05', 4),
(429, 85, 1, NULL, NULL, '198312282015011001', 261, '198101242010122001', 'Staf Kasubbag Persuratan Arsip dan Dokumentasi (Nunuk Tri Muranjari, S.Pd.)', NULL, '2016-01-18 15:08:05', 4),
(430, 85, 1, NULL, NULL, '78755', 261, '198101242010122001', 'Staf Kasubbag Persuratan Arsip dan Dokumentasi (Nunuk Tri Muranjari, S.Pd.)', NULL, '2016-01-18 15:08:05', 4),
(431, 85, 1, NULL, NULL, '199503182015011001', 261, '198101242010122001', 'Staf Kasubbag Persuratan Arsip dan Dokumentasi (Nunuk Tri Muranjari, S.Pd.)', NULL, '2016-01-18 15:08:05', 4),
(432, 85, 1, NULL, NULL, '199511042015011001', 261, '198101242010122001', 'Staf Kasubbag Persuratan Arsip dan Dokumentasi (Nunuk Tri Muranjari, S.Pd.)', NULL, '2016-01-18 15:08:05', 4),
(433, 85, 1, NULL, NULL, '198105202015011001', 261, '198101242010122001', 'Staf Kasubbag Persuratan Arsip dan Dokumentasi (Nunuk Tri Muranjari, S.Pd.)', NULL, '2016-01-18 15:08:05', 4),
(434, 85, 1, NULL, NULL, '74200', 261, '198101242010122001', 'Staf Kasubbag Persuratan Arsip dan Dokumentasi (Nunuk Tri Muranjari, S.Pd.)', NULL, '2016-01-18 15:08:05', 4),
(435, 85, 1, NULL, NULL, '198911102015011001', 261, '198101242010122001', 'Staf Kasubbag Persuratan Arsip dan Dokumentasi (Nunuk Tri Muranjari, S.Pd.)', NULL, '2016-01-18 15:08:05', 4),
(436, 85, 1, NULL, 256, '198408282015011001', 261, '198101242010122001', 'Staf Kasubbag Persuratan Arsip dan Dokumentasi (Nunuk Tri Muranjari, S.Pd.)', NULL, '2016-01-18 15:08:05', 4),
(437, 85, 1, NULL, NULL, '198704102014021001', 261, '198101242010122001', 'Staf Kasubbag Persuratan Arsip dan Dokumentasi (Nunuk Tri Muranjari, S.Pd.)', NULL, '2016-01-18 15:08:05', 4),
(438, 85, 1, NULL, 200, '198311052015011001', 261, '198101242010122001', 'Staf Kasubbag Persuratan Arsip dan Dokumentasi (Nunuk Tri Muranjari, S.Pd.)', NULL, '2016-01-18 15:08:05', 4),
(439, 85, 1, NULL, NULL, '198403032015011001', 261, '198101242010122001', 'Staf Kasubbag Persuratan Arsip dan Dokumentasi (Nunuk Tri Muranjari, S.Pd.)', NULL, '2016-01-18 15:08:05', 4),
(440, 85, 1, NULL, NULL, '199107162015011001', 261, '198101242010122001', 'Staf Kasubbag Persuratan Arsip dan Dokumentasi (Nunuk Tri Muranjari, S.Pd.)', NULL, '2016-01-18 15:08:05', 4),
(441, 85, 1, NULL, NULL, '199306132014021001', 261, '198101242010122001', 'Staf Kasubbag Persuratan Arsip dan Dokumentasi (Nunuk Tri Muranjari, S.Pd.)', NULL, '2016-01-18 15:08:05', 4),
(442, 85, 1, NULL, 251, '198602232015011001', 261, '198101242010122001', 'Staf Kasubbag Persuratan Arsip dan Dokumentasi (Nunuk Tri Muranjari, S.Pd.)', NULL, '2016-01-18 15:08:05', 4),
(443, 85, 1, NULL, 250, '198811292015011001', 261, '198101242010122001', 'Staf Kasubbag Persuratan Arsip dan Dokumentasi (Nunuk Tri Muranjari, S.Pd.)', NULL, '2016-01-18 15:08:05', 4),
(444, 85, 1, NULL, NULL, '199102252015011001', 261, '198101242010122001', 'Staf Kasubbag Persuratan Arsip dan Dokumentasi (Nunuk Tri Muranjari, S.Pd.)', NULL, '2016-01-18 15:08:05', 4),
(445, 85, 1, NULL, 279, '198205182015011001', 261, '198101242010122001', 'Staf Kasubbag Persuratan Arsip dan Dokumentasi (Nunuk Tri Muranjari, S.Pd.)', NULL, '2016-01-18 15:08:05', 4),
(446, 85, 1, NULL, NULL, '198709252015011001', 261, '198101242010122001', 'Staf Kasubbag Persuratan Arsip dan Dokumentasi (Nunuk Tri Muranjari, S.Pd.)', NULL, '2016-01-18 15:08:05', 4),
(447, 85, 1, NULL, 281, '198908222015011001', 261, '198101242010122001', 'Staf Kasubbag Persuratan Arsip dan Dokumentasi (Nunuk Tri Muranjari, S.Pd.)', NULL, '2016-01-18 15:08:06', 4),
(448, 85, 1, NULL, NULL, '198910182014022002', 261, '198101242010122001', 'Staf Kasubbag Persuratan Arsip dan Dokumentasi (Nunuk Tri Muranjari, S.Pd.)', NULL, '2016-01-18 15:08:06', 4),
(449, 85, 1, NULL, NULL, '198002062015011001', 261, '198101242010122001', 'Staf Kasubbag Persuratan Arsip dan Dokumentasi (Nunuk Tri Muranjari, S.Pd.)', NULL, '2016-01-18 15:08:06', 4),
(450, 85, 1, NULL, NULL, '198307192015011001', 261, '198101242010122001', 'Staf Kasubbag Persuratan Arsip dan Dokumentasi (Nunuk Tri Muranjari, S.Pd.)', NULL, '2016-01-18 15:08:06', 4),
(451, 85, 1, NULL, 244, '3201070108850006', 261, '198101242010122001', 'Staf Kasubbag Persuratan Arsip dan Dokumentasi (Nunuk Tri Muranjari, S.Pd.)', NULL, '2016-01-18 15:08:06', 4),
(452, 85, 1, NULL, NULL, '198601042015011001', 261, '198101242010122001', 'Staf Kasubbag Persuratan Arsip dan Dokumentasi (Nunuk Tri Muranjari, S.Pd.)', NULL, '2016-01-18 15:08:06', 4),
(453, 85, 1, NULL, NULL, '198109192015011001', 261, '198101242010122001', 'Staf Kasubbag Persuratan Arsip dan Dokumentasi (Nunuk Tri Muranjari, S.Pd.)', '2016-01-20 10:17:16', '2016-01-18 15:08:06', 4),
(454, 85, 1, NULL, NULL, '198412272015011001', 261, '198101242010122001', 'Staf Kasubbag Persuratan Arsip dan Dokumentasi (Nunuk Tri Muranjari, S.Pd.)', NULL, '2016-01-18 15:08:06', 4),
(455, 85, 1, NULL, NULL, '198902242015011001', 261, '198101242010122001', 'Staf Kasubbag Persuratan Arsip dan Dokumentasi (Nunuk Tri Muranjari, S.Pd.)', NULL, '2016-01-18 15:08:06', 4),
(456, 85, 1, NULL, NULL, '91534', 261, '198101242010122001', 'Staf Kasubbag Persuratan Arsip dan Dokumentasi (Nunuk Tri Muranjari, S.Pd.)', NULL, '2016-01-18 15:08:06', 4),
(457, 85, 1, NULL, NULL, '199105292015011001', 261, '198101242010122001', 'Staf Kasubbag Persuratan Arsip dan Dokumentasi (Nunuk Tri Muranjari, S.Pd.)', NULL, '2016-01-18 15:08:06', 4),
(458, 85, 1, NULL, NULL, '198906192015011001', 261, '198101242010122001', 'Staf Kasubbag Persuratan Arsip dan Dokumentasi (Nunuk Tri Muranjari, S.Pd.)', NULL, '2016-01-18 15:08:06', 4),
(459, 85, 1, NULL, NULL, '198408302009122001', 261, '198101242010122001', 'Staf Kasubbag Persuratan Arsip dan Dokumentasi (Nunuk Tri Muranjari, S.Pd.)', NULL, '2016-01-18 15:08:06', 4),
(460, 85, 1, NULL, NULL, '12691/P', 261, '198101242010122001', 'Staf Kasubbag Persuratan Arsip dan Dokumentasi (Nunuk Tri Muranjari, S.Pd.)', NULL, '2016-01-18 15:08:06', 4),
(461, 85, 1, NULL, 247, '3515071810940002', 261, '198101242010122001', 'Staf Kasubbag Persuratan Arsip dan Dokumentasi (Nunuk Tri Muranjari, S.Pd.)', '2016-01-20 10:09:58', '2016-01-18 15:08:06', 4),
(462, 85, 1, NULL, NULL, '12467/P', 261, '198101242010122001', 'Staf Kasubbag Persuratan Arsip dan Dokumentasi (Nunuk Tri Muranjari, S.Pd.)', NULL, '2016-01-18 15:08:06', 4),
(463, 85, 1, NULL, 284, '198903262015011001', 261, '198101242010122001', 'Staf Kasubbag Persuratan Arsip dan Dokumentasi (Nunuk Tri Muranjari, S.Pd.)', NULL, '2016-01-18 15:08:06', 4),
(464, 85, 1, NULL, NULL, '197711212010121001', 261, '198101242010122001', 'Staf Kasubbag Persuratan Arsip dan Dokumentasi (Nunuk Tri Muranjari, S.Pd.)', NULL, '2016-01-18 15:08:06', 4),
(465, 85, 1, NULL, NULL, '198808162015012001', 261, '198101242010122001', 'Staf Kasubbag Persuratan Arsip dan Dokumentasi (Nunuk Tri Muranjari, S.Pd.)', NULL, '2016-01-18 15:08:06', 4),
(466, 85, 1, NULL, NULL, '199001192010121003', 261, '198101242010122001', 'Staf Kasubbag Persuratan Arsip dan Dokumentasi (Nunuk Tri Muranjari, S.Pd.)', NULL, '2016-01-18 15:08:06', 4),
(467, 85, 1, NULL, NULL, '198206062014021001', 261, '198101242010122001', 'Staf Kasubbag Persuratan Arsip dan Dokumentasi (Nunuk Tri Muranjari, S.Pd.)', NULL, '2016-01-18 15:08:07', 4),
(468, 85, 1, NULL, 260, '198507152010121001', 261, '198101242010122001', 'Staf Kasubbag Persuratan Arsip dan Dokumentasi (Nunuk Tri Muranjari, S.Pd.)', NULL, '2016-01-18 15:08:07', 4),
(469, 85, 1, NULL, 213, '76471', 261, '198101242010122001', 'Staf Kasubbag Persuratan Arsip dan Dokumentasi (Nunuk Tri Muranjari, S.Pd.)', NULL, '2016-01-18 15:08:07', 4),
(470, 85, 1, NULL, 239, '199005162015011001', 261, '198101242010122001', 'Staf Kasubbag Persuratan Arsip dan Dokumentasi (Nunuk Tri Muranjari, S.Pd.)', NULL, '2016-01-18 15:08:07', 4),
(471, 85, 1, NULL, 211, '198904112010121004', 261, '198101242010122001', 'Staf Kasubbag Persuratan Arsip dan Dokumentasi (Nunuk Tri Muranjari, S.Pd.)', NULL, '2016-01-18 15:08:07', 4),
(472, 85, 1, NULL, NULL, '198906192015011001', 261, '198101242010122001', 'Staf Kasubbag Persuratan Arsip dan Dokumentasi (Nunuk Tri Muranjari, S.Pd.)', NULL, '2016-01-18 15:08:07', 4),
(473, 85, 1, NULL, NULL, '199308032014022001', 261, '198101242010122001', 'Staf Kasubbag Persuratan Arsip dan Dokumentasi (Nunuk Tri Muranjari, S.Pd.)', NULL, '2016-01-18 15:08:07', 4),
(474, 85, 1, NULL, NULL, '199101312014022001', 261, '198101242010122001', 'Staf Kasubbag Persuratan Arsip dan Dokumentasi (Nunuk Tri Muranjari, S.Pd.)', NULL, '2016-01-18 15:08:07', 4),
(475, 85, 1, NULL, NULL, '199503282014022001', 261, '198101242010122001', 'Staf Kasubbag Persuratan Arsip dan Dokumentasi (Nunuk Tri Muranjari, S.Pd.)', NULL, '2016-01-18 15:08:07', 4),
(476, 85, 1, NULL, NULL, '198904182010121004', 261, '198101242010122001', 'Staf Kasubbag Persuratan Arsip dan Dokumentasi (Nunuk Tri Muranjari, S.Pd.)', NULL, '2016-01-18 15:08:07', 4),
(477, 85, 1, NULL, NULL, '199010102015011001', 261, '198101242010122001', 'Staf Kasubbag Persuratan Arsip dan Dokumentasi (Nunuk Tri Muranjari, S.Pd.)', NULL, '2016-01-18 15:08:07', 4),
(478, 85, 1, NULL, 224, '20833/P', 261, '198101242010122001', 'Staf Kasubbag Persuratan Arsip dan Dokumentasi (Nunuk Tri Muranjari, S.Pd.)', NULL, '2016-01-18 15:08:07', 4),
(479, 85, 1, NULL, NULL, '108092', 261, '198101242010122001', 'Staf Kasubbag Persuratan Arsip dan Dokumentasi (Nunuk Tri Muranjari, S.Pd.)', NULL, '2016-01-18 15:08:07', 4),
(480, 85, 1, NULL, NULL, '92505', 261, '198101242010122001', 'Staf Kasubbag Persuratan Arsip dan Dokumentasi (Nunuk Tri Muranjari, S.Pd.)', NULL, '2016-01-18 15:08:07', 4),
(481, 85, 1, NULL, NULL, '198612312014021001', 261, '198101242010122001', 'Staf Kasubbag Persuratan Arsip dan Dokumentasi (Nunuk Tri Muranjari, S.Pd.)', NULL, '2016-01-18 15:08:07', 4),
(482, 85, 1, NULL, NULL, '198906132014021001', 261, '198101242010122001', 'Staf Kasubbag Persuratan Arsip dan Dokumentasi (Nunuk Tri Muranjari, S.Pd.)', NULL, '2016-01-18 15:08:07', 4),
(483, 85, 1, NULL, 95, '69110338', 261, '198101242010122001', 'Staf Kasubbag Persuratan Arsip dan Dokumentasi (Nunuk Tri Muranjari, S.Pd.)', NULL, '2016-01-18 15:08:07', 4),
(484, 85, 1, NULL, 120, '70060343', 261, '198101242010122001', 'Staf Kasubbag Persuratan Arsip dan Dokumentasi (Nunuk Tri Muranjari, S.Pd.)', NULL, '2016-01-18 15:08:07', 4),
(485, 85, 1, NULL, 174, '58090723', 261, '198101242010122001', 'Staf Kasubbag Persuratan Arsip dan Dokumentasi (Nunuk Tri Muranjari, S.Pd.)', NULL, '2016-01-18 15:08:08', 4),
(486, 85, 1, NULL, NULL, '73120209', 261, '198101242010122001', 'Staf Kasubbag Persuratan Arsip dan Dokumentasi (Nunuk Tri Muranjari, S.Pd.)', NULL, '2016-01-18 15:08:08', 4),
(487, 85, 1, NULL, NULL, '1982113020100111019', 261, '198101242010122001', 'Staf Kasubbag Persuratan Arsip dan Dokumentasi (Nunuk Tri Muranjari, S.Pd.)', NULL, '2016-01-18 15:08:08', 4),
(488, 85, 1, NULL, 85, '11143/P', 261, '198101242010122001', 'Staf Kasubbag Persuratan Arsip dan Dokumentasi (Nunuk Tri Muranjari, S.Pd.)', NULL, '2016-01-18 15:08:08', 4),
(489, 85, 1, NULL, 86, '10707/P', 261, '198101242010122001', 'Staf Kasubbag Persuratan Arsip dan Dokumentasi (Nunuk Tri Muranjari, S.Pd.)', NULL, '2016-01-18 15:08:08', 4),
(490, 85, 1, NULL, NULL, '198304272001121005', 261, '198101242010122001', 'Staf Kasubbag Persuratan Arsip dan Dokumentasi (Nunuk Tri Muranjari, S.Pd.)', NULL, '2016-01-18 15:08:08', 4),
(491, 85, 1, NULL, NULL, '59110796', 261, '198101242010122001', 'Staf Kasubbag Persuratan Arsip dan Dokumentasi (Nunuk Tri Muranjari, S.Pd.)', '2016-01-19 09:49:15', '2016-01-18 15:08:08', 4),
(492, 85, 1, NULL, NULL, '63010801', 261, '198101242010122001', 'Staf Kasubbag Persuratan Arsip dan Dokumentasi (Nunuk Tri Muranjari, S.Pd.)', NULL, '2016-01-18 15:08:08', 4),
(493, 85, 1, NULL, NULL, '63100807', 261, '198101242010122001', 'Staf Kasubbag Persuratan Arsip dan Dokumentasi (Nunuk Tri Muranjari, S.Pd.)', NULL, '2016-01-18 15:08:08', 4),
(494, 85, 1, NULL, NULL, '63010800', 261, '198101242010122001', 'Staf Kasubbag Persuratan Arsip dan Dokumentasi (Nunuk Tri Muranjari, S.Pd.)', NULL, '2016-01-18 15:08:08', 4),
(495, 85, 1, NULL, 103, '8904/P', 261, '198101242010122001', 'Staf Kasubbag Persuratan Arsip dan Dokumentasi (Nunuk Tri Muranjari, S.Pd.)', NULL, '2016-01-18 15:08:08', 4),
(496, 85, 1, NULL, NULL, '197805152010011018', 261, '198101242010122001', 'Staf Kasubbag Persuratan Arsip dan Dokumentasi (Nunuk Tri Muranjari, S.Pd.)', NULL, '2016-01-18 15:08:08', 4),
(497, 85, 1, NULL, 44, '16231/P', 261, '198101242010122001', 'Staf Kasubbag Persuratan Arsip dan Dokumentasi (Nunuk Tri Muranjari, S.Pd.)', NULL, '2016-01-18 15:08:08', 4),
(498, 85, 1, NULL, NULL, '16720/P', 261, '198101242010122001', 'Staf Kasubbag Persuratan Arsip dan Dokumentasi (Nunuk Tri Muranjari, S.Pd.)', NULL, '2016-01-18 15:08:08', 4),
(499, 85, 1, NULL, NULL, '86527', 261, '198101242010122001', 'Staf Kasubbag Persuratan Arsip dan Dokumentasi (Nunuk Tri Muranjari, S.Pd.)', NULL, '2016-01-18 15:08:08', 4),
(500, 85, 1, NULL, NULL, '103643', 261, '198101242010122001', 'Staf Kasubbag Persuratan Arsip dan Dokumentasi (Nunuk Tri Muranjari, S.Pd.)', NULL, '2016-01-18 15:08:08', 4),
(501, 85, 1, NULL, NULL, '108754', 261, '198101242010122001', 'Staf Kasubbag Persuratan Arsip dan Dokumentasi (Nunuk Tri Muranjari, S.Pd.)', NULL, '2016-01-18 15:08:08', 4),
(502, 85, 1, NULL, NULL, '105609', 261, '198101242010122001', 'Staf Kasubbag Persuratan Arsip dan Dokumentasi (Nunuk Tri Muranjari, S.Pd.)', NULL, '2016-01-18 15:08:08', 4),
(503, 85, 1, NULL, 20, '8326/P', 261, '198101242010122001', 'Staf Kasubbag Persuratan Arsip dan Dokumentasi (Nunuk Tri Muranjari, S.Pd.)', NULL, '2016-01-18 15:08:09', 4),
(504, 85, 1, NULL, NULL, '68248', 261, '198101242010122001', 'Staf Kasubbag Persuratan Arsip dan Dokumentasi (Nunuk Tri Muranjari, S.Pd.)', NULL, '2016-01-18 15:08:09', 4),
(505, 85, 1, NULL, 262, '3275085103700022', 261, '198101242010122001', 'Staf Kasubbag Persuratan Arsip dan Dokumentasi (Nunuk Tri Muranjari, S.Pd.)', '2016-01-20 09:28:28', '2016-01-18 15:08:09', 4),
(506, 85, 2, NULL, 69, NULL, 261, '198101242010122001', 'Staf Kasubbag Persuratan Arsip dan Dokumentasi (Nunuk Tri Muranjari, S.Pd.)', NULL, '2016-01-18 15:08:09', 4),
(507, 85, 2, NULL, 1, '8312/P', 261, '198101242010122001', 'Staf Kasubbag Persuratan Arsip dan Dokumentasi (Nunuk Tri Muranjari, S.Pd.)', NULL, '2016-01-18 15:08:09', 4),
(508, 85, 4, 'Tks, surat edaran sdh di terima.', 239, '199005162015011001', 237, '197411302010122001', 'Staf Kasie Pengolahan Basis Data (Novy Poedjawati, S.T.)', NULL, '2016-01-19 08:24:14', 5),
(509, 85, 4, 'Tks, surat edaran sdh di terima.', 261, '198101242010122001', 237, '197411302010122001', 'Staf Kasie Pengolahan Basis Data (Novy Poedjawati, S.T.)', '2016-01-20 08:37:48', '2016-01-19 08:24:15', 5),
(510, 85, 4, 'Yth Novy \r\n\r\nSehubungan dengan pentingnya kegiatan sosialisasi e-office agar hadir dalam acara tsb. \r\n\r\nDemikian terima kasih .\r\n\r\nSalam,\r\n\r\nPurwoko', 237, '197411302010122001', 133, '198109212009011002', 'Kasie Pengolahan Basis Data (Wahyu Sigit Purwoko, S.Kom)', '2016-01-19 09:11:56', '2016-01-19 09:10:48', 6),
(511, 85, 4, 'Test e-office', 51, '198305062009012002', NULL, '198308172015011001', ' (Rindra Swandita, S.E.)', '2016-01-19 11:51:54', '2016-01-19 11:15:39', 7),
(512, 85, 4, 'Test e-office', 50, '198308112009012001', NULL, '198308172015011001', ' (Rindra Swandita, S.E.)', NULL, '2016-01-19 11:15:39', 7),
(513, 85, 4, 'Test e-office', 272, '198910252015012001', NULL, '198308172015011001', ' (Rindra Swandita, S.E.)', '2016-01-20 09:13:22', '2016-01-19 11:15:39', 7),
(514, 85, 4, 'Test e-office', NULL, '199004182015012002', NULL, '198308172015011001', ' (Rindra Swandita, S.E.)', NULL, '2016-01-19 11:15:39', 7),
(515, 85, 4, 'Test e-office', 40, '197011171998031001', NULL, '198308172015011001', ' (Rindra Swandita, S.E.)', NULL, '2016-01-19 11:15:39', 7),
(516, 85, 3, 'Yth. Plt Kasubbag Humas; \r\n       Kasubbag Protokol; dan\r\n       Staf Humas dan Protokol.\r\nMohon dapat hadir dalam sosialisasi aplikasi e-office\r\nTerima kasih', 46, '196904211996031005', 46, '196904211996031005', 'Kabag Humas dan Protokol (Waryoto, S.E.)', '2016-01-20 09:52:24', '2016-01-20 09:51:48', 9),
(517, 85, 4, 'Mohon dapat hadir pada acara sosialisasi aplikasi e-office, agar dapat implementasi dan aplikasi e-office\r\nTerima kasih', 77, '198811272010122002', 46, '196904211996031005', 'Kabag Humas dan Protokol (Waryoto, S.E.)', NULL, '2016-01-20 09:55:36', 10),
(518, 85, 4, 'Mohon dapat hadir pada acara sosialisasi aplikasi e-office, agar dapat implementasi dan aplikasi e-office\r\nTerima kasih', 78, '198410262010121002', 46, '196904211996031005', 'Kabag Humas dan Protokol (Waryoto, S.E.)', NULL, '2016-01-20 09:55:36', 10),
(519, 77, 1, NULL, 74, '198412092009012001', 74, '198412092009012001', 'TU Deputi Bidang Kebijakan dan Strategi Kamla (Aulia Maulidina Badar, S.T.)', '2016-01-20 09:59:14', '2016-01-20 09:57:06', 11),
(520, 77, 2, NULL, 15, '195812181979032001', 74, '198412092009012001', 'TU Deputi Bidang Kebijakan dan Strategi Kamla (Aulia Maulidina Badar, S.T.)', NULL, '2016-01-20 09:57:06', 11),
(521, 28, 1, NULL, NULL, '199006302015012001', 74, '198412092009012001', 'TU Deputi Bidang Kebijakan dan Strategi Kamla (Aulia Maulidina Badar, S.T.)', NULL, '2016-01-20 09:58:30', 12),
(522, 85, 4, '', 262, '3275085103700022', 73, '196904062009011001', 'TU Deputi Bidang Info, Hukum, & Kerjasama (Wakhid Ma''mun, S.Ag)', NULL, '2016-01-20 10:00:34', 13),
(523, 85, 4, '', 288, '198811292015012001', 73, '196904062009011001', 'TU Deputi Bidang Info, Hukum, & Kerjasama (Wakhid Ma''mun, S.Ag)', NULL, '2016-01-20 10:00:34', 13),
(524, 85, 3, 'Ajak Staf-nya untuk menghadiri sosialisasi aplikasi e-office\r\nkarena sangat berguna, terima kasih', 77, '198811272010122002', 46, '196904211996031005', 'Kabag Humas dan Protokol (Waryoto, S.E.)', NULL, '2016-01-20 11:36:46', 14),
(525, 85, 3, 'Ajak Staf-nya untuk menghadiri sosialisasi aplikasi e-office\r\nkarena sangat berguna, terima kasih', 78, '198410262010121002', 46, '196904211996031005', 'Kabag Humas dan Protokol (Waryoto, S.E.)', NULL, '2016-01-20 11:36:46', 14),
(526, 91, 1, NULL, 74, '198412092009012001', 74, '198412092009012001', 'TU Deputi Bidang Kebijakan dan Strategi Kamla (Aulia Maulidina Badar, S.T.)', '2016-01-20 13:19:32', '2016-01-20 12:06:30', 15),
(527, 91, 1, NULL, 6, '60010951', 74, '198412092009012001', 'TU Deputi Bidang Kebijakan dan Strategi Kamla (Aulia Maulidina Badar, S.T.)', NULL, '2016-01-20 12:06:30', 15),
(528, 91, 2, NULL, 280, '199104282015012001', 74, '198412092009012001', 'TU Deputi Bidang Kebijakan dan Strategi Kamla (Aulia Maulidina Badar, S.T.)', NULL, '2016-01-20 12:06:31', 15),
(529, 91, 2, NULL, 43, NULL, 74, '198412092009012001', 'TU Deputi Bidang Kebijakan dan Strategi Kamla (Aulia Maulidina Badar, S.T.)', NULL, '2016-01-20 12:06:31', 15);

-- --------------------------------------------------------

--
-- Struktur dari tabel `distribusi_atribut`
--

CREATE TABLE IF NOT EXISTS `distribusi_atribut` (
  `id` int(11) NOT NULL AUTO_INCREMENT,
  `id_distribusi` int(11) DEFAULT NULL,
  `nama` varchar(255) DEFAULT NULL,
  `nilai` text,
  PRIMARY KEY (`id`)
) ENGINE=InnoDB DEFAULT CHARSET=latin1 AUTO_INCREMENT=1 ;

-- --------------------------------------------------------

--
-- Struktur dari tabel `distribusi_grup`
--

CREATE TABLE IF NOT EXISTS `distribusi_grup` (
  `id` int(11) NOT NULL AUTO_INCREMENT,
  `nama` varchar(255) NOT NULL,
  PRIMARY KEY (`id`)
) ENGINE=InnoDB  DEFAULT CHARSET=latin1 AUTO_INCREMENT=3 ;

--
-- Dumping data untuk tabel `distribusi_grup`
--

INSERT INTO `distribusi_grup` (`id`, `nama`) VALUES
(1, 'Grup TU Deputi'),
(2, 'Grup Datin');

-- --------------------------------------------------------

--
-- Struktur dari tabel `distribusi_grup_detail`
--

CREATE TABLE IF NOT EXISTS `distribusi_grup_detail` (
  `id` int(11) NOT NULL AUTO_INCREMENT,
  `id_distribusi_grup` int(11) DEFAULT NULL,
  `model` varchar(255) DEFAULT NULL,
  `id_model` int(11) DEFAULT NULL,
  PRIMARY KEY (`id`)
) ENGINE=InnoDB  DEFAULT CHARSET=latin1 AUTO_INCREMENT=13 ;

--
-- Dumping data untuk tabel `distribusi_grup_detail`
--

INSERT INTO `distribusi_grup_detail` (`id`, `id_distribusi_grup`, `model`, `id_model`) VALUES
(2, 1, 'Jabatan', 4),
(3, 1, 'Jabatan', 6),
(4, 1, 'Jabatan', 3),
(6, 2, 'Pegawai', 275),
(7, 2, 'Pegawai', 64),
(8, 2, 'Pegawai', 66),
(9, 2, 'Pegawai', 609),
(10, 2, 'Pegawai', 518),
(11, 2, 'Pegawai', 51),
(12, 2, 'Pegawai', 25);

-- --------------------------------------------------------

--
-- Struktur dari tabel `distribusi_jenis`
--

CREATE TABLE IF NOT EXISTS `distribusi_jenis` (
  `id` int(11) NOT NULL AUTO_INCREMENT,
  `nama` varchar(255) NOT NULL,
  PRIMARY KEY (`id`)
) ENGINE=InnoDB  DEFAULT CHARSET=latin1 AUTO_INCREMENT=5 ;

--
-- Dumping data untuk tabel `distribusi_jenis`
--

INSERT INTO `distribusi_jenis` (`id`, `nama`) VALUES
(1, 'Ditujukan'),
(2, 'Tembusan'),
(3, 'Disposisi'),
(4, 'Terusan');

-- --------------------------------------------------------

--
-- Struktur dari tabel `jabatan`
--

CREATE TABLE IF NOT EXISTS `jabatan` (
  `id` int(11) NOT NULL AUTO_INCREMENT,
  `id_induk` int(11) NOT NULL DEFAULT '0',
  `nama` varchar(255) DEFAULT NULL,
  `singkatan` varchar(255) DEFAULT NULL,
  `id_jabatan_jenis` int(11) DEFAULT NULL,
  `id_jabatan_eselon` int(11) DEFAULT NULL,
  PRIMARY KEY (`id`)
) ENGINE=InnoDB  DEFAULT CHARSET=latin1 AUTO_INCREMENT=291 ;

--
-- Dumping data untuk tabel `jabatan`
--

INSERT INTO `jabatan` (`id`, `id_induk`, `nama`, `singkatan`, `id_jabatan_jenis`, `id_jabatan_eselon`) VALUES
(1, 0, 'Kepala Bakamla', 'Kepala', 1, 1),
(2, 1, 'Sekretaris Utama', 'Sestama', 1, 1),
(3, 1, 'Inspektur', 'Inspektur', 1, 1),
(4, 1, 'Deputi Bidang Operasi dan Latihan', 'Depopslap', 1, 1),
(5, 1, 'Deputi Bidang Info, Hukum, & Kerjasama', 'Depinhuker', 1, 1),
(6, 1, 'Deputi Bidang Kebijakan dan Strategi Kamla', 'Depjakstra', 1, 1),
(7, 1, 'Dan URCL', NULL, 1, 2),
(8, 1, 'Komandan Wilayah', NULL, 1, 2),
(9, 1, 'Dan Satuan Kapal', NULL, 1, 2),
(10, 1, 'Kapuskodal', NULL, 1, 2),
(11, 3, 'IR Pengadaan dan Keu', '', 1, 2),
(12, 3, 'IR Logistik', '', 1, 2),
(13, 3, 'IR Umum', '', 1, 2),
(14, 2, 'Karo Perencanaan dan Organisasi', '', 1, 2),
(15, 2, 'Kepala Biro Umum', 'Karo Umum', 1, 2),
(16, 2, 'Biro Sarpras', NULL, 1, 2),
(17, 2, 'Karo Hukum dan Org', '', 1, 2),
(18, 4, 'Direktur Operasi Laut', '', 1, 2),
(19, 4, 'Direktorat Operasi Udara Maritim', '', 1, 2),
(20, 5, 'Direktur Data dan Informasi', 'Ditdatin', 1, 2),
(21, 5, 'Direktur Hukum', 'Dirhukum', 1, 2),
(22, 5, 'Direktur Kerja Sama', 'Dirkerma', 1, 2),
(23, 6, 'Direktur Kebijakan Kamla', '', 1, 2),
(24, 6, 'Direktorat Strategi Kamla', '', 1, 4),
(25, 20, 'Kasubdit data dan Informasi', 'Kasubdit Info', 1, 3),
(26, 20, 'Kepala Subdirektorat Data', 'Kasubdit Data', 1, 3),
(27, 21, 'Kasubdit Pertimbangan & Advokasi Hukum', '', 1, 3),
(28, 22, 'Kasubdit Kerma DN', '', 1, 3),
(29, 8, 'Kabid Informasi', NULL, 1, 3),
(30, 8, 'Kabid Sarpras', NULL, 1, 3),
(31, 8, 'Kabid Operasi', NULL, 1, 1),
(32, 29, 'Kasubbid Rencana dan Pemeliharaan', NULL, 1, 4),
(33, 30, 'Kasubbid Rencana dan Logistik', NULL, 1, 4),
(34, 30, 'Ka Dermaga', NULL, 1, 4),
(35, 10, 'Subdit Jar Satelit', NULL, 1, 3),
(36, 23, 'Kasubdit Perumusan Kebijakan', '', 1, 3),
(37, 23, 'Kasubdit Harmonisasi Kebijakan', '', 1, 3),
(38, 20, 'Kasubdit Jaringan', '', 1, 3),
(39, 38, 'Kasie Pengembangan Jaringan', '', 1, 4),
(40, 14, 'Bagian Perencanaan', NULL, 1, 3),
(41, 14, 'Kabag Evaluasi dan Manajemen Kinerja', '', 1, 3),
(42, 14, 'Kabag Organisasi dan Tata Laksana', '', 1, 3),
(43, 15, 'Kabag Kepegawaian', '', 1, 3),
(44, 15, 'Kabag Keuangan', '', 1, 3),
(45, 15, 'Kabag Tata Usaha dan Rumah Tangga', 'Kabag TU Rumga', 1, 3),
(46, 15, 'Kabag Humas dan Protokol', '', 1, 3),
(47, 16, 'Kabag Logistik', '', 1, 3),
(48, 16, 'Kabag Distribusi dan Pemeliharaan', '', 1, 3),
(49, 16, 'Kabag Pendayagunaan dan Pertatausahaan BMN', '', 1, 3),
(50, 40, 'Kasubbag Penyusunan Rencana dan Program', '', 1, 4),
(51, 40, 'Kasubbag Penyusunan Anggaran', '', 1, 4),
(52, 41, 'Kasubbag Monitoring & Evaluasi', '', 1, 4),
(53, 41, 'Kasubbag Manajemen Kinerja', '', 1, 4),
(54, 41, 'Kasubbag Pelaporan', '', 1, 4),
(55, 42, 'Kasubbag Organisasi', '', 1, 4),
(56, 42, 'Kasubbag Peraturan Internal', '', 1, 4),
(57, 43, 'Kasubbag Perencanaan & Pengembangan Kepegawaian', 'Subbag PAD', 1, 4),
(58, 43, 'Kasubbag Mutasi Kepegawaian', '', 1, 4),
(59, 43, 'Kasubbag Kesejahteraan dan Informasi Kepegawaian', '', 1, 4),
(60, 44, 'Kasubbag Perbendaharaan', '', 1, 4),
(61, 44, 'Kasubbag Verifikasi', '', 1, 4),
(62, 44, 'Kasubbag Akuntansi', '', 1, 4),
(63, 45, 'Kesubbag Persuratan, Arsip, dan Dokumentasi', 'Kasubbag PAD', 1, 4),
(64, 45, 'Kasubbag Rumah Tangga', 'Kasubbag Rumga', 1, 4),
(65, 45, 'Kasubbag TU Pimpinan', '', 1, 4),
(66, 25, 'Kasie Pengembangan Sistem Informasi', 'Kasie PSI', 1, 4),
(67, 25, 'Kasie Pengelolaan Pertukaran Informasi', 'Kasie PPI', 1, 4),
(68, 0, '', '', 1, NULL),
(69, 1, 'TU Kepala', '', 1, 9),
(70, 2, 'TU Sestama', 'TU Sestama', 1, 4),
(71, 3, 'TU Inspektur', '', 1, 4),
(72, 4, 'TU Deputi Bidang Ops. dan Latihan', '', 1, 4),
(73, 5, 'TU Deputi Bidang Info, Hukum, & Kerjasama', 'TU Depinhuker', 1, 4),
(74, 6, 'TU Deputi Bidang Kebijakan dan Strategi Kamla', '', 1, 4),
(75, 26, 'Kasie Perancangan dan Standarisasi Data', '', 1, 4),
(76, 42, 'kasubbag Tata Laksana', '`', 1, 4),
(77, 46, 'Kasubbag Humas', '', 1, 4),
(78, 46, 'Kasubbag Protokol', '', 1, 4),
(79, 47, 'Kasubbag Pemeliharaan', '', 1, 4),
(80, 47, 'Kasubbag Pelayanan Pengadaan', '', 1, 4),
(81, 48, 'Kasubbag Distribusi', '', 1, 4),
(82, 48, 'Kasubbag Rencana Logistik', '', 1, 4),
(83, 49, 'Kasubbag Pedayagunaan BMN', '', 1, 4),
(84, 49, 'Kasubbag Penatausahaan BMN', '', 1, 4),
(85, 18, 'Kasubdit Perencanaan dan Evaluasi Operasi Laut', '', 1, 3),
(86, 18, 'Kasubdit Penyelenggaraan Operasi Laut', '', 1, 3),
(87, 18, 'Kasubdit Dukungan Operasi', '', 1, 3),
(88, 85, 'Kasie Perencana Operasi Laut', '', 1, 4),
(89, 85, 'Kasie Evaluasi Operasi Laut', '', 1, 4),
(90, 86, 'Kasie Operasi Kamla', '', 1, 4),
(91, 86, 'Kasie Operasi Kesla', '', 1, NULL),
(92, 87, 'Kasie Komunikasi Elektronika dan Persandian', '', 1, 4),
(93, 87, 'Kasie Logistik Operasi Laut', '', 1, 4),
(94, 19, 'Kasubdit Perencanaan dan Evaluasi Udara Maritim', '', 1, 3),
(95, 19, 'Kasubdit Penyelenggaraan Operasi Udara Maritim dan Keselamatan', '', 1, 3),
(96, 19, 'Kasubdit Dukungan Operasi Udara', '', 1, 3),
(97, 94, 'Kasie Perencanaan Operasi Udara Maritim', '', 1, 4),
(98, 94, 'Kasie Evaluasi Operasi Udara Maritim', '', 1, 4),
(99, 95, 'Kasie Operasi Udara Pemantauan Maritim', '', 1, 4),
(100, 95, 'Kasie Operasi Udara Keselamatan Maritim', '', 1, 4),
(101, 96, 'Kasie Komunikasi, Avionik & Persandian', '', 1, 4),
(102, 96, 'Kasie Logistik Operasi Udara', '', 1, 4),
(103, 4, 'Direktorat Latihan', '', 1, 2),
(104, 103, 'Kasubdit Perencanaan Latihan', '', 1, 3),
(105, 103, 'Kasubdit Penyelenggaraan Latihan', '', 1, 3),
(106, 103, 'Kasubdit Dukungan Latihan', '', 1, 3),
(107, 104, 'Kasie Perencanaan Latihan Operasi Laut', '', 1, 4),
(108, 104, 'Kasie Perencanaan Latihan Operasi Udara Maritim', '', 1, 4),
(109, 105, 'Kasie Latihan Operasi Udara Maritim', '', 1, 4),
(110, 105, 'Kasie Latihan Operasi Laut', '', 1, 4),
(111, 106, 'Kasie Materi dan SDM', '', 1, 4),
(112, 106, 'Kasie Logistik Latihan', '', 1, 4),
(113, 23, 'Kasubdit Monitoring dan Evaluasi Kebijakan Kamla', '', 1, 3),
(114, 36, 'Kasie Perencanaan Kebijakan Kamla', '', 1, 4),
(115, 36, 'Kasie Penyiapan Kebijakan Kamla', '', 1, 4),
(116, 37, 'Kasie Harmonisasi Kebijakan Nasional', '', 1, 4),
(117, 37, 'Kasie Harmonisasi Kebijakan Internasional', '', 1, 4),
(118, 113, 'Kasie Monitoring Kebijakan Kamla', '', 1, 4),
(119, 113, 'Kasie Evaluasi Kebijakan Kamla', '', 1, 4),
(120, 24, 'Kasubdit Perumusan Strategi Kamla', '', 1, 3),
(121, 24, 'Kasubdit Harmonisasi Strategi Kamla', '', 1, 3),
(122, 24, 'Kasubdit Monitoring dan Evaluasi Strategi Kamla', '', 1, 3),
(123, 120, 'Kasie Perencanaan Strategi Kamla', '', 1, 4),
(124, 120, 'Kasie Penyiapan Strategi Kamla', '', 1, 4),
(125, 121, 'Kasie Harmonisasi Strategi Peringatan Dini', '', 1, 4),
(126, 121, 'Kasie Harmonisasi Strategi Operasi', '', 1, 4),
(127, 122, 'Kasie Monitoring Strategi Kamla', '', 1, 4),
(128, 122, 'Kasie Evaluasi Strategi Kamla', '', 1, 4),
(129, 6, 'Direktorat Penelitian & Pengembangan Kamla', '', 1, 2),
(130, 129, 'Kasubdit Perencanaan Litbang', '', 1, 3),
(131, 129, 'Kasubdit Kerjasama Litbang', '', 1, 3),
(132, 129, 'Kasubdit Monitoring dan Evaluasi Litbang', '', 1, 3),
(133, 26, 'Kasie Pengolahan Basis Data', '', 1, 4),
(134, 38, 'Kasie Pemeliharaan Jaringan', '', 1, 4),
(135, 21, 'Subdit Suluh & Sosialisasi Hukum', '', 1, 3),
(136, 21, 'Kasubdit. Hukum Internasional dan Peraturan Perundang-Undangan', '', 1, 3),
(137, 27, 'Kasie Pertimbangan Hukum', '', 1, 4),
(138, 27, 'Kasie Advokasi Hukum', '', 1, 4),
(139, 135, 'Kasie Penyuluhan Hukum', '', 1, 4),
(140, 135, 'Kasie Sosialisasi Hukum', '', 1, 4),
(141, 136, 'Kasie Hukum Internasional', '', 1, 4),
(142, 136, 'Kasie Peraturan Perundang-Undangan', '', 1, 4),
(143, 22, 'Kasubdit Kerma LN', '', 1, 3),
(144, 22, 'Kasubdit Pengembangan Potensi Keamanan & Keselamatan Laut', '', 1, 3),
(145, 28, 'Seksi Kerma Lembaga Pemerintah', '', 1, 4),
(146, 28, 'Kasie Kerma Non Pemerintah', '', 1, 4),
(147, 143, 'Kasie Kerma Bilateral & Regional', '', 1, 4),
(148, 143, 'Kasie Kerma Multi & Org Internasional', '', 1, 4),
(149, 144, 'Kasie Potensi Kamla', '', 1, 4),
(150, 144, 'Kasie Potensi Keselamatan Laut', '', 1, 4),
(151, 5, 'Kantor Pengelolaan Informasi Marabahaya Laut', '', 1, 3),
(152, 151, 'Subbag TU KPIML', '', 1, 4),
(153, 151, 'Kasie Pemantauan Data & Jar. Satelit', '', 1, 4),
(154, 151, 'Kasie Dokumentasi data & Jar. Satelit', '', 1, 4),
(155, 1, 'Kepala Kantor Kamla Zona Maritim Barat (Batam)', '', 1, 2),
(156, 155, 'Kabagum (Zona Maritim Barat)', '', 1, 3),
(157, 155, 'Kabid Operasi (Zona Maritim Barat)', '', 1, 3),
(158, 155, 'Kabid Hukum dan Informasi (Zona Maritim Barat)', '', 1, 3),
(159, 156, 'Kasubbag Keu (Zona Maritim Barat)', '', 1, 4),
(160, 156, 'Kasubbag TU dan Rumga (Zona Maritim Barat)', '', 1, 4),
(161, 157, 'Kasubbid Patroli Kamla Laut (Zona Maritim Barat)', '', 1, 4),
(162, 157, 'Kasubbid Penyelenggaraan Reaksi Cepat Laut (Zona Maritim Barat)', '', 1, 4),
(163, 158, 'Kasubbid Hukum (Zona Maritim Barat)', '', 1, 4),
(164, 158, 'Kasubbid Informasi(Zona Maritim Barat)', '', 1, 4),
(165, 158, 'Kasubbid Kerjasama (Zona Maritim Barat)', '', 1, 4),
(166, 1, 'Kepala Kantor Kamla Zona Maritim Tengah (Manado)', '', 1, 2),
(167, 166, 'Kabagum (Zona Maritim Tengah)', '', 1, 3),
(168, 166, 'Kabid Operasi (Zona Maritim Tengah)', '', 1, 3),
(169, 166, 'Kabid Hukum dan Informasi (Zona Maritim Tengah)', '', 1, 3),
(170, 167, 'Kasubbag Keu (Zona Maritim Tengah)', '', 1, 4),
(171, 167, 'Kasubbag TU dan Rumga (Zona Maritim Tengah)', '', 1, 4),
(172, 168, 'Kasubbid Patroli Kamla Laut (Zona Maritim Tengah)', '', 1, 4),
(173, 168, 'Kasubbid Penyelenggaraan Reaksi Cepat Laut (Zona Maritim Tengah)', '', 1, 4),
(174, 169, 'Kasubbid Hukum (Zona Maritim Tengah)', '', 1, 4),
(175, 169, 'Kasubbid Informasi (Zona Maritim Tengah)', '', 1, 4),
(176, 169, 'Kasubbid Kerjasama (Zona Maritim Tengah)', '', 1, 4),
(177, 1, 'Kepala Kantor Kamla Zona Maritim Timur (Ambon)', '', 1, 2),
(178, 177, 'Kabagum (Zona Maritim Timur)', '', 1, 3),
(179, 177, 'Kabid Operasi (Zona Maritim Timur)', '', 1, 3),
(180, 177, 'Kabid Hukum dan Informasi (Zona Maritim Timur)', '', 1, 3),
(181, 178, 'Kasubbag Keu (Zona Maritim Timur)', '', 1, 4),
(182, 178, 'Kasubbag TU dan Rumga (Zona Maritim Timur)', '', 1, 4),
(183, 179, 'Kasubbid Patroli Kamla Laut (Zona Maritim Timur)', '', 1, 4),
(184, 179, 'Kasubbid Penyelenggaraan Reaksi Cepat Laut (Zona Maritim Timur)', '', 1, 4),
(185, 180, 'Kasubbid Hukum (Zona Maritim Timur)', '', 1, 4),
(186, 180, 'Kasubbid Informasi (Zona Maritim Timur)', '', 1, 4),
(187, 155, 'Stasiun Bumi Pangkal Pinang', '', 1, 4),
(188, 155, 'Stasiun Pemantauan Keamanan & Keselamatan Laut Aceh', '', 1, 4),
(189, 155, 'Stasiun Pemantauan Keamanan & Keselamatan Laut Natuna', '', 1, 4),
(190, 155, 'Stasiun Pemantauan Keamanan & Keselamatan Laut Sambas', '', 1, 4),
(191, 155, 'Stasiun Pemantauan Keamanan & Keselamatan Laut Tanjung Balai Karimun', '', 1, 4),
(192, 155, 'Stasiun Pemantauan Keamanan & Keselamatan Laut Teluk Mata Ikan', '', 1, 4),
(193, 155, 'Pangkalan Armada Kamla Batam', '', 1, 3),
(194, 187, 'Urusan TU Stasiun Bumi Pangkal Pinang', '', 1, 5),
(195, 188, 'Urusan TU Pemantauan Keamanan & Keselamatan Laut Aceh', '', 1, 5),
(196, 189, 'Urusan TU Pemantauan Keamanan & Keselamatan Laut Natuna', '', 1, 5),
(197, 190, 'Urusan TU Pemantauan Keamanan & Keselamatan Laut Sambas', '', 1, 5),
(198, 191, 'Urusan TU Pemantauan Keamanan & Keselamatan Laut Tanjung Balai Karimun', '', 1, 5),
(199, 192, 'Urusan TU Pemantauan Keamanan & Keselamatan Laut Teluk Mata Ikan', '', 1, 5),
(200, 193, 'Kasubbag TU Pangkalan Armada Kamla Batam', '', 1, 4),
(201, 193, 'Kasie Logistik Pangkalan Armada Batam', '', 1, 4),
(202, 193, 'Kasie Perawatan Pangkalan Armada Batam', '', 1, 4),
(203, 166, 'Kantor Stasiun Bumi Manembo Nembo', '', 1, 4),
(204, 166, 'Stasiun Pemantauan Keamanan & Keselamatan Laut Manembo Nembo', '', 1, 9),
(205, 166, 'Stasiun Pemantauan Keamanan & Keselamatan Laut Kema', '', 1, 4),
(206, 166, 'Stasiun Pemantauan Keamanan & Keselamatan Laut Tarakan', '', 1, 4),
(207, 166, 'Stasiun Pemantauan Keamanan & Keselamatan Laut Karang Asem', '', 1, 4),
(208, 166, 'Pangkalan Armada Kamla Serai', '', 1, 3),
(209, 203, 'Urusan TU Stasiun Bumi Manembo Nembo', '', 1, 5),
(210, 204, 'Urusan TU Pemantauan Keamanan & Keselamatan Laut Manembo Nembo', '', 1, 5),
(211, 205, 'Urusan TU Pemantauan Keamanan & Keselamatan Laut Kema', '', 1, 5),
(212, 206, 'Urusan TU Pemantauan Keamanan & Keselamatan Laut Tarakan', '', 1, 5),
(213, 207, 'Urusan TU Pemantauan Keamanan & Keselamatan Laut Karang Asem', '', 1, 5),
(214, 208, 'Kasubbag TU Pangkalan Armada Kamla Serai', '', 1, 4),
(215, 208, 'Kasie Logistik Pangkalan Armada Kamla Serai', '', 1, 4),
(216, 208, 'Kasie Perawatan Pangkalan Armada Kamla Serai', '', 1, 4),
(217, 177, 'Stasiun Pemantauan Keamanan & Keselamatan Laut Kupang', '', 1, 4),
(218, 177, 'Stasiun Pemantauan Keamanan & Keselamatan Laut Tual', '', 1, 4),
(219, 177, 'Stasiun Pemantauan Keamanan & Keselamatan Laut Merauke', '', 1, 4),
(220, 177, 'Stasiun Pemantauan Keamanan & Keselamatan Laut Jayapura', '', 1, 4),
(221, 177, 'Stasiun Pemantauan Keamanan & Keselamatan Laut Ambon', '', 1, 4),
(222, 177, 'Pangkalan Armada Kamla Ambon', '', 1, 3),
(223, 217, 'Urusan TU Pemantauan Keamanan & Keselamatan Laut Kupang', '', 1, 5),
(224, 218, 'Urusan TU Pemantauan Keamanan & Keselamatan Laut Tual', '', 1, 5),
(225, 219, 'Urusan TU Pemantauan Keamanan & Keselamatan Laut Merauke', '', 1, 5),
(226, 220, 'Urusan TU Pemantauan Keamanan & Keselamatan Laut Jayapura', '', 1, 5),
(227, 221, 'Urusan TU Pemantauan Keamanan & Keselamatan Laut Ambon', '', 1, 5),
(228, 222, 'Kasubbag TU Pangkalan Armada Kamla Ambon', '', 1, 4),
(229, 222, 'Kasie Logistik Pangkalan Armada Kamla Ambon', '', 1, 4),
(230, 222, 'Kasie Perawatan Pangkalan Armada Kamla Ambon', '', 1, 4),
(231, 66, 'Staf Kasie Pengembangan Sistem Informasi', '', 3, 9),
(232, 139, 'Staf Kasie Penyuluhan Hukum', '', 3, 9),
(233, 141, 'Staf Kasie Hukum Internasional', '', 3, 9),
(234, 67, 'Staf Kasie Pengelolaan Pertukaran Informasi', '', 3, 9),
(235, 148, 'Staf Kasie Kerma Multi & Org Internasional', '', 1, NULL),
(236, 75, 'Staf Kasie Perancangan dan Standarisasi Data', '', 3, 9),
(237, 133, 'Staf Kasie Pengolahan Basis Data', '', 3, 9),
(238, 39, 'Analis Sistem Jaringan', '', 3, 9),
(239, 134, 'Staf Kasie Pemeliharaan Jaringan', '', 3, 9),
(240, 137, 'Staf Kasie Pertimbangan Hukum ', '', 3, 9),
(241, 142, 'Staf Kasie Peraturan Perundang-Undangan', '', 3, 9),
(242, 145, 'Staf Kasie Kerma Lembaga Pemerintah', '', 3, 9),
(243, 146, 'Staf Kasie Kerma Non Pemerintah', '', 3, 9),
(244, 146, 'Pengadministrasi Umum Kasie Kerma Non Pemerintah', '', 3, 9),
(245, 147, 'Staf Kasie Kerma Bilateral & Regional', '', 3, 9),
(246, 150, 'Staf Kasie Potensi Keselamatan Laut', '', 3, 9),
(247, 73, 'Staf Kasie TU Deputi Bidang Info, Hukum & Kerjasama', '', 3, 9),
(248, 151, 'Staf Kantor Pengelolaan Informasi Marabahaya Laut', '', 3, 9),
(249, 153, 'Analisi Sistem Informasi dan Jaringan', '', 3, 9),
(250, 153, 'Penyusun Laporan Kasie Pemantauan Data & Jar. Satelit', '', 3, 9),
(251, 154, 'Analis Pengendali Jaringan Kasie. Dokumentasi dan & Jar. Satelit', '', 3, 9),
(252, 154, 'Analisis Sistem Jaringan Kasie Dokumentasu data & Jar. Satelit', '', 3, 9),
(253, 154, 'Penyusun Laporan Kasie Dokumentasi data & Jar. Satelit', '', 3, 9),
(254, 151, 'Kasubbag Urusan TU Pangkalan Armada Keamanan Laut Manado', '', 3, 9),
(255, 151, 'Kasubbag Urusan TU Stasiun Pemantauan Keamanan dan Keselamatan Laut Kupang', '', 3, 9),
(256, 151, 'Kasubbag TU Stasiun Pemantauan Keamanan dan Keselamatan Laut Batam ', '', 3, 9),
(257, 151, 'Kasubbag Urusan TU Stasiun Pemantauan Keamanan dan Keselamatan Laut Merauke', '', 3, 9),
(258, 151, 'Kasubbag Urusan TU Stasiun Pemantauan Keamanan dan Keselamatan Laut Aceh ', '', 3, 9),
(259, 151, 'Kasubbag Urusan TU Stasiun Bumi Bangka Belitung', '', 3, 9),
(260, 151, 'Kasubbag Urusan TU Stasiun Pemantauan Keamanan dan Keselamatan Laut Ambon', '', 3, 9),
(261, 63, 'Staf Kasubbag Persuratan Arsip dan Dokumentasi', '', 3, 9),
(262, 20, 'Staf. Adm. Dir. Datin', '', 3, 9),
(263, 123, 'Staf Kasie Perencanaan Strategi Kamla', '', 3, 9),
(264, 98, 'Staf. Kasie Evaluasi Operasi Udara Maritim', '', 3, 9),
(265, 98, 'Penyusun Laporan Kasie Evaluasi Operasi Udara Maritim', '', 3, 9),
(266, 107, 'Staf Kasie Perencanaan Latihan Operasi Laut', '', 3, 9),
(267, 108, 'Staf Kasie Perencanaan Latihan Operasi Udara Maritim', '', 3, 9),
(268, 0, '', '', 3, 9),
(269, 125, 'Staf Kasie Harmonisasi Strategi Peringatan Dini', '', 3, 9),
(270, 131, 'Staf Kasubdit Kerjasama Litbang', '', 3, 9),
(271, 60, 'Staf Kasubbag Perbendaharaan', '', 3, 9),
(272, 51, 'Staf Kasubbag Penyusunan Anggaran', '', 3, 9),
(273, 53, 'Staf Kasubbag Manajemen Kinerja', '', 3, 9),
(274, 54, 'Staf kasubbag Pelaporan', '', 3, 9),
(275, 55, 'Staf Kasubbag Organisasi', '', 3, 9),
(276, 56, 'Staf Kasubbag Peraturan Internal', '', 3, 9),
(277, 56, 'Pengelola Data kasubbag Peraturan Internal', '', 3, 9),
(278, 57, 'Staf Kasubbag Perencanaan & Pengembangan Kepegawaian', '', 3, 9),
(279, 76, 'Pengelola Data kasubbag Tata Laksana', '', 3, 9),
(280, 59, 'Staf Kasubbag Kesejahteraan dan Informasi Kepegawaian', '', 3, 9),
(281, 58, 'Pengelola Data Kasubbag Mutasi Kepegawaian', '', 3, 9),
(282, 61, 'Staf Kasubbag Verifikasi', '', 3, 9),
(283, 89, 'Staf Kasie Evaluasi Operasi Laut', '', 3, 9),
(284, 89, 'Pengadministrasi Umum Seksi Evaluasi Operasi Laut', '', 3, 9),
(285, 127, 'Staf Kasie Monitoring Strategi Kamla', '', 3, 9),
(286, 149, 'Staf Kasie Potensi Kamla', '', 3, 9),
(287, 74, 'Staf TU Deputi Bidang Kebijakan dan Strategi Kamla', '', 3, 9),
(288, 21, 'Staf. Adm. Dir. Hukum', '', 3, 9),
(289, 80, 'Staf. Kasubbag Pelayanan Pengadaan', '', 3, 9),
(290, 138, 'Staf Kasie Advokasi Hukum', '', 3, 9);

-- --------------------------------------------------------

--
-- Struktur dari tabel `jabatan_eselon`
--

CREATE TABLE IF NOT EXISTS `jabatan_eselon` (
  `id` int(11) NOT NULL AUTO_INCREMENT,
  `nama` varchar(255) NOT NULL,
  PRIMARY KEY (`id`)
) ENGINE=InnoDB  DEFAULT CHARSET=latin1 AUTO_INCREMENT=6 ;

--
-- Dumping data untuk tabel `jabatan_eselon`
--

INSERT INTO `jabatan_eselon` (`id`, `nama`) VALUES
(1, 'I'),
(2, 'II'),
(3, 'III'),
(4, 'IV'),
(5, 'V');

-- --------------------------------------------------------

--
-- Struktur dari tabel `jabatan_jenis`
--

CREATE TABLE IF NOT EXISTS `jabatan_jenis` (
  `id` int(11) NOT NULL AUTO_INCREMENT,
  `nama` varchar(255) NOT NULL,
  PRIMARY KEY (`id`)
) ENGINE=InnoDB  DEFAULT CHARSET=latin1 AUTO_INCREMENT=4 ;

--
-- Dumping data untuk tabel `jabatan_jenis`
--

INSERT INTO `jabatan_jenis` (`id`, `nama`) VALUES
(1, 'Struktural'),
(2, 'Fungsional Khusus'),
(3, 'Fungsional Umum');

-- --------------------------------------------------------

--
-- Struktur dari tabel `lampiran`
--

CREATE TABLE IF NOT EXISTS `lampiran` (
  `id` int(11) NOT NULL AUTO_INCREMENT,
  `id_model` int(11) DEFAULT NULL,
  `model` varchar(255) DEFAULT NULL,
  `berkas` varchar(255) DEFAULT NULL,
  `id_jabatan_pembuat` int(11) DEFAULT NULL,
  `username_pembuat` varchar(255) DEFAULT NULL,
  `waktu_dibuat` datetime DEFAULT NULL,
  PRIMARY KEY (`id`)
) ENGINE=InnoDB  DEFAULT CHARSET=latin1 AUTO_INCREMENT=12 ;

--
-- Dumping data untuk tabel `lampiran`
--

INSERT INTO `lampiran` (`id`, `id_model`, `model`, `berkas`, `id_jabatan_pembuat`, `username_pembuat`, `waktu_dibuat`) VALUES
(1, 19, 'Surat', '1450895358_CC_-_2014-09_-_2.pdf', 63, '198305012009012001', '2015-12-24 01:29:18'),
(2, 34, 'Surat', '1450943946_CC_-_2014-09.pdf', 231, '198301162010121001', '2015-12-24 14:59:06'),
(3, 3, 'Surat', '1451276681_SE_Berita_Kelahiran.jpg', 231, '198301162010121001', '2015-12-28 11:24:41'),
(4, 23, 'Surat', '1451468452_SPRIN_DEMO_SEBAGAI_NARASUMBER_DI_ITB_BANDUNG.pdf', 63, '198305012009012001', '2015-12-30 16:40:52'),
(5, 28, 'Surat', '1451605436_KONSEP_PKS_BAKAMLA_DG_AL_29_DESEMBER_2015.pdf', 74, '198412092009012001', '2016-01-01 06:43:56'),
(6, 28, 'Surat', '1451605466_KONSEP_PKS_BAKAMLA_DG_AL_29_DESEMBER_2015.pdf', 74, '198412092009012001', '2016-01-01 06:44:26'),
(7, 28, 'Surat', '1451605491_KONSEP_PKS_BAKAMLA_DG_AL_29_DESEMBER_2015.pdf', 74, '198412092009012001', '2016-01-01 06:44:51'),
(8, 38, 'Surat', '1451890751_Undangan_Rapat_MSDE_6_Jan_2016_fix.pdf', 128, '197503202009122001', '2016-01-04 13:59:11'),
(9, 65, 'Surat', '1452235471_COE_Bakamla_ITB.pdf', 239, '199005162015011001', '2016-01-08 13:44:31'),
(10, 91, 'Surat', '1453265993_rekap_absensi_per_1_-_15_Januari_Dep._Jakstra.pdf', 74, '198412092009012001', '2016-01-20 11:59:53'),
(11, 91, 'Surat', '1453266005_rekap_absensi_per_1_-_15_Januari_Dep._Jakstra.pdf', 74, '198412092009012001', '2016-01-20 12:00:05');

-- --------------------------------------------------------

--
-- Struktur dari tabel `log`
--

CREATE TABLE IF NOT EXISTS `log` (
  `id` int(11) NOT NULL AUTO_INCREMENT,
  `username` varchar(255) DEFAULT NULL,
  `ip` varchar(255) DEFAULT NULL,
  `controller` varchar(255) DEFAULT NULL,
  `action` varchar(255) DEFAULT NULL,
  `uri` varchar(255) DEFAULT NULL,
  `waktu` datetime DEFAULT NULL,
  PRIMARY KEY (`id`)
) ENGINE=InnoDB  DEFAULT CHARSET=latin1 AUTO_INCREMENT=1836 ;

--
-- Dumping data untuk tabel `log`
--

INSERT INTO `log` (`id`, `username`, `ip`, `controller`, `action`, `uri`, `waktu`) VALUES
(1, 'bakamla', '192.168.8.38', 'admin', 'index', '/eoffice/index.php?r=admin/index', '2016-01-11 13:32:13'),
(2, 'bakamla', '192.168.8.6', 'surat', 'view', '/eoffice/index.php?r=surat/view&id=3', '2016-01-11 13:56:43'),
(3, 'bakamla', '192.168.8.6', 'surat', 'view', '/eoffice/index.php?r=surat/view&id=3', '2016-01-11 13:56:44'),
(4, 'bakamla', '192.168.8.38', 'jabatan', 'index', '/eoffice/index.php?r=jabatan/index&id=1', '2016-01-11 14:14:28'),
(5, 'bakamla', '192.168.8.38', 'jabatan', 'update', '/eoffice/index.php?r=jabatan/update&id=85&id_kembali=1', '2016-01-11 14:15:26'),
(6, 'bakamla', '192.168.8.38', 'jabatan', 'update', '/eoffice/index.php?r=jabatan/update&id=88&id_kembali=1', '2016-01-11 14:15:30'),
(7, 'bakamla', '192.168.8.38', 'jabatan', 'update', '/eoffice/index.php?r=jabatan/update&id=89&id_kembali=1', '2016-01-11 14:15:34'),
(8, 'bakamla', '192.168.8.38', 'jabatan', 'update', '/eoffice/index.php?r=jabatan/update&id=283&id_kembali=1', '2016-01-11 14:15:38'),
(9, 'bakamla', '192.168.8.38', 'jabatan', 'update', '/eoffice/index.php?r=jabatan/update&id=90&id_kembali=1', '2016-01-11 14:15:52'),
(10, 'bakamla', '192.168.8.38', 'jabatan', 'update', '/eoffice/index.php?r=jabatan/update&id=91&id_kembali=1', '2016-01-11 14:15:56'),
(11, 'bakamla', '192.168.8.38', 'jabatan', 'update', '/eoffice/index.php?r=jabatan/update&id=87&id_kembali=1', '2016-01-11 14:16:01'),
(12, 'bakamla', '192.168.8.38', 'jabatan', 'update', '/eoffice/index.php?r=jabatan/update&id=92&id_kembali=1', '2016-01-11 14:16:06'),
(13, 'bakamla', '192.168.8.38', 'jabatan', 'update', '/eoffice/index.php?r=jabatan/update&id=93&id_kembali=1', '2016-01-11 14:16:11'),
(14, 'bakamla', '192.168.8.38', 'jabatan', 'update', '/eoffice/index.php?r=jabatan/update&id=97&id_kembali=1', '2016-01-11 14:16:22'),
(15, 'bakamla', '192.168.8.38', 'jabatan', 'update', '/eoffice/index.php?r=jabatan/update&id=265&id_kembali=1', '2016-01-11 14:16:30'),
(16, 'bakamla', '192.168.8.38', 'jabatan', 'update', '/eoffice/index.php?r=jabatan/update&id=99&id_kembali=1', '2016-01-11 14:16:45'),
(17, 'bakamla', '192.168.8.38', 'jabatan', 'index', '/eoffice/index.php?r=jabatan/index&id=1', '2016-01-11 14:17:01'),
(18, 'bakamla', '192.168.8.38', 'jabatan', 'index', '/eoffice/index.php?r=jabatan/index&id=1', '2016-01-11 14:17:20'),
(19, 'bakamla', '192.168.8.38', 'jabatan', 'index', '/eoffice/index.php?r=jabatan/index&id=1', '2016-01-11 14:17:37'),
(20, 'bakamla', '192.168.8.38', 'jabatan', 'index', '/eoffice/index.php?r=jabatan/index&id=1', '2016-01-11 14:17:51'),
(21, 'bakamla', '192.168.8.38', 'jabatan', 'index', '/eoffice/index.php?r=jabatan/index&id=1', '2016-01-11 14:18:01'),
(22, 'bakamla', '192.168.8.38', 'jabatan', 'index', '/eoffice/index.php?r=jabatan/index&id=1', '2016-01-11 14:18:07'),
(23, 'bakamla', '192.168.8.38', 'jabatan', 'index', '/eoffice/index.php?r=jabatan/index&id=1', '2016-01-11 14:18:18'),
(24, 'bakamla', '192.168.8.38', 'jabatan', 'index', '/eoffice/index.php?r=jabatan/index&id=1', '2016-01-11 14:18:24'),
(25, 'bakamla', '192.168.8.38', 'jabatan', 'index', '/eoffice/index.php?r=jabatan/index&id=1', '2016-01-11 14:18:32'),
(26, 'bakamla', '192.168.8.38', 'jabatan', 'index', '/eoffice/index.php?r=jabatan/index&id=1', '2016-01-11 14:18:39'),
(27, 'bakamla', '192.168.8.38', 'jabatan', 'index', '/eoffice/index.php?r=jabatan/index&id=1', '2016-01-11 14:18:48'),
(28, 'bakamla', '192.168.8.38', 'jabatan', 'update', '/eoffice/index.php?r=jabatan/update&id=99&id_kembali=1', '2016-01-11 14:19:29'),
(29, 'bakamla', '192.168.8.38', 'jabatan', 'index', '/eoffice/index.php?r=jabatan/index&id=1', '2016-01-11 14:19:55'),
(30, 'bakamla', '192.168.8.38', 'jabatan', 'update', '/eoffice/index.php?r=jabatan/update&id=98&id_kembali=1', '2016-01-11 14:21:10'),
(31, 'bakamla', '192.168.8.38', 'jabatan', 'update', '/eoffice/index.php?r=jabatan/update&id=264&id_kembali=1', '2016-01-11 14:21:14'),
(32, 'bakamla', '192.168.8.38', 'jabatan', 'update', '/eoffice/index.php?r=jabatan/update&id=95&id_kembali=1', '2016-01-11 14:21:18'),
(33, 'bakamla', '192.168.8.38', 'jabatan', 'update', '/eoffice/index.php?r=jabatan/update&id=100&id_kembali=1', '2016-01-11 14:21:23'),
(34, 'bakamla', '192.168.8.38', 'jabatan', 'update', '/eoffice/index.php?r=jabatan/update&id=96&id_kembali=1', '2016-01-11 14:21:28'),
(35, 'bakamla', '192.168.8.38', 'jabatan', 'update', '/eoffice/index.php?r=jabatan/update&id=101&id_kembali=1', '2016-01-11 14:21:32'),
(36, 'bakamla', '192.168.8.38', 'jabatan', 'update', '/eoffice/index.php?r=jabatan/update&id=102&id_kembali=1', '2016-01-11 14:21:37'),
(37, 'bakamla', '192.168.8.38', 'jabatan', 'update', '/eoffice/index.php?r=jabatan/update&id=104&id_kembali=1', '2016-01-11 14:21:46'),
(38, 'bakamla', '192.168.8.38', 'jabatan', 'update', '/eoffice/index.php?r=jabatan/update&id=107&id_kembali=1', '2016-01-11 14:21:49'),
(39, 'bakamla', '192.168.8.38', 'jabatan', 'update', '/eoffice/index.php?r=jabatan/update&id=266&id_kembali=1', '2016-01-11 14:21:53'),
(40, 'bakamla', '192.168.8.38', 'jabatan', 'update', '/eoffice/index.php?r=jabatan/update&id=108&id_kembali=1', '2016-01-11 14:21:58'),
(41, 'bakamla', '192.168.8.38', 'jabatan', 'update', '/eoffice/index.php?r=jabatan/update&id=267&id_kembali=1', '2016-01-11 14:22:02'),
(42, 'bakamla', '192.168.8.38', 'jabatan', 'update', '/eoffice/index.php?r=jabatan/update&id=105&id_kembali=1', '2016-01-11 14:22:06'),
(43, '198301162010121001', '192.168.8.28', 'pegawai', 'index', '/eoffice/index.php?r=pegawai/index', '2016-01-11 14:27:01'),
(44, 'bakamla', '192.168.9.35', 'admin', 'index', '/eoffice/index.php?r=admin/index', '2016-01-11 14:30:34'),
(45, 'bakamla', '192.168.9.35', 'pegawai', 'admin', '/eoffice/index.php?r=pegawai/admin', '2016-01-11 14:30:38'),
(46, 'bakamla', '192.168.9.35', 'pegawai', 'admin', '/eoffice/index.php?Pegawai%5Bnama%5D=loren&Pegawai%5Bnip%5D=&Pegawai%5Busername%5D=&Pegawai%5Bid_jabatan%5D=&Pegawai%5Blogin_terakhir%5D=&Pegawai_page=1&ajax=pegawai-grid&r=pegawai%2Fadmin', '2016-01-11 14:30:46'),
(47, 'bakamla', '192.168.9.35', 'pegawai', 'setPassword', '/eoffice/index.php?r=pegawai/setPassword&id=423', '2016-01-11 14:31:10'),
(48, 'bakamla', '192.168.9.35', 'pegawai', 'admin', '/eoffice/index.php?r=pegawai/admin', '2016-01-11 14:31:19'),
(49, '197601172010122001', '192.168.9.35', 'pegawai', 'index', '/eoffice/index.php?r=pegawai/index', '2016-01-11 14:31:31'),
(50, '197601172010122001', '192.168.9.35', 'surat', 'create', '/eoffice/index.php?r=surat/create', '2016-01-11 14:32:05'),
(51, '197601172010122001', '192.168.9.35', 'surat', 'create', '/eoffice/index.php?Pegawai%5Bnama%5D=aulia&Pegawai%5Bid_jabatan%5D=&Pegawai_page=1&ajax=pegawai-grid&r=surat%2Fcreate', '2016-01-11 14:32:58'),
(52, '197601172010122001', '192.168.9.35', 'surat', 'konsep', '/eoffice/index.php?r=surat/konsep&id=77', '2016-01-11 14:33:09'),
(53, '197601172010122001', '192.168.9.35', 'surat', 'cetakSuratUndangan', '/eoffice/index.php?r=surat/cetakSuratUndangan&id=77', '2016-01-11 14:33:16'),
(54, '197601172010122001', '192.168.9.35', 'surat', 'konsep', '/eoffice/index.php?r=surat/konsep&id=77', '2016-01-11 14:35:55'),
(55, '197601172010122001', '192.168.9.35', 'surat', 'cetakSuratUndangan', '/eoffice/index.php?r=surat/cetakSuratUndangan&id=77', '2016-01-11 14:36:00'),
(56, '197601172010122001', '192.168.9.35', 'surat', 'konsep', '/eoffice/index.php?r=surat/konsep&id=77', '2016-01-11 14:39:22'),
(57, '197601172010122001', '192.168.9.35', 'surat', 'cetakSuratUndangan', '/eoffice/index.php?r=surat/cetakSuratUndangan&id=77', '2016-01-11 14:39:28'),
(58, '197601172010122001', '192.168.9.35', 'surat', 'konsep', '/eoffice/index.php?r=surat/konsep&id=77', '2016-01-11 14:39:39'),
(59, '197601172010122001', '192.168.9.35', 'surat', 'disetujui', '/eoffice/index.php?r=surat/disetujui&id=77', '2016-01-11 14:40:01'),
(60, 'bakamla', '192.168.9.35', 'admin', 'index', '/eoffice/index.php?r=admin/index', '2016-01-11 14:42:21'),
(61, 'bakamla', '192.168.9.35', 'pegawai', 'admin', '/eoffice/index.php?r=pegawai/admin', '2016-01-11 14:42:27'),
(62, 'bakamla', '192.168.9.35', 'pegawai', 'admin', '/eoffice/index.php?Pegawai%5Bnama%5D=aulia&Pegawai%5Bnip%5D=&Pegawai%5Busername%5D=&Pegawai%5Bid_jabatan%5D=&Pegawai%5Blogin_terakhir%5D=&Pegawai_page=1&ajax=pegawai-grid&r=pegawai%2Fadmin', '2016-01-11 14:42:38'),
(63, 'bakamla', '192.168.9.35', 'pegawai', 'setPassword', '/eoffice/index.php?r=pegawai/setPassword&id=111', '2016-01-11 14:42:44'),
(64, 'bakamla', '192.168.9.35', 'pegawai', 'admin', '/eoffice/index.php?r=pegawai/admin', '2016-01-11 14:42:52'),
(65, '198412092009012001', '192.168.9.35', 'pegawai', 'index', '/eoffice/index.php?r=pegawai/index', '2016-01-11 14:43:04'),
(66, '198412092009012001', '192.168.9.35', 'pegawai', 'draf', '/eoffice/index.php?r=pegawai/draf&status=disetujui', '2016-01-11 14:43:12'),
(67, '198412092009012001', '192.168.9.35', 'pegawai', 'draf', '/eoffice/index.php?r=pegawai/draf&status=disetujui', '2016-01-11 14:48:31'),
(68, '198412092009012001', '192.168.9.35', 'surat', 'disetujui', '/eoffice/index.php?r=surat/disetujui&id=28', '2016-01-11 14:48:40'),
(69, '198412092009012001', '192.168.9.35', 'surat', 'cetakMemo', '/eoffice/index.php?r=surat/cetakMemo&id=28', '2016-01-11 14:48:45'),
(70, '198412092009012001', '192.168.9.35', 'pegawai', 'profil', '/eoffice/index.php?r=pegawai/profil', '2016-01-11 14:51:13'),
(71, '198412092009012001', '192.168.9.35', 'pegawai', 'index', '/eoffice/index.php?r=pegawai/index', '2016-01-11 14:51:17'),
(72, 'bakamla', '192.168.8.38', 'jabatan', 'index', '/eoffice/index.php?r=jabatan/index&id=1', '2016-01-11 15:06:27'),
(73, 'bakamla', '192.168.8.38', 'jabatan', 'index', '/eoffice/index.php?r=jabatan/index&id=1', '2016-01-11 15:06:36'),
(74, 'bakamla', '192.168.8.38', 'jabatan', 'index', '/eoffice/index.php?r=jabatan/index&id=1', '2016-01-11 15:06:42'),
(75, 'bakamla', '192.168.8.38', 'jabatan', 'index', '/eoffice/index.php?r=jabatan/index&id=1', '2016-01-11 15:06:51'),
(76, 'bakamla', '192.168.8.38', 'jabatan', 'index', '/eoffice/index.php?r=jabatan/index&id=1', '2016-01-11 15:06:58'),
(77, 'bakamla', '192.168.8.38', 'jabatan', 'index', '/eoffice/index.php?r=jabatan/index&id=1', '2016-01-11 15:07:05'),
(78, 'bakamla', '192.168.8.38', 'jabatan', 'index', '/eoffice/index.php?r=jabatan/index&id=1', '2016-01-11 15:07:13'),
(79, 'bakamla', '192.168.8.38', 'jabatan', 'index', '/eoffice/index.php?r=jabatan/index&id=1', '2016-01-11 15:07:19'),
(80, 'bakamla', '192.168.8.38', 'jabatan', 'index', '/eoffice/index.php?r=jabatan/index&id=1', '2016-01-11 15:07:25'),
(81, 'bakamla', '192.168.8.38', 'jabatan', 'index', '/eoffice/index.php?r=jabatan/index&id=1', '2016-01-11 15:07:31'),
(82, 'bakamla', '192.168.8.38', 'jabatan', 'index', '/eoffice/index.php?r=jabatan/index&id=1', '2016-01-11 15:07:39'),
(83, 'bakamla', '192.168.8.38', 'jabatan', 'index', '/eoffice/index.php?r=jabatan/index&id=1', '2016-01-11 15:07:48'),
(84, 'bakamla', '192.168.8.38', 'jabatan', 'index', '/eoffice/index.php?r=jabatan/index&id=1', '2016-01-11 15:07:55'),
(85, 'bakamla', '192.168.8.38', 'jabatan', 'index', '/eoffice/index.php?r=jabatan/index&id=1', '2016-01-11 15:09:40'),
(86, 'bakamla', '192.168.8.38', 'pegawai', 'admin', '/eoffice/index.php?r=pegawai/admin', '2016-01-11 15:11:12'),
(87, 'bakamla', '192.168.8.38', 'pegawai', 'admin', '/eoffice/index.php?Pegawai%5Bnama%5D=ika&Pegawai%5Bnip%5D=&Pegawai%5Busername%5D=&Pegawai%5Bid_jabatan%5D=&Pegawai%5Blogin_terakhir%5D=&Pegawai_page=1&ajax=pegawai-grid&r=pegawai%2Fadmin', '2016-01-11 15:11:56'),
(88, '3275085103700022', '192.168.8.38', 'pegawai', 'index', '/eoffice/index.php?r=pegawai/index', '2016-01-11 15:12:41'),
(89, '3275085103700022', '192.168.8.38', 'pegawai', 'draf', '/eoffice/index.php?r=pegawai/draf&status=konsep', '2016-01-11 15:13:10'),
(90, '3275085103700022', '192.168.8.38', 'surat', 'create', '/eoffice/index.php?r=surat/create', '2016-01-11 15:13:16'),
(91, '3275085103700022', '192.168.8.38', 'surat', 'konsep', '/eoffice/index.php?r=surat/konsep&id=78', '2016-01-11 15:13:50'),
(92, '3275085103700022', '192.168.8.38', 'surat', 'cetakSuratUndangan', '/eoffice/index.php?r=surat/cetakSuratUndangan&id=78', '2016-01-11 15:13:55'),
(93, '3275085103700022', '192.168.8.38', 'surat', 'konsep', '/eoffice/index.php?r=surat/konsep&id=78', '2016-01-11 15:14:05'),
(94, '3275085103700022', '192.168.8.38', 'surat', 'cetakSuratUndangan', '/eoffice/index.php?r=surat/cetakSuratUndangan&id=78', '2016-01-11 15:14:10'),
(95, '3275085103700022', '192.168.8.38', 'surat', 'konsep', '/eoffice/index.php?r=surat/konsep&id=78', '2016-01-11 15:14:44'),
(96, '3275085103700022', '192.168.8.38', 'surat', 'cetakSuratUndangan', '/eoffice/index.php?r=surat/cetakSuratUndangan&id=78', '2016-01-11 15:14:49'),
(97, '3275085103700022', '192.168.8.38', 'surat', 'konsep', '/eoffice/index.php?r=surat/konsep&id=78', '2016-01-11 15:18:30'),
(98, '3275085103700022', '192.168.8.38', 'surat', 'cetakSuratUndangan', '/eoffice/index.php?r=surat/cetakSuratUndangan&id=78', '2016-01-11 15:18:36'),
(99, 'bakamla', '192.168.8.6', 'admin', 'index', '/eoffice/index.php?r=admin/index', '2016-01-11 15:51:37'),
(100, 'bakamla', '192.168.8.6', 'admin', 'index', '/eoffice/index.php?r=admin/index', '2016-01-12 08:07:40'),
(101, 'bakamla', '192.168.8.38', 'admin', 'index', '/eoffice/index.php?r=admin/index', '2016-01-12 09:08:31'),
(102, 'bakamla', '192.168.8.38', 'pegawai', 'admin', '/eoffice/index.php?r=pegawai/admin', '2016-01-12 09:09:14'),
(103, 'bakamla', '192.168.8.38', 'jabatan', 'index', '/eoffice/index.php?r=jabatan/index&id=1', '2016-01-12 09:09:23'),
(104, 'bakamla', '192.168.8.38', 'suratJenis', 'index', '/eoffice/index.php?r=suratJenis/index', '2016-01-12 09:09:26'),
(105, 'bakamla', '192.168.8.38', 'suratJenis', 'update', '/eoffice/index.php?r=suratJenis/update&id=1', '2016-01-12 09:09:36'),
(106, 'bakamla', '192.168.8.38', 'admin', 'index', '/eoffice/index.php?r=admin/index', '2016-01-12 09:09:46'),
(107, 'bakamla', '192.168.8.38', 'distribusiGrup', 'admin', '/eoffice/index.php?r=distribusiGrup/admin', '2016-01-12 09:10:09'),
(108, 'bakamla', '192.168.8.38', 'distribusi', 'admin', '/eoffice/index.php?r=distribusi/admin', '2016-01-12 09:10:18'),
(109, 'bakamla', '192.168.8.38', 'surat', 'laporan', '/eoffice/index.php?r=surat/laporan', '2016-01-12 09:10:36'),
(110, 'bakamla', '192.168.8.38', 'surat', 'laporan', '/eoffice/index.php?r=surat/laporan', '2016-01-12 09:11:10'),
(111, 'bakamla', '192.168.8.38', 'surat', 'laporan', '/eoffice/index.php?r=surat/laporan', '2016-01-12 09:11:40'),
(112, 'bakamla', '192.168.8.38', 'pegawai', 'admin', '/eoffice/index.php?r=pegawai/admin', '2016-01-12 09:11:51'),
(113, 'bakamla', '192.168.8.38', 'jabatan', 'index', '/eoffice/index.php?r=jabatan/index&id=1', '2016-01-12 09:11:58'),
(114, 'bakamla', '192.168.8.38', 'jabatan', 'update', '/eoffice/index.php?r=jabatan/update&id=14&id_kembali=1', '2016-01-12 09:12:18'),
(115, 'bakamla', '192.168.8.38', 'jabatan', 'update', '/eoffice/index.php?r=jabatan/update&id=17&id_kembali=1', '2016-01-12 09:12:53'),
(116, 'bakamla', '192.168.8.38', 'jabatan', 'update', '/eoffice/index.php?r=jabatan/update&id=86&id_kembali=1', '2016-01-12 09:13:04'),
(117, 'bakamla', '192.168.8.38', 'jabatan', 'update', '/eoffice/index.php?r=jabatan/update&id=94&id_kembali=1', '2016-01-12 09:13:11'),
(118, 'bakamla', '192.168.8.38', 'jabatan', 'update', '/eoffice/index.php?r=jabatan/update&id=109&id_kembali=1', '2016-01-12 09:13:26'),
(119, 'bakamla', '192.168.8.38', 'jabatan', 'update', '/eoffice/index.php?r=jabatan/update&id=110&id_kembali=1', '2016-01-12 09:13:30'),
(120, 'bakamla', '192.168.8.38', 'jabatan', 'update', '/eoffice/index.php?r=jabatan/update&id=106&id_kembali=1', '2016-01-12 09:13:40'),
(121, 'bakamla', '192.168.8.38', 'jabatan', 'update', '/eoffice/index.php?r=jabatan/update&id=111&id_kembali=1', '2016-01-12 09:13:44'),
(122, 'bakamla', '192.168.8.38', 'jabatan', 'update', '/eoffice/index.php?r=jabatan/update&id=112&id_kembali=1', '2016-01-12 09:13:49'),
(123, 'bakamla', '192.168.8.38', 'jabatan', 'index', '/eoffice/index.php?r=jabatan/index&id=1', '2016-01-12 09:14:44'),
(124, 'bakamla', '192.168.8.38', 'jabatan', 'index', '/eoffice/index.php?r=jabatan/index&id=1', '2016-01-12 09:14:49'),
(125, 'bakamla', '192.168.8.38', 'jabatan', 'index', '/eoffice/index.php?r=jabatan/index&id=1', '2016-01-12 09:14:54'),
(126, 'bakamla', '192.168.8.38', 'jabatan', 'index', '/eoffice/index.php?r=jabatan/index&id=1', '2016-01-12 09:14:59'),
(127, 'bakamla', '192.168.8.38', 'jabatan', 'index', '/eoffice/index.php?r=jabatan/index&id=1', '2016-01-12 09:15:02'),
(128, 'bakamla', '192.168.8.38', 'jabatan', 'index', '/eoffice/index.php?r=jabatan/index&id=1', '2016-01-12 09:15:11'),
(129, 'bakamla', '192.168.8.38', 'jabatan', 'index', '/eoffice/index.php?r=jabatan/index&id=1', '2016-01-12 09:15:18'),
(130, 'bakamla', '192.168.8.38', 'jabatan', 'index', '/eoffice/index.php?r=jabatan/index&id=1', '2016-01-12 09:15:23'),
(131, 'bakamla', '192.168.8.38', 'jabatan', 'index', '/eoffice/index.php?r=jabatan/index&id=1', '2016-01-12 09:15:31'),
(132, 'bakamla', '192.168.8.38', 'jabatan', 'update', '/eoffice/index.php?r=jabatan/update&id=112&id_kembali=1', '2016-01-12 09:15:32'),
(133, 'bakamla', '192.168.8.38', 'jabatan', 'index', '/eoffice/index.php?r=jabatan/index&id=1', '2016-01-12 09:15:42'),
(134, 'bakamla', '192.168.8.38', 'jabatan', 'index', '/eoffice/index.php?r=jabatan/index&id=1', '2016-01-12 09:16:01'),
(135, 'bakamla', '192.168.8.38', 'jabatan', 'index', '/eoffice/index.php?r=jabatan/index&id=1', '2016-01-12 09:16:11'),
(136, 'bakamla', '192.168.8.38', 'pegawai', 'admin', '/eoffice/index.php?r=pegawai/admin', '2016-01-12 09:16:15'),
(137, 'bakamla', '192.168.8.38', 'pegawai', 'admin', '/eoffice/index.php?Pegawai%5Bnama%5D=budiawati&Pegawai%5Bnip%5D=&Pegawai%5Busername%5D=&Pegawai%5Bid_jabatan%5D=&Pegawai%5Blogin_terakhir%5D=&Pegawai_page=1&ajax=pegawai-grid&r=pegawai%2Fadmin', '2016-01-12 09:16:29'),
(138, '3275085103700022', '192.168.8.38', 'pegawai', 'index', '/eoffice/index.php?r=pegawai/index', '2016-01-12 09:16:44'),
(139, '3275085103700022', '192.168.8.38', 'pegawai', 'draf', '/eoffice/index.php?r=pegawai/draf&status=konsep', '2016-01-12 09:16:53'),
(140, '3275085103700022', '192.168.8.38', 'surat', 'konsep', '/eoffice/index.php?r=surat/konsep&id=78', '2016-01-12 09:17:00'),
(141, '3275085103700022', '192.168.8.38', 'surat', 'cetakSuratUndangan', '/eoffice/index.php?r=surat/cetakSuratUndangan&id=78', '2016-01-12 09:17:05'),
(142, '3275085103700022', '192.168.8.38', 'surat', 'create', '/eoffice/index.php?r=surat/create', '2016-01-12 09:25:43'),
(143, '3275085103700022', '192.168.8.38', 'surat', 'konsep', '/eoffice/index.php?r=surat/konsep&id=79', '2016-01-12 09:26:17'),
(144, '3275085103700022', '192.168.8.38', 'surat', 'cetakSuratTugas', '/eoffice/index.php?r=surat/cetakSuratTugas&id=79', '2016-01-12 09:26:21'),
(145, '3275085103700022', '192.168.8.38', 'surat', 'create', '/eoffice/index.php?r=surat/create', '2016-01-12 09:32:06'),
(146, '3275085103700022', '192.168.8.38', 'surat', 'konsep', '/eoffice/index.php?r=surat/konsep&id=79', '2016-01-12 09:39:25'),
(147, '3275085103700022', '192.168.8.38', 'surat', 'konsep', '/eoffice/index.php?r=surat/konsep&id=79', '2016-01-12 09:39:27'),
(148, '3275085103700022', '192.168.8.38', 'surat', 'konsep', '/eoffice/index.php?r=surat/konsep&id=79', '2016-01-12 09:39:28'),
(149, '3275085103700022', '192.168.8.38', 'surat', 'konsep', '/eoffice/index.php?r=surat/konsep&id=79', '2016-01-12 09:39:55'),
(150, '3275085103700022', '192.168.8.38', 'surat', 'cetakSuratTugas', '/eoffice/index.php?r=surat/cetakSuratTugas&id=79', '2016-01-12 09:40:00'),
(151, '3275085103700022', '192.168.8.38', 'surat', 'konsep', '/eoffice/index.php?r=surat/konsep&id=79', '2016-01-12 10:00:09'),
(152, '3275085103700022', '192.168.8.38', 'surat', 'cetakSuratTugas', '/eoffice/index.php?r=surat/cetakSuratTugas&id=79', '2016-01-12 10:00:17'),
(153, '3275085103700022', '192.168.8.38', 'surat', 'konsep', '/eoffice/index.php?r=surat/konsep&id=79', '2016-01-12 10:33:51'),
(154, '3275085103700022', '192.168.8.38', 'surat', 'cetakSuratTugas', '/eoffice/index.php?r=surat/cetakSuratTugas&id=79', '2016-01-12 10:34:05'),
(155, '198106112010122001', '192.168.2.254', 'pegawai', 'index', '/eoffice/index.php?r=pegawai/index', '2016-01-12 12:04:38'),
(156, '198106112010122001', '192.168.2.254', 'pegawai', 'distribusi', '/eoffice/index.php?r=pegawai/distribusi&id_distribusi_jenis=3', '2016-01-12 12:12:30'),
(157, '198106112010122001', '192.168.2.254', 'pegawai', 'distribusi', '/eoffice/index.php?r=pegawai/distribusi&id_distribusi_jenis=4', '2016-01-12 12:12:35'),
(158, '198106112010122001', '192.168.2.254', 'pegawai', 'paraf', '/eoffice/index.php?r=pegawai/paraf', '2016-01-12 12:12:43'),
(159, '198106112010122001', '192.168.2.254', 'pegawai', 'index', '/eoffice/index.php?r=pegawai/index', '2016-01-12 12:12:49'),
(160, 'bakamla', '192.168.8.6', 'admin', 'index', '/eoffice/index.php?r=admin/index', '2016-01-13 07:11:26'),
(161, '198211292010122002', '10.103.1.31', 'pegawai', 'index', '/eoffice/index.php?r=pegawai/index', '2016-01-13 08:21:24'),
(162, '198211292010122002', '10.103.1.31', 'surat', 'create', '/eoffice/index.php?r=surat/create', '2016-01-13 08:33:35'),
(163, '198211292010122002', '10.103.1.31', 'surat', 'konsep', '/eoffice/index.php?r=surat/konsep&id=80', '2016-01-13 08:34:21'),
(164, '198211292010122002', '10.103.1.31', 'surat', 'cetakSuratTidakMasuk', '/eoffice/index.php?r=surat/cetakSuratTidakMasuk&id=80', '2016-01-13 08:34:34'),
(165, '198211292010122002', '10.103.1.31', 'surat', 'cetakSuratTidakMasuk', '/eoffice/index.php?r=surat/cetakSuratTidakMasuk&id=80', '2016-01-13 08:37:38'),
(166, '198211292010122002', '10.103.1.31', 'surat', 'konsep', '/eoffice/index.php?r=surat/konsep&id=80', '2016-01-13 08:43:13'),
(167, '198211292010122002', '10.103.1.31', 'surat', 'cetakSuratTidakMasuk', '/eoffice/index.php?r=surat/cetakSuratTidakMasuk&id=80', '2016-01-13 08:43:32'),
(168, '198211292010122002', '10.103.1.31', 'surat', 'konsep', '/eoffice/index.php?Jabatan%5Bnama%5D=kasubdit+&Jabatan_page=1&ajax=pegawai-grid&id=80&r=surat%2Fkonsep', '2016-01-13 08:45:09'),
(169, '198211292010122002', '10.103.1.31', 'surat', 'konsep', '/eoffice/index.php?Jabatan%5Bnama%5D=kasubdit+pengembangan&Jabatan_page=1&ajax=pegawai-grid&id=80&r=surat%2Fkonsep', '2016-01-13 08:45:19'),
(170, '198211292010122002', '10.103.1.31', 'surat', 'konsep', '/eoffice/index.php?Jabatan%5Bnama%5D=kasubdit+pengembangan+potensi&Jabatan_page=1&ajax=pegawai-grid&id=80&r=surat%2Fkonsep', '2016-01-13 08:45:28'),
(171, '198211292010122002', '10.103.1.31', 'surat', 'konsep', '/eoffice/index.php?Jabatan%5Bnama%5D=+pengembangan+potensi&Jabatan_page=1&ajax=pegawai-grid&id=80&r=surat%2Fkonsep', '2016-01-13 08:45:50'),
(172, '198211292010122002', '10.103.1.31', 'surat', 'konsep', '/eoffice/index.php?Jabatan%5Bnama%5D=pengembangan+potensi&Jabatan_page=1&ajax=pegawai-grid&id=80&r=surat%2Fkonsep', '2016-01-13 08:45:55'),
(173, '198211292010122002', '10.103.1.31', 'surat', 'konsep', '/eoffice/index.php?r=surat/konsep&id=80', '2016-01-13 08:46:27'),
(174, '198211292010122002', '10.103.1.31', 'surat', 'konsep', '/eoffice/index.php?r=surat/konsep&id=80', '2016-01-13 08:46:35'),
(175, '198211292010122002', '10.103.1.31', 'surat', 'cetakSuratTidakMasuk', '/eoffice/index.php?r=surat/cetakSuratTidakMasuk&id=80', '2016-01-13 08:46:53'),
(176, 'bakamla', '192.168.8.12', 'admin', 'index', '/eoffice/index.php?r=admin/index', '2016-01-13 09:25:08'),
(177, 'bakamla', '192.168.8.38', 'jabatan', 'index', '/eoffice/index.php?r=jabatan/index&id=1', '2016-01-13 09:29:15'),
(178, 'bakamla', '192.168.8.38', 'jabatan', 'update', '/eoffice/index.php?r=jabatan/update&id=25&id_kembali=1', '2016-01-13 09:29:46'),
(179, 'bakamla', '192.168.8.38', 'jabatan', 'update', '/eoffice/index.php?r=jabatan/update&id=66&id_kembali=1', '2016-01-13 09:29:56'),
(180, 'bakamla', '192.168.8.38', 'jabatan', 'update', '/eoffice/index.php?r=jabatan/update&id=231&id_kembali=1', '2016-01-13 09:30:12'),
(181, 'bakamla', '192.168.8.38', 'jabatan', 'update', '/eoffice/index.php?r=jabatan/update&id=67&id_kembali=1', '2016-01-13 09:30:22'),
(182, 'bakamla', '192.168.8.38', 'jabatan', 'update', '/eoffice/index.php?r=jabatan/update&id=234&id_kembali=1', '2016-01-13 09:30:31'),
(183, 'bakamla', '192.168.8.38', 'jabatan', 'index', '/eoffice/index.php?r=jabatan/index&id=1', '2016-01-13 09:31:11'),
(184, 'bakamla', '192.168.8.38', 'jabatan', 'index', '/eoffice/index.php?r=jabatan/index&id=1', '2016-01-13 09:31:19'),
(185, 'bakamla', '192.168.8.38', 'jabatan', 'index', '/eoffice/index.php?r=jabatan/index&id=1', '2016-01-13 09:31:28'),
(186, 'bakamla', '192.168.8.38', 'jabatan', 'index', '/eoffice/index.php?r=jabatan/index&id=1', '2016-01-13 09:31:37'),
(187, 'bakamla', '192.168.8.38', 'jabatan', 'index', '/eoffice/index.php?r=jabatan/index&id=1', '2016-01-13 09:31:52'),
(188, 'bakamla', '192.168.8.12', 'jabatan', 'update', '/eoffice/index.php?r=jabatan/update&id=75&id_kembali=1', '2016-01-13 09:32:59'),
(189, 'bakamla', '192.168.8.12', 'jabatan', 'update', '/eoffice/index.php?r=jabatan/update&id=236&id_kembali=1', '2016-01-13 09:33:03'),
(190, 'bakamla', '192.168.8.12', 'jabatan', 'update', '/eoffice/index.php?r=jabatan/update&id=133&id_kembali=1', '2016-01-13 09:33:07'),
(191, 'bakamla', '192.168.8.12', 'jabatan', 'update', '/eoffice/index.php?r=jabatan/update&id=237&id_kembali=1', '2016-01-13 09:33:18'),
(192, 'bakamla', '192.168.8.12', 'jabatan', 'update', '/eoffice/index.php?r=jabatan/update&id=38&id_kembali=1', '2016-01-13 09:33:23'),
(193, 'bakamla', '192.168.8.12', 'jabatan', 'update', '/eoffice/index.php?r=jabatan/update&id=39&id_kembali=1', '2016-01-13 09:33:28'),
(194, 'bakamla', '192.168.8.12', 'jabatan', 'update', '/eoffice/index.php?r=jabatan/update&id=134&id_kembali=1', '2016-01-13 09:33:39'),
(195, 'bakamla', '192.168.8.12', 'jabatan', 'update', '/eoffice/index.php?r=jabatan/update&id=239&id_kembali=1', '2016-01-13 09:33:44'),
(196, 'bakamla', '192.168.8.12', 'jabatan', 'update', '/eoffice/index.php?r=jabatan/update&id=27&id_kembali=1', '2016-01-13 09:33:51'),
(197, 'bakamla', '192.168.8.12', 'jabatan', 'update', '/eoffice/index.php?r=jabatan/update&id=137&id_kembali=1', '2016-01-13 09:33:56'),
(198, 'bakamla', '192.168.8.12', 'jabatan', 'update', '/eoffice/index.php?r=jabatan/update&id=240&id_kembali=1', '2016-01-13 09:34:00'),
(199, 'bakamla', '192.168.8.12', 'jabatan', 'update', '/eoffice/index.php?r=jabatan/update&id=138&id_kembali=1', '2016-01-13 09:34:04'),
(200, 'bakamla', '192.168.8.12', 'jabatan', 'update', '/eoffice/index.php?r=jabatan/update&id=290&id_kembali=1', '2016-01-13 09:34:09'),
(201, 'bakamla', '192.168.8.12', 'jabatan', 'update', '/eoffice/index.php?r=jabatan/update&id=140&id_kembali=1', '2016-01-13 09:34:15'),
(202, 'bakamla', '192.168.8.12', 'jabatan', 'index', '/eoffice/index.php?r=jabatan/index&id=1', '2016-01-13 09:34:26'),
(203, 'bakamla', '192.168.8.12', 'jabatan', 'index', '/eoffice/index.php?r=jabatan/index&id=1', '2016-01-13 09:34:36'),
(204, 'bakamla', '192.168.8.12', 'jabatan', 'index', '/eoffice/index.php?r=jabatan/index&id=1', '2016-01-13 09:34:44'),
(205, 'bakamla', '192.168.8.12', 'jabatan', 'index', '/eoffice/index.php?r=jabatan/index&id=1', '2016-01-13 09:34:49'),
(206, 'bakamla', '192.168.8.12', 'jabatan', 'index', '/eoffice/index.php?r=jabatan/index&id=1', '2016-01-13 09:34:57'),
(207, 'bakamla', '192.168.8.12', 'jabatan', 'index', '/eoffice/index.php?r=jabatan/index&id=1', '2016-01-13 09:35:04'),
(208, 'bakamla', '192.168.8.12', 'jabatan', 'index', '/eoffice/index.php?r=jabatan/index&id=1', '2016-01-13 09:35:11'),
(209, 'bakamla', '192.168.8.12', 'jabatan', 'index', '/eoffice/index.php?r=jabatan/index&id=1', '2016-01-13 09:35:19'),
(210, 'bakamla', '192.168.8.12', 'jabatan', 'index', '/eoffice/index.php?r=jabatan/index&id=1', '2016-01-13 09:35:25'),
(211, 'bakamla', '192.168.8.12', 'jabatan', 'index', '/eoffice/index.php?r=jabatan/index&id=1', '2016-01-13 09:35:32'),
(212, 'bakamla', '192.168.8.12', 'jabatan', 'index', '/eoffice/index.php?r=jabatan/index&id=1', '2016-01-13 09:35:39'),
(213, 'bakamla', '192.168.8.12', 'jabatan', 'index', '/eoffice/index.php?r=jabatan/index&id=1', '2016-01-13 09:35:43'),
(214, 'bakamla', '192.168.8.12', 'jabatan', 'index', '/eoffice/index.php?r=jabatan/index&id=1', '2016-01-13 09:35:49'),
(215, 'bakamla', '192.168.8.12', 'jabatan', 'index', '/eoffice/index.php?r=jabatan/index&id=1', '2016-01-13 09:35:57'),
(216, 'bakamla', '192.168.8.12', 'jabatan', 'index', '/eoffice/index.php?r=jabatan/index&id=1', '2016-01-13 09:36:31'),
(217, 'bakamla', '192.168.8.12', 'jabatan', 'update', '/eoffice/index.php?r=jabatan/update&id=139&id_kembali=1', '2016-01-13 09:36:50'),
(218, 'bakamla', '192.168.8.12', 'jabatan', 'update', '/eoffice/index.php?r=jabatan/update&id=232&id_kembali=1', '2016-01-13 09:36:54'),
(219, 'bakamla', '192.168.8.12', 'jabatan', 'update', '/eoffice/index.php?r=jabatan/update&id=136&id_kembali=1', '2016-01-13 09:36:59'),
(220, 'bakamla', '192.168.8.12', 'jabatan', 'update', '/eoffice/index.php?r=jabatan/update&id=141&id_kembali=1', '2016-01-13 09:37:03'),
(221, 'bakamla', '192.168.8.12', 'jabatan', 'update', '/eoffice/index.php?r=jabatan/update&id=233&id_kembali=1', '2016-01-13 09:37:07'),
(222, 'bakamla', '192.168.8.12', 'jabatan', 'update', '/eoffice/index.php?r=jabatan/update&id=142&id_kembali=1', '2016-01-13 09:37:12'),
(223, 'bakamla', '192.168.8.12', 'jabatan', 'update', '/eoffice/index.php?r=jabatan/update&id=241&id_kembali=1', '2016-01-13 09:37:17'),
(224, 'bakamla', '192.168.8.12', 'jabatan', 'update', '/eoffice/index.php?r=jabatan/update&id=28&id_kembali=1', '2016-01-13 09:37:37'),
(225, 'bakamla', '192.168.8.12', 'jabatan', 'update', '/eoffice/index.php?r=jabatan/update&id=242&id_kembali=1', '2016-01-13 09:37:43'),
(226, 'bakamla', '192.168.8.12', 'jabatan', 'update', '/eoffice/index.php?r=jabatan/update&id=146&id_kembali=1', '2016-01-13 09:38:00'),
(227, 'bakamla', '192.168.8.12', 'jabatan', 'update', '/eoffice/index.php?r=jabatan/update&id=243&id_kembali=1', '2016-01-13 09:38:04'),
(228, 'bakamla', '192.168.8.12', 'jabatan', 'update', '/eoffice/index.php?r=jabatan/update&id=244&id_kembali=1', '2016-01-13 09:38:10'),
(229, 'bakamla', '192.168.8.12', 'jabatan', 'update', '/eoffice/index.php?r=jabatan/update&id=143&id_kembali=1', '2016-01-13 09:38:14'),
(230, 'bakamla', '192.168.8.12', 'jabatan', 'update', '/eoffice/index.php?r=jabatan/update&id=147&id_kembali=1', '2016-01-13 09:38:19'),
(231, 'bakamla', '192.168.8.12', 'jabatan', 'update', '/eoffice/index.php?r=jabatan/update&id=245&id_kembali=1', '2016-01-13 09:38:23'),
(232, 'bakamla', '192.168.8.12', 'jabatan', 'update', '/eoffice/index.php?r=jabatan/update&id=148&id_kembali=1', '2016-01-13 09:38:28'),
(233, 'bakamla', '192.168.8.12', 'jabatan', 'update', '/eoffice/index.php?r=jabatan/update&id=235&id_kembali=1', '2016-01-13 09:38:33'),
(234, 'bakamla', '192.168.8.12', 'jabatan', 'update', '/eoffice/index.php?r=jabatan/update&id=144&id_kembali=1', '2016-01-13 09:38:38'),
(235, 'bakamla', '192.168.8.12', 'jabatan', 'update', '/eoffice/index.php?r=jabatan/update&id=149&id_kembali=1', '2016-01-13 09:38:43'),
(236, 'bakamla', '192.168.8.12', 'jabatan', 'update', '/eoffice/index.php?r=jabatan/update&id=286&id_kembali=1', '2016-01-13 09:38:48'),
(237, 'bakamla', '192.168.8.12', 'jabatan', 'update', '/eoffice/index.php?r=jabatan/update&id=150&id_kembali=1', '2016-01-13 09:38:53'),
(238, 'bakamla', '192.168.8.12', 'jabatan', 'update', '/eoffice/index.php?r=jabatan/update&id=246&id_kembali=1', '2016-01-13 09:39:00'),
(239, 'bakamla', '192.168.8.12', 'jabatan', 'index', '/eoffice/index.php?r=jabatan/index&id=1', '2016-01-13 09:39:13'),
(240, 'bakamla', '192.168.8.12', 'jabatan', 'index', '/eoffice/index.php?r=jabatan/index&id=1', '2016-01-13 09:39:22'),
(241, 'bakamla', '192.168.8.12', 'jabatan', 'index', '/eoffice/index.php?r=jabatan/index&id=1', '2016-01-13 09:39:31'),
(242, 'bakamla', '192.168.8.12', 'jabatan', 'index', '/eoffice/index.php?r=jabatan/index&id=1', '2016-01-13 09:39:39'),
(243, 'bakamla', '192.168.8.12', 'jabatan', 'index', '/eoffice/index.php?r=jabatan/index&id=1', '2016-01-13 09:39:48'),
(244, 'bakamla', '192.168.8.12', 'jabatan', 'index', '/eoffice/index.php?r=jabatan/index&id=1', '2016-01-13 09:39:58'),
(245, 'bakamla', '192.168.8.12', 'jabatan', 'index', '/eoffice/index.php?r=jabatan/index&id=1', '2016-01-13 09:40:06'),
(246, 'bakamla', '192.168.8.12', 'jabatan', 'index', '/eoffice/index.php?r=jabatan/index&id=1', '2016-01-13 09:40:10'),
(247, 'bakamla', '192.168.8.12', 'jabatan', 'index', '/eoffice/index.php?r=jabatan/index&id=1', '2016-01-13 09:40:29'),
(248, 'bakamla', '192.168.8.12', 'jabatan', 'index', '/eoffice/index.php?r=jabatan/index&id=1', '2016-01-13 09:40:36'),
(249, 'bakamla', '192.168.8.12', 'jabatan', 'index', '/eoffice/index.php?r=jabatan/index&id=1', '2016-01-13 09:40:43'),
(250, 'bakamla', '192.168.8.12', 'jabatan', 'index', '/eoffice/index.php?r=jabatan/index&id=1', '2016-01-13 09:40:48'),
(251, 'bakamla', '192.168.8.12', 'jabatan', 'index', '/eoffice/index.php?r=jabatan/index&id=1', '2016-01-13 09:40:54'),
(252, 'bakamla', '192.168.8.12', 'jabatan', 'index', '/eoffice/index.php?r=jabatan/index&id=1', '2016-01-13 09:41:01'),
(253, 'bakamla', '192.168.8.12', 'jabatan', 'index', '/eoffice/index.php?r=jabatan/index&id=1', '2016-01-13 09:41:08'),
(254, 'bakamla', '192.168.8.12', 'jabatan', 'index', '/eoffice/index.php?r=jabatan/index&id=1', '2016-01-13 09:41:15'),
(255, 'bakamla', '192.168.8.12', 'jabatan', 'index', '/eoffice/index.php?r=jabatan/index&id=1', '2016-01-13 09:41:22'),
(256, 'bakamla', '192.168.8.12', 'jabatan', 'index', '/eoffice/index.php?r=jabatan/index&id=1', '2016-01-13 09:41:32'),
(257, 'bakamla', '192.168.8.12', 'jabatan', 'index', '/eoffice/index.php?r=jabatan/index&id=1', '2016-01-13 09:41:38'),
(258, 'bakamla', '192.168.8.12', 'jabatan', 'index', '/eoffice/index.php?r=jabatan/index&id=1', '2016-01-13 09:41:42'),
(259, 'bakamla', '192.168.8.12', 'jabatan', 'index', '/eoffice/index.php?r=jabatan/index&id=1', '2016-01-13 09:41:49'),
(260, 'bakamla', '192.168.8.12', 'jabatan', 'index', '/eoffice/index.php?r=jabatan/index&id=1', '2016-01-13 09:41:57'),
(261, 'bakamla', '192.168.8.12', 'jabatan', 'index', '/eoffice/index.php?r=jabatan/index&id=1', '2016-01-13 09:42:21'),
(262, 'bakamla', '192.168.8.12', 'jabatan', 'update', '/eoffice/index.php?r=jabatan/update&id=247&id_kembali=1', '2016-01-13 09:42:48'),
(263, 'bakamla', '192.168.8.12', 'jabatan', 'update', '/eoffice/index.php?r=jabatan/update&id=153&id_kembali=1', '2016-01-13 09:42:57'),
(264, 'bakamla', '192.168.8.12', 'jabatan', 'update', '/eoffice/index.php?r=jabatan/update&id=154&id_kembali=1', '2016-01-13 09:43:05'),
(265, 'bakamla', '192.168.8.12', 'jabatan', 'update', '/eoffice/index.php?r=jabatan/update&id=251&id_kembali=1', '2016-01-13 09:43:10'),
(266, 'bakamla', '192.168.8.12', 'jabatan', 'update', '/eoffice/index.php?r=jabatan/update&id=252&id_kembali=1', '2016-01-13 09:43:17'),
(267, 'bakamla', '192.168.8.12', 'jabatan', 'update', '/eoffice/index.php?r=jabatan/update&id=253&id_kembali=1', '2016-01-13 09:43:21'),
(268, 'bakamla', '192.168.8.12', 'jabatan', 'update', '/eoffice/index.php?r=jabatan/update&id=254&id_kembali=1', '2016-01-13 09:43:34'),
(269, 'bakamla', '192.168.8.12', 'jabatan', 'update', '/eoffice/index.php?r=jabatan/update&id=255&id_kembali=1', '2016-01-13 09:43:38'),
(270, 'bakamla', '192.168.8.12', 'jabatan', 'update', '/eoffice/index.php?r=jabatan/update&id=256&id_kembali=1', '2016-01-13 09:43:45'),
(271, 'bakamla', '192.168.8.12', 'jabatan', 'update', '/eoffice/index.php?r=jabatan/update&id=258&id_kembali=1', '2016-01-13 09:43:50'),
(272, 'bakamla', '192.168.8.12', 'jabatan', 'update', '/eoffice/index.php?r=jabatan/update&id=259&id_kembali=1', '2016-01-13 09:43:57'),
(273, 'bakamla', '192.168.8.12', 'jabatan', 'update', '/eoffice/index.php?r=jabatan/update&id=260&id_kembali=1', '2016-01-13 09:44:03'),
(274, 'bakamla', '192.168.8.12', 'jabatan', 'index', '/eoffice/index.php?r=jabatan/index&id=1', '2016-01-13 09:44:15'),
(275, 'bakamla', '192.168.8.12', 'jabatan', 'index', '/eoffice/index.php?r=jabatan/index&id=1', '2016-01-13 09:44:22'),
(276, 'bakamla', '192.168.8.12', 'jabatan', 'index', '/eoffice/index.php?r=jabatan/index&id=1', '2016-01-13 09:44:29'),
(277, 'bakamla', '192.168.8.12', 'jabatan', 'index', '/eoffice/index.php?r=jabatan/index&id=1', '2016-01-13 09:44:36'),
(278, 'bakamla', '192.168.8.12', 'jabatan', 'index', '/eoffice/index.php?r=jabatan/index&id=1', '2016-01-13 09:44:43'),
(279, 'bakamla', '192.168.8.12', 'jabatan', 'index', '/eoffice/index.php?r=jabatan/index&id=1', '2016-01-13 09:44:50'),
(280, 'bakamla', '192.168.8.12', 'jabatan', 'index', '/eoffice/index.php?r=jabatan/index&id=1', '2016-01-13 09:44:57'),
(281, 'bakamla', '192.168.8.12', 'jabatan', 'index', '/eoffice/index.php?r=jabatan/index&id=1', '2016-01-13 09:45:02'),
(282, 'bakamla', '192.168.8.12', 'jabatan', 'index', '/eoffice/index.php?r=jabatan/index&id=1', '2016-01-13 09:45:07'),
(283, 'bakamla', '192.168.8.12', 'jabatan', 'index', '/eoffice/index.php?r=jabatan/index&id=1', '2016-01-13 09:45:13'),
(284, 'bakamla', '192.168.8.12', 'jabatan', 'index', '/eoffice/index.php?r=jabatan/index&id=1', '2016-01-13 09:45:19'),
(285, 'bakamla', '192.168.8.12', 'jabatan', 'index', '/eoffice/index.php?r=jabatan/index&id=1', '2016-01-13 09:45:24'),
(286, 'bakamla', '192.168.8.12', 'jabatan', 'index', '/eoffice/index.php?r=jabatan/index&id=1', '2016-01-13 09:45:53'),
(287, 'bakamla', '192.168.8.12', 'jabatan', 'update', '/eoffice/index.php?r=jabatan/update&id=250&id_kembali=1', '2016-01-13 09:46:09'),
(288, 'bakamla', '192.168.8.12', 'jabatan', 'update', '/eoffice/index.php?r=jabatan/update&id=257&id_kembali=1', '2016-01-13 09:46:18'),
(289, 'bakamla', '192.168.8.12', 'jabatan', 'update', '/eoffice/index.php?r=jabatan/update&id=259&id_kembali=1', '2016-01-13 09:46:22'),
(290, 'bakamla', '192.168.8.12', 'jabatan', 'update', '/eoffice/index.php?r=jabatan/update&id=260&id_kembali=1', '2016-01-13 09:46:27'),
(291, 'bakamla', '192.168.8.12', 'jabatan', 'update', '/eoffice/index.php?r=jabatan/update&id=36&id_kembali=1', '2016-01-13 09:46:32'),
(292, 'bakamla', '192.168.8.12', 'jabatan', 'update', '/eoffice/index.php?r=jabatan/update&id=114&id_kembali=1', '2016-01-13 09:46:37'),
(293, 'bakamla', '192.168.8.12', 'jabatan', 'update', '/eoffice/index.php?r=jabatan/update&id=115&id_kembali=1', '2016-01-13 09:46:41'),
(294, 'bakamla', '192.168.8.12', 'jabatan', 'update', '/eoffice/index.php?r=jabatan/update&id=37&id_kembali=1', '2016-01-13 09:46:46'),
(295, 'bakamla', '192.168.8.12', 'jabatan', 'update', '/eoffice/index.php?r=jabatan/update&id=116&id_kembali=1', '2016-01-13 09:46:50'),
(296, 'bakamla', '192.168.8.12', 'jabatan', 'index', '/eoffice/index.php?r=jabatan/index&id=36', '2016-01-13 09:46:52'),
(297, 'bakamla', '192.168.8.12', 'jabatan', 'index', '/eoffice/index.php?r=jabatan/index&id=1', '2016-01-13 09:47:02'),
(298, 'bakamla', '192.168.8.12', 'jabatan', 'index', '/eoffice/index.php?r=jabatan/index&id=1', '2016-01-13 09:47:21'),
(299, 'bakamla', '192.168.8.12', 'jabatan', 'index', '/eoffice/index.php?r=jabatan/index&id=1', '2016-01-13 09:47:27'),
(300, 'bakamla', '192.168.8.12', 'jabatan', 'index', '/eoffice/index.php?r=jabatan/index&id=1', '2016-01-13 09:47:42'),
(301, 'bakamla', '192.168.8.12', 'jabatan', 'index', '/eoffice/index.php?r=jabatan/index&id=1', '2016-01-13 09:47:49'),
(302, 'bakamla', '192.168.8.12', 'jabatan', 'index', '/eoffice/index.php?r=jabatan/index&id=1', '2016-01-13 09:47:56'),
(303, 'bakamla', '192.168.8.12', 'jabatan', 'index', '/eoffice/index.php?r=jabatan/index&id=1', '2016-01-13 09:48:01'),
(304, 'bakamla', '192.168.8.12', 'jabatan', 'index', '/eoffice/index.php?r=jabatan/index&id=1', '2016-01-13 09:48:07'),
(305, 'bakamla', '192.168.8.12', 'jabatan', 'index', '/eoffice/index.php?r=jabatan/index&id=1', '2016-01-13 09:48:18'),
(306, 'bakamla', '192.168.8.12', 'jabatan', 'index', '/eoffice/index.php?r=jabatan/index&id=1', '2016-01-13 09:52:24'),
(307, 'bakamla', '192.168.8.12', 'jabatan', 'update', '/eoffice/index.php?r=jabatan/update&id=117&id_kembali=1', '2016-01-13 09:52:44'),
(308, 'bakamla', '192.168.8.12', 'jabatan', 'update', '/eoffice/index.php?r=jabatan/update&id=118&id_kembali=1', '2016-01-13 09:52:49'),
(309, 'bakamla', '192.168.8.12', 'jabatan', 'update', '/eoffice/index.php?r=jabatan/update&id=113&id_kembali=1', '2016-01-13 09:52:52'),
(310, 'bakamla', '192.168.8.12', 'jabatan', 'update', '/eoffice/index.php?r=jabatan/update&id=119&id_kembali=1', '2016-01-13 09:52:56'),
(311, 'bakamla', '192.168.8.12', 'jabatan', 'update', '/eoffice/index.php?r=jabatan/update&id=120&id_kembali=1', '2016-01-13 09:53:00'),
(312, 'bakamla', '192.168.8.12', 'jabatan', 'update', '/eoffice/index.php?r=jabatan/update&id=123&id_kembali=1', '2016-01-13 09:53:05'),
(313, 'bakamla', '192.168.8.12', 'jabatan', 'update', '/eoffice/index.php?r=jabatan/update&id=263&id_kembali=1', '2016-01-13 09:53:09'),
(314, 'bakamla', '192.168.8.12', 'jabatan', 'update', '/eoffice/index.php?r=jabatan/update&id=124&id_kembali=1', '2016-01-13 09:53:15'),
(315, 'bakamla', '192.168.8.12', 'jabatan', 'update', '/eoffice/index.php?r=jabatan/update&id=121&id_kembali=1', '2016-01-13 09:53:20'),
(316, 'bakamla', '192.168.8.12', 'jabatan', 'update', '/eoffice/index.php?r=jabatan/update&id=125&id_kembali=1', '2016-01-13 09:53:24'),
(317, 'bakamla', '192.168.8.12', 'jabatan', 'update', '/eoffice/index.php?r=jabatan/update&id=269&id_kembali=1', '2016-01-13 09:53:29'),
(318, 'bakamla', '192.168.8.12', 'jabatan', 'update', '/eoffice/index.php?r=jabatan/update&id=126&id_kembali=1', '2016-01-13 09:53:33'),
(319, 'bakamla', '192.168.8.12', 'jabatan', 'update', '/eoffice/index.php?r=jabatan/update&id=122&id_kembali=1', '2016-01-13 09:53:42'),
(320, 'bakamla', '192.168.8.12', 'jabatan', 'update', '/eoffice/index.php?r=jabatan/update&id=127&id_kembali=1', '2016-01-13 09:53:46'),
(321, 'bakamla', '192.168.8.12', 'jabatan', 'update', '/eoffice/index.php?r=jabatan/update&id=285&id_kembali=1', '2016-01-13 09:53:50'),
(322, 'bakamla', '192.168.8.12', 'jabatan', 'update', '/eoffice/index.php?r=jabatan/update&id=128&id_kembali=1', '2016-01-13 09:53:55'),
(323, 'bakamla', '192.168.8.12', 'jabatan', 'update', '/eoffice/index.php?r=jabatan/update&id=130&id_kembali=1', '2016-01-13 09:54:00'),
(324, 'bakamla', '192.168.8.12', 'jabatan', 'update', '/eoffice/index.php?r=jabatan/update&id=131&id_kembali=1', '2016-01-13 09:54:05'),
(325, 'bakamla', '192.168.8.12', 'jabatan', 'update', '/eoffice/index.php?r=jabatan/update&id=270&id_kembali=1', '2016-01-13 09:54:09'),
(326, 'bakamla', '192.168.8.12', 'jabatan', 'update', '/eoffice/index.php?r=jabatan/update&id=132&id_kembali=1', '2016-01-13 09:54:14'),
(327, 'bakamla', '192.168.8.12', 'jabatan', 'update', '/eoffice/index.php?r=jabatan/update&id=156&id_kembali=1', '2016-01-13 09:54:32'),
(328, 'bakamla', '192.168.8.12', 'jabatan', 'update', '/eoffice/index.php?r=jabatan/update&id=159&id_kembali=1', '2016-01-13 09:54:39'),
(329, 'bakamla', '192.168.8.12', 'jabatan', 'update', '/eoffice/index.php?r=jabatan/update&id=160&id_kembali=1', '2016-01-13 09:54:43'),
(330, 'bakamla', '192.168.8.12', 'jabatan', 'update', '/eoffice/index.php?r=jabatan/update&id=157&id_kembali=1', '2016-01-13 09:54:51'),
(331, 'bakamla', '192.168.8.12', 'jabatan', 'update', '/eoffice/index.php?r=jabatan/update&id=161&id_kembali=1', '2016-01-13 09:55:04'),
(332, 'bakamla', '192.168.8.12', 'jabatan', 'update', '/eoffice/index.php?r=jabatan/update&id=162&id_kembali=1', '2016-01-13 09:55:11'),
(333, 'bakamla', '192.168.8.12', 'jabatan', 'update', '/eoffice/index.php?r=jabatan/update&id=158&id_kembali=1', '2016-01-13 09:55:22'),
(334, 'bakamla', '192.168.8.12', 'jabatan', 'update', '/eoffice/index.php?r=jabatan/update&id=163&id_kembali=1', '2016-01-13 09:55:27'),
(335, 'bakamla', '192.168.8.12', 'jabatan', 'update', '/eoffice/index.php?r=jabatan/update&id=164&id_kembali=1', '2016-01-13 09:55:37'),
(336, 'bakamla', '192.168.8.12', 'jabatan', 'update', '/eoffice/index.php?r=jabatan/update&id=165&id_kembali=1', '2016-01-13 09:55:43'),
(337, 'bakamla', '192.168.8.12', 'jabatan', 'index', '/eoffice/index.php?r=jabatan/index&id=1', '2016-01-13 09:56:07'),
(338, 'bakamla', '192.168.8.12', 'jabatan', 'index', '/eoffice/index.php?r=jabatan/index&id=1', '2016-01-13 09:56:18'),
(339, 'bakamla', '192.168.8.12', 'jabatan', 'index', '/eoffice/index.php?r=jabatan/index&id=1', '2016-01-13 09:56:29'),
(340, 'bakamla', '192.168.8.12', 'jabatan', 'index', '/eoffice/index.php?r=jabatan/index&id=1', '2016-01-13 09:56:36'),
(341, 'bakamla', '192.168.8.12', 'jabatan', 'index', '/eoffice/index.php?r=jabatan/index&id=1', '2016-01-13 09:56:43'),
(342, 'bakamla', '192.168.8.12', 'jabatan', 'index', '/eoffice/index.php?r=jabatan/index&id=1', '2016-01-13 09:56:52'),
(343, 'bakamla', '192.168.8.12', 'jabatan', 'index', '/eoffice/index.php?r=jabatan/index&id=1', '2016-01-13 09:57:03'),
(344, 'bakamla', '192.168.8.12', 'jabatan', 'index', '/eoffice/index.php?r=jabatan/index&id=1', '2016-01-13 09:57:13'),
(345, 'bakamla', '192.168.8.12', 'jabatan', 'index', '/eoffice/index.php?r=jabatan/index&id=1', '2016-01-13 09:57:18'),
(346, 'bakamla', '192.168.8.12', 'jabatan', 'index', '/eoffice/index.php?r=jabatan/index&id=1', '2016-01-13 09:57:26'),
(347, 'bakamla', '192.168.8.12', 'jabatan', 'index', '/eoffice/index.php?r=jabatan/index&id=1', '2016-01-13 09:57:32'),
(348, 'bakamla', '192.168.8.12', 'jabatan', 'index', '/eoffice/index.php?r=jabatan/index&id=1', '2016-01-13 09:57:38'),
(349, 'bakamla', '192.168.8.12', 'jabatan', 'index', '/eoffice/index.php?r=jabatan/index&id=1', '2016-01-13 09:57:44'),
(350, 'bakamla', '192.168.8.12', 'jabatan', 'index', '/eoffice/index.php?r=jabatan/index&id=1', '2016-01-13 09:57:50'),
(351, 'bakamla', '192.168.8.12', 'jabatan', 'index', '/eoffice/index.php?r=jabatan/index&id=1', '2016-01-13 09:57:57'),
(352, 'bakamla', '192.168.8.12', 'jabatan', 'index', '/eoffice/index.php?r=jabatan/index&id=1', '2016-01-13 09:58:06'),
(353, 'bakamla', '192.168.8.12', 'jabatan', 'index', '/eoffice/index.php?r=jabatan/index&id=1', '2016-01-13 09:58:14'),
(354, 'bakamla', '192.168.8.12', 'jabatan', 'index', '/eoffice/index.php?r=jabatan/index&id=1', '2016-01-13 09:58:20'),
(355, 'bakamla', '192.168.8.12', 'jabatan', 'index', '/eoffice/index.php?r=jabatan/index&id=1', '2016-01-13 09:58:31'),
(356, 'bakamla', '192.168.8.12', 'jabatan', 'index', '/eoffice/index.php?r=jabatan/index&id=1', '2016-01-13 09:58:35'),
(357, 'bakamla', '192.168.8.12', 'jabatan', 'index', '/eoffice/index.php?r=jabatan/index&id=1', '2016-01-13 09:58:59'),
(358, 'bakamla', '192.168.8.12', 'jabatan', 'index', '/eoffice/index.php?r=jabatan/index&id=1', '2016-01-13 09:59:14'),
(359, 'bakamla', '192.168.8.12', 'jabatan', 'index', '/eoffice/index.php?r=jabatan/index&id=1', '2016-01-13 09:59:35'),
(360, 'bakamla', '192.168.8.12', 'jabatan', 'index', '/eoffice/index.php?r=jabatan/index&id=1', '2016-01-13 09:59:44'),
(361, 'bakamla', '192.168.8.12', 'jabatan', 'index', '/eoffice/index.php?r=jabatan/index&id=1', '2016-01-13 09:59:52'),
(362, 'bakamla', '192.168.8.12', 'jabatan', 'index', '/eoffice/index.php?r=jabatan/index&id=1', '2016-01-13 10:00:02'),
(363, 'bakamla', '192.168.8.12', 'jabatan', 'index', '/eoffice/index.php?r=jabatan/index&id=1', '2016-01-13 10:00:08'),
(364, 'bakamla', '192.168.8.12', 'jabatan', 'index', '/eoffice/index.php?r=jabatan/index&id=1', '2016-01-13 10:00:20'),
(365, 'bakamla', '192.168.8.12', 'jabatan', 'index', '/eoffice/index.php?r=jabatan/index&id=1', '2016-01-13 10:00:29'),
(366, 'bakamla', '192.168.8.12', 'jabatan', 'index', '/eoffice/index.php?r=jabatan/index&id=1', '2016-01-13 10:00:38'),
(367, 'bakamla', '192.168.8.12', 'jabatan', 'index', '/eoffice/index.php?r=jabatan/index&id=1', '2016-01-13 10:01:04'),
(368, 'bakamla', '192.168.8.12', 'jabatan', 'update', '/eoffice/index.php?r=jabatan/update&id=200&id_kembali=1', '2016-01-13 10:01:28'),
(369, 'bakamla', '192.168.8.12', 'jabatan', 'update', '/eoffice/index.php?r=jabatan/update&id=201&id_kembali=1', '2016-01-13 10:01:32'),
(370, 'bakamla', '192.168.8.12', 'jabatan', 'update', '/eoffice/index.php?r=jabatan/update&id=202&id_kembali=1', '2016-01-13 10:01:36'),
(371, 'bakamla', '192.168.8.12', 'jabatan', 'update', '/eoffice/index.php?r=jabatan/update&id=167&id_kembali=1', '2016-01-13 10:01:41'),
(372, 'bakamla', '192.168.8.12', 'jabatan', 'update', '/eoffice/index.php?r=jabatan/update&id=170&id_kembali=1', '2016-01-13 10:01:45'),
(373, 'bakamla', '192.168.8.12', 'jabatan', 'update', '/eoffice/index.php?r=jabatan/update&id=171&id_kembali=1', '2016-01-13 10:01:49'),
(374, 'bakamla', '192.168.8.12', 'jabatan', 'update', '/eoffice/index.php?r=jabatan/update&id=168&id_kembali=1', '2016-01-13 10:01:53'),
(375, 'bakamla', '192.168.8.12', 'jabatan', 'update', '/eoffice/index.php?r=jabatan/update&id=172&id_kembali=1', '2016-01-13 10:01:57'),
(376, 'bakamla', '192.168.8.12', 'jabatan', 'update', '/eoffice/index.php?r=jabatan/update&id=173&id_kembali=1', '2016-01-13 10:02:02'),
(377, 'bakamla', '192.168.8.12', 'jabatan', 'update', '/eoffice/index.php?r=jabatan/update&id=169&id_kembali=1', '2016-01-13 10:02:07'),
(378, 'bakamla', '192.168.8.12', 'jabatan', 'update', '/eoffice/index.php?r=jabatan/update&id=174&id_kembali=1', '2016-01-13 10:02:12'),
(379, 'bakamla', '192.168.8.12', 'jabatan', 'update', '/eoffice/index.php?r=jabatan/update&id=175&id_kembali=1', '2016-01-13 10:02:17'),
(380, 'bakamla', '192.168.8.12', 'jabatan', 'update', '/eoffice/index.php?r=jabatan/update&id=176&id_kembali=1', '2016-01-13 10:02:21'),
(381, 'bakamla', '192.168.8.12', 'jabatan', 'update', '/eoffice/index.php?r=jabatan/update&id=214&id_kembali=1', '2016-01-13 10:02:32'),
(382, 'bakamla', '192.168.8.12', 'jabatan', 'update', '/eoffice/index.php?r=jabatan/update&id=215&id_kembali=1', '2016-01-13 10:02:37'),
(383, 'bakamla', '192.168.8.12', 'jabatan', 'update', '/eoffice/index.php?r=jabatan/update&id=216&id_kembali=1', '2016-01-13 10:02:41'),
(384, 'bakamla', '192.168.8.12', 'jabatan', 'update', '/eoffice/index.php?r=jabatan/update&id=178&id_kembali=1', '2016-01-13 10:02:46'),
(385, 'bakamla', '192.168.8.12', 'jabatan', 'update', '/eoffice/index.php?r=jabatan/update&id=181&id_kembali=1', '2016-01-13 10:02:50'),
(386, 'bakamla', '192.168.8.12', 'jabatan', 'update', '/eoffice/index.php?r=jabatan/update&id=182&id_kembali=1', '2016-01-13 10:02:54');
INSERT INTO `log` (`id`, `username`, `ip`, `controller`, `action`, `uri`, `waktu`) VALUES
(387, 'bakamla', '192.168.8.12', 'jabatan', 'update', '/eoffice/index.php?r=jabatan/update&id=179&id_kembali=1', '2016-01-13 10:02:58'),
(388, 'bakamla', '192.168.8.12', 'jabatan', 'update', '/eoffice/index.php?r=jabatan/update&id=183&id_kembali=1', '2016-01-13 10:03:02'),
(389, 'bakamla', '192.168.8.12', 'jabatan', 'update', '/eoffice/index.php?r=jabatan/update&id=184&id_kembali=1', '2016-01-13 10:03:06'),
(390, 'bakamla', '192.168.8.12', 'jabatan', 'update', '/eoffice/index.php?r=jabatan/update&id=180&id_kembali=1', '2016-01-13 10:03:10'),
(391, 'bakamla', '192.168.8.12', 'jabatan', 'update', '/eoffice/index.php?r=jabatan/update&id=185&id_kembali=1', '2016-01-13 10:03:15'),
(392, 'bakamla', '192.168.8.12', 'jabatan', 'update', '/eoffice/index.php?r=jabatan/update&id=186&id_kembali=1', '2016-01-13 10:03:26'),
(393, 'bakamla', '192.168.8.12', 'jabatan', 'index', '/eoffice/index.php?r=jabatan/index&id=1', '2016-01-13 10:03:44'),
(394, 'bakamla', '192.168.8.12', 'jabatan', 'index', '/eoffice/index.php?r=jabatan/index&id=1', '2016-01-13 10:03:51'),
(395, 'bakamla', '192.168.8.12', 'jabatan', 'index', '/eoffice/index.php?r=jabatan/index&id=1', '2016-01-13 10:03:58'),
(396, 'bakamla', '192.168.8.12', 'jabatan', 'index', '/eoffice/index.php?r=jabatan/index&id=1', '2016-01-13 10:04:13'),
(397, 'bakamla', '192.168.8.12', 'jabatan', 'index', '/eoffice/index.php?r=jabatan/index&id=1', '2016-01-13 10:04:17'),
(398, 'bakamla', '192.168.8.12', 'jabatan', 'index', '/eoffice/index.php?r=jabatan/index&id=1', '2016-01-13 10:04:25'),
(399, 'bakamla', '192.168.8.12', 'jabatan', 'index', '/eoffice/index.php?r=jabatan/index&id=1', '2016-01-13 10:04:33'),
(400, 'bakamla', '192.168.8.12', 'jabatan', 'index', '/eoffice/index.php?r=jabatan/index&id=1', '2016-01-13 10:04:41'),
(401, 'bakamla', '192.168.8.12', 'jabatan', 'index', '/eoffice/index.php?r=jabatan/index&id=1', '2016-01-13 10:04:48'),
(402, 'bakamla', '192.168.8.12', 'jabatan', 'index', '/eoffice/index.php?r=jabatan/index&id=1', '2016-01-13 10:04:56'),
(403, 'bakamla', '192.168.8.12', 'jabatan', 'index', '/eoffice/index.php?r=jabatan/index&id=1', '2016-01-13 10:05:06'),
(404, 'bakamla', '192.168.8.12', 'jabatan', 'index', '/eoffice/index.php?r=jabatan/index&id=1', '2016-01-13 10:05:15'),
(405, 'bakamla', '192.168.8.12', 'jabatan', 'index', '/eoffice/index.php?r=jabatan/index&id=1', '2016-01-13 10:05:22'),
(406, 'bakamla', '192.168.8.12', 'jabatan', 'index', '/eoffice/index.php?r=jabatan/index&id=1', '2016-01-13 10:05:30'),
(407, 'bakamla', '192.168.8.12', 'jabatan', 'index', '/eoffice/index.php?r=jabatan/index&id=1', '2016-01-13 10:05:40'),
(408, 'bakamla', '192.168.8.12', 'jabatan', 'index', '/eoffice/index.php?r=jabatan/index&id=1', '2016-01-13 10:05:47'),
(409, 'bakamla', '192.168.8.12', 'jabatan', 'index', '/eoffice/index.php?r=jabatan/index&id=1', '2016-01-13 10:05:56'),
(410, 'bakamla', '192.168.8.12', 'jabatan', 'index', '/eoffice/index.php?r=jabatan/index&id=1', '2016-01-13 10:06:03'),
(411, 'bakamla', '192.168.8.12', 'jabatan', 'index', '/eoffice/index.php?r=jabatan/index&id=1', '2016-01-13 10:06:12'),
(412, 'bakamla', '192.168.8.12', 'jabatan', 'index', '/eoffice/index.php?r=jabatan/index&id=1', '2016-01-13 10:06:19'),
(413, 'bakamla', '192.168.8.12', 'jabatan', 'index', '/eoffice/index.php?r=jabatan/index&id=1', '2016-01-13 10:06:26'),
(414, 'bakamla', '192.168.8.12', 'jabatan', 'index', '/eoffice/index.php?r=jabatan/index&id=1', '2016-01-13 10:06:36'),
(415, 'bakamla', '192.168.8.12', 'jabatan', 'index', '/eoffice/index.php?r=jabatan/index&id=1', '2016-01-13 10:06:41'),
(416, 'bakamla', '192.168.8.12', 'jabatan', 'index', '/eoffice/index.php?r=jabatan/index&id=1', '2016-01-13 10:06:50'),
(417, 'bakamla', '192.168.8.12', 'jabatan', 'index', '/eoffice/index.php?r=jabatan/index&id=1', '2016-01-13 10:06:57'),
(418, 'bakamla', '192.168.8.12', 'jabatan', 'index', '/eoffice/index.php?r=jabatan/index&id=1', '2016-01-13 10:07:22'),
(419, 'bakamla', '192.168.8.12', 'jabatan', 'update', '/eoffice/index.php?r=jabatan/update&id=228&id_kembali=1', '2016-01-13 10:07:46'),
(420, 'bakamla', '192.168.8.12', 'jabatan', 'update', '/eoffice/index.php?r=jabatan/update&id=229&id_kembali=1', '2016-01-13 10:07:50'),
(421, 'bakamla', '192.168.8.12', 'jabatan', 'update', '/eoffice/index.php?r=jabatan/update&id=230&id_kembali=1', '2016-01-13 10:07:54'),
(422, 'bakamla', '192.168.8.12', 'jabatan', 'index', '/eoffice/index.php?r=jabatan/index&id=1', '2016-01-13 10:08:08'),
(423, 'bakamla', '192.168.8.12', 'jabatan', 'index', '/eoffice/index.php?r=jabatan/index&id=1', '2016-01-13 10:08:13'),
(424, 'bakamla', '192.168.8.12', 'jabatan', 'index', '/eoffice/index.php?r=jabatan/index&id=1', '2016-01-13 10:08:20'),
(425, 'bakamla', '192.168.8.38', 'jabatan', 'index', '/eoffice/index.php?r=jabatan/index&id=1', '2016-01-13 13:08:58'),
(426, '197509152009012001', '192.168.8.46', 'pegawai', 'index', '/eoffice/index.php?r=pegawai/index', '2016-01-14 07:07:18'),
(427, '199005162015011001', '192.168.8.80', 'pegawai', 'index', '/eoffice/index.php?r=pegawai/index', '2016-01-14 08:22:24'),
(428, '199005162015011001', '192.168.8.80', 'pegawai', 'draf', '/eoffice/index.php?r=pegawai/draf&status=konsep', '2016-01-14 08:22:40'),
(429, 'bakamla', '192.168.8.38', 'admin', 'index', '/eoffice/index.php?r=admin/index', '2016-01-14 09:27:49'),
(430, 'bakamla', '192.168.8.6', 'admin', 'index', '/eoffice/index.php?r=admin/index', '2016-01-14 15:04:38'),
(431, 'bakamla', '192.168.8.6', 'pegawai', 'admin', '/eoffice/index.php?r=pegawai/admin', '2016-01-14 15:30:27'),
(432, 'bakamla', '192.168.8.6', 'pegawai', 'admin', '/eoffice/index.php?Pegawai_sort=login_terakhir&ajax=pegawai-grid&r=pegawai%2Fadmin', '2016-01-14 15:30:33'),
(433, 'bakamla', '192.168.8.6', 'pegawai', 'admin', '/eoffice/index.php?Pegawai_sort=login_terakhir.desc&ajax=pegawai-grid&r=pegawai%2Fadmin', '2016-01-14 15:30:38'),
(434, 'bakamla', '192.168.8.6', 'pegawai', 'admin', '/eoffice/index.php?Pegawai_page=8&Pegawai_sort=login_terakhir.desc&ajax=pegawai-grid&r=pegawai%2Fadmin', '2016-01-14 15:30:42'),
(435, 'bakamla', '192.168.8.6', 'pegawai', 'admin', '/eoffice/index.php?Pegawai_page=8&Pegawai_sort=login_terakhir&ajax=pegawai-grid&r=pegawai%2Fadmin', '2016-01-14 15:30:55'),
(436, 'bakamla', '192.168.8.6', 'pegawai', 'admin', '/eoffice/index.php?Pegawai_page=8&Pegawai_sort=login_terakhir.desc&ajax=pegawai-grid&r=pegawai%2Fadmin', '2016-01-14 15:31:09'),
(437, 'bakamla', '192.168.8.6', 'pegawai', 'admin', '/eoffice/index.php?Pegawai_page=7&Pegawai_sort=login_terakhir.desc&ajax=pegawai-grid&r=pegawai%2Fadmin', '2016-01-14 15:31:13'),
(438, 'bakamla', '192.168.8.6', 'pegawai', 'admin', '/eoffice/index.php?Pegawai_page=3&Pegawai_sort=login_terakhir.desc&ajax=pegawai-grid&r=pegawai%2Fadmin', '2016-01-14 15:31:14'),
(439, 'bakamla', '192.168.8.6', 'pegawai', 'admin', '/eoffice/index.php?Pegawai_sort=login_terakhir.desc&ajax=pegawai-grid&r=pegawai%2Fadmin', '2016-01-14 15:31:18'),
(440, 'bakamla', '192.168.8.38', 'admin', 'index', '/eoffice/index.php?r=admin/index', '2016-01-14 16:38:15'),
(441, '198308032010121001', '192.168.8.6', 'pegawai', 'index', '/eoffice/index.php?r=pegawai/index', '2016-01-14 17:15:06'),
(442, '198308032010121001', '192.168.8.6', 'pegawai', 'distribusi', '/eoffice/index.php?r=pegawai/distribusi&id_distribusi_jenis=2&baru=1', '2016-01-14 17:15:12'),
(443, '198308032010121001', '192.168.8.6', 'surat', 'create', '/eoffice/index.php?r=surat/create', '2016-01-14 17:15:17'),
(444, '198308032010121001', '192.168.8.6', 'surat', 'create', '/eoffice/index.php?Pegawai_page=2&ajax=pegawai-grid&r=surat%2Fcreate', '2016-01-14 17:16:22'),
(445, '198308032010121001', '192.168.8.6', 'surat', 'create', '/eoffice/index.php?ajax=pegawai-grid&r=surat%2Fcreate', '2016-01-14 17:16:27'),
(446, '198308032010121001', '192.168.8.6', 'surat', 'create', '/eoffice/index.php?Pegawai_page=2&ajax=pegawai-grid&r=surat%2Fcreate', '2016-01-14 17:16:49'),
(447, '198308032010121001', '192.168.8.6', 'surat', 'create', '/eoffice/index.php?Pegawai_page=3&ajax=pegawai-grid&r=surat%2Fcreate', '2016-01-14 17:17:07'),
(448, '198308032010121001', '192.168.8.6', 'surat', 'create', '/eoffice/index.php?Pegawai_page=4&ajax=pegawai-grid&r=surat%2Fcreate', '2016-01-14 17:17:13'),
(449, '198308032010121001', '192.168.8.6', 'surat', 'create', '/eoffice/index.php?r=surat/create', '2016-01-15 07:06:13'),
(450, 'bakamla', '192.168.8.38', 'admin', 'index', '/eoffice/index.php?r=admin/index', '2016-01-15 09:18:08'),
(451, 'bakamla', '192.168.8.50', 'admin', 'index', '/eoffice/index.php?r=admin/index', '2016-01-15 10:05:31'),
(452, 'bakamla', '192.168.8.50', 'admin', 'index', '/eoffice/index.php?r=admin/index', '2016-01-15 10:22:57'),
(453, 'bakamla', '192.168.8.50', 'distribusiGrup', 'admin', '/eoffice/index.php?r=distribusiGrup/admin', '2016-01-15 10:23:11'),
(454, 'bakamla', '192.168.8.50', 'distribusi', 'admin', '/eoffice/index.php?r=distribusi/admin', '2016-01-15 10:23:18'),
(455, 'bakamla', '192.168.8.50', 'pegawai', 'admin', '/eoffice/index.php?r=pegawai/admin', '2016-01-15 10:24:42'),
(456, 'bakamla', '192.168.8.50', 'pegawai', 'admin', '/eoffice/index.php?Pegawai%5Bnama%5D=&Pegawai%5Bnip%5D=198308032010121001&Pegawai%5Busername%5D=&Pegawai%5Bid_jabatan%5D=&Pegawai%5Blogin_terakhir%5D=&Pegawai_page=1&ajax=pegawai-grid&r=pegawai%2Fadmin', '2016-01-15 10:24:49'),
(457, 'bakamla', '192.168.8.50', 'distribusiGrup', 'admin', '/eoffice/index.php?r=distribusiGrup/admin', '2016-01-15 10:25:02'),
(458, 'bakamla', '192.168.8.50', 'distribusiGrup', 'create', '/eoffice/index.php?r=distribusiGrup/create', '2016-01-15 10:25:12'),
(459, '198301162010121001', '192.168.8.28', 'pegawai', 'index', '/eoffice/index.php?r=pegawai/index', '2016-01-15 10:25:29'),
(460, 'bakamla', '192.168.8.50', 'distribusiGrup', 'view', '/eoffice/index.php?r=distribusiGrup/view&id=2', '2016-01-15 10:25:49'),
(461, 'bakamla', '192.168.8.50', 'distribusiGrup', 'view', '/eoffice/index.php?r=distribusiGrup/view&id=2', '2016-01-15 10:26:43'),
(462, 'bakamla', '192.168.8.50', 'suratJenis', 'index', '/eoffice/index.php?r=suratJenis/index', '2016-01-15 10:27:04'),
(463, 'bakamla', '192.168.8.50', 'distribusiGrup', 'admin', '/eoffice/index.php?r=distribusiGrup/admin', '2016-01-15 10:27:13'),
(464, 'bakamla', '192.168.8.50', 'distribusiGrup', 'update', '/eoffice/index.php?r=distribusiGrup/update&id=2', '2016-01-15 10:27:18'),
(465, 'bakamla', '192.168.8.50', 'distribusiGrup', 'view', '/eoffice/index.php?r=distribusiGrup/view&id=2', '2016-01-15 10:27:28'),
(466, 'bakamla', '192.168.8.50', 'surat', 'admin', '/eoffice/index.php?r=surat/admin', '2016-01-15 10:27:33'),
(467, 'bakamla', '192.168.8.50', 'suratJenis', 'index', '/eoffice/index.php?r=suratJenis/index', '2016-01-15 10:27:34'),
(468, 'bakamla', '192.168.8.50', 'suratKop', 'admin', '/eoffice/index.php?r=suratKop/admin', '2016-01-15 10:27:38'),
(469, 'bakamla', '192.168.8.50', 'suratKop', 'create', '/eoffice/index.php?r=suratKop/create', '2016-01-15 10:27:43'),
(470, 'bakamla', '192.168.8.50', 'surat', 'admin', '/eoffice/index.php?r=surat/admin', '2016-01-15 10:27:57'),
(471, 'bakamla', '192.168.8.50', 'surat', 'admin', '/eoffice/index.php?r=surat/admin', '2016-01-15 10:36:59'),
(472, 'bakamla', '192.168.8.50', 'suratKop', 'admin', '/eoffice/index.php?r=suratKop/admin', '2016-01-15 10:37:07'),
(473, 'bakamla', '192.168.8.50', 'suratKop', 'update', '/eoffice/index.php?r=suratKop/update&id=4', '2016-01-15 10:37:24'),
(474, 'bakamla', '192.168.8.50', 'suratKop', 'create', '/eoffice/index.php?r=suratKop/create', '2016-01-15 10:37:25'),
(475, 'bakamla', '192.168.8.50', 'suratKop', 'view', '/eoffice/index.php?r=suratKop/view&id=5', '2016-01-15 10:38:04'),
(476, 'bakamla', '192.168.8.50', 'suratKop', 'create', '/eoffice/index.php?r=suratKop/create', '2016-01-15 10:38:11'),
(477, 'bakamla', '192.168.8.50', 'suratKop', 'view', '/eoffice/index.php?r=suratKop/view&id=6', '2016-01-15 10:38:41'),
(478, 'bakamla', '192.168.8.50', 'jabatan', 'index', '/eoffice/index.php?r=jabatan/index&id=1', '2016-01-15 10:38:51'),
(479, 'bakamla', '192.168.8.50', 'pegawai', 'admin', '/eoffice/index.php?r=pegawai/admin', '2016-01-15 10:40:30'),
(480, 'bakamla', '192.168.8.50', 'pegawai', 'admin', '/eoffice/index.php?Pegawai_sort=login_terakhir&ajax=pegawai-grid&r=pegawai%2Fadmin', '2016-01-15 10:40:39'),
(481, 'bakamla', '192.168.8.50', 'pegawai', 'admin', '/eoffice/index.php?Pegawai_sort=login_terakhir.desc&ajax=pegawai-grid&r=pegawai%2Fadmin', '2016-01-15 10:40:47'),
(482, 'bakamla', '192.168.8.50', 'pegawai', 'admin', '/eoffice/index.php?Pegawai_page=2&Pegawai_sort=login_terakhir.desc&ajax=pegawai-grid&r=pegawai%2Fadmin', '2016-01-15 10:41:13'),
(483, 'bakamla', '192.168.8.50', 'pegawai', 'admin', '/eoffice/index.php?Pegawai_page=3&Pegawai_sort=login_terakhir.desc&ajax=pegawai-grid&r=pegawai%2Fadmin', '2016-01-15 10:41:24'),
(484, 'bakamla', '192.168.8.50', 'pegawai', 'admin', '/eoffice/index.php?Pegawai_sort=login_terakhir.desc&ajax=pegawai-grid&r=pegawai%2Fadmin', '2016-01-15 10:41:37'),
(485, 'bakamla', '192.168.8.50', 'pegawai', 'log', '/eoffice/index.php?r=pegawai/log&id=275', '2016-01-15 10:41:46'),
(486, 'bakamla', '192.168.8.50', 'pegawai', 'admin', '/eoffice/index.php?r=pegawai/admin', '2016-01-15 10:42:13'),
(487, 'bakamla', '192.168.8.50', 'pegawai', 'admin', '/eoffice/index.php?Pegawai_sort=login_terakhir&ajax=pegawai-grid&r=pegawai%2Fadmin', '2016-01-15 10:42:20'),
(488, 'bakamla', '192.168.8.50', 'pegawai', 'admin', '/eoffice/index.php?Pegawai_sort=login_terakhir.desc&ajax=pegawai-grid&r=pegawai%2Fadmin', '2016-01-15 10:42:29'),
(489, 'bakamla', '192.168.8.50', 'pegawai', 'log', '/eoffice/index.php?r=pegawai/log&id=51', '2016-01-15 10:42:34'),
(490, 'bakamla', '192.168.8.50', 'admin', 'index', '/eoffice/index.php?r=admin/index', '2016-01-15 10:42:55'),
(491, 'bakamla', '192.168.8.50', 'admin', 'index', '/eoffice/index.php?r=admin/index', '2016-01-15 10:44:15'),
(492, '198301162010121001', '192.168.8.28', 'pegawai', 'draf', '/eoffice/index.php?r=pegawai/draf&status=pemeriksaan', '2016-01-15 11:24:22'),
(493, '198301162010121001', '192.168.8.28', 'surat', 'pemeriksaan', '/eoffice/index.php?r=surat/pemeriksaan&id=49', '2016-01-15 11:24:33'),
(494, '198301162010121001', '192.168.8.28', 'surat', 'cetakMemo', '/eoffice/index.php?r=surat/cetakMemo&id=49', '2016-01-15 11:24:39'),
(495, 'bakamla', '192.168.8.50', 'admin', 'index', '/eoffice/index.php?r=admin/index', '2016-01-15 13:34:56'),
(496, 'bakamla', '192.168.8.50', 'admin', 'index', '/eoffice/index.php?r=admin/index', '2016-01-15 13:35:22'),
(497, 'bakamla', '192.168.8.50', 'admin', 'index', '/eoffice/index.php?r=admin/index', '2016-01-15 13:49:06'),
(498, 'bakamla', '192.168.8.50', 'admin', 'index', '/eoffice/index.php?r=admin/index', '2016-01-15 13:50:59'),
(499, 'bakamla', '192.168.8.50', 'admin', 'index', '/eoffice/index.php?r=admin/index', '2016-01-15 13:51:02'),
(500, 'bakamla', '192.168.8.50', 'admin', 'index', '/eoffice/index.php?r=admin/index', '2016-01-15 14:12:51'),
(501, 'bakamla', '192.168.8.50', 'admin', 'index', '/eoffice/index.php?r=admin/index', '2016-01-15 14:19:02'),
(502, 'bakamla', '192.168.8.50', 'admin', 'index', '/eoffice/index.php?r=admin/index', '2016-01-15 14:21:35'),
(503, '198301162010121001', '192.168.8.28', 'pegawai', 'index', '/eoffice/index.php?r=pegawai/index', '2016-01-15 15:29:23'),
(504, '198308032010121001', '192.168.8.6', 'pegawai', 'index', '/eoffice/index.php?r=pegawai/index', '2016-01-18 07:15:51'),
(505, 'bakamla', '192.168.8.12', 'admin', 'index', '/eoffice/index.php?r=admin/index', '2016-01-18 09:16:24'),
(506, '199007162010121002', '192.168.9.30', 'pegawai', 'index', '/eoffice/index.php?r=pegawai/index', '2016-01-18 09:49:18'),
(507, '198308032010121001', '192.168.8.6', 'pegawai', 'index', '/eoffice/index.php?r=pegawai/index', '2016-01-18 09:49:30'),
(508, '199007162010121002', '192.168.9.30', 'pegawai', 'index', '/eoffice/index.php?r=pegawai/index', '2016-01-18 09:50:08'),
(509, '199007162010121002', '192.168.9.30', 'distribusi', 'view', '/eoffice/index.php?r=distribusi/view&id=11', '2016-01-18 09:51:32'),
(510, '199007162010121002', '192.168.9.30', 'pegawai', 'distribusi', '/eoffice/index.php?r=pegawai/distribusi&id_distribusi_jenis=4', '2016-01-18 09:53:37'),
(511, '199007162010121002', '192.168.9.30', 'surat', 'create', '/eoffice/index.php?r=surat/create', '2016-01-18 09:55:35'),
(512, '199007162010121002', '192.168.9.30', 'surat', 'create', '/eoffice/index.php?Pegawai_page=10&ajax=pegawai-grid&r=surat%2Fcreate', '2016-01-18 09:56:51'),
(513, '198301162010121001', '192.168.8.28', 'pegawai', 'index', '/eoffice/index.php?r=pegawai/index', '2016-01-18 10:29:34'),
(514, '198301162010121001', '192.168.8.28', 'pegawai', 'index', '/eoffice/index.php?r=pegawai/index', '2016-01-18 10:58:19'),
(515, 'bakamla', '192.168.9.30', 'admin', 'index', '/eoffice/index.php?r=admin/index', '2016-01-18 12:01:18'),
(516, 'bakamla', '192.168.9.30', 'admin', 'index', '/eoffice/index.php?r=admin/index', '2016-01-18 12:01:26'),
(517, 'bakamla', '192.168.9.30', 'pegawai', 'admin', '/eoffice/index.php?r=pegawai/admin', '2016-01-18 12:01:40'),
(518, 'bakamla', '192.168.9.30', 'pegawai', 'admin', '/eoffice/index.php?Pegawai%5Bnama%5D=nunuk&Pegawai%5Bnip%5D=&Pegawai%5Busername%5D=&Pegawai%5Bid_jabatan%5D=&Pegawai%5Blogin_terakhir%5D=&Pegawai_page=1&ajax=pegawai-grid&r=pegawai%2Fadmin', '2016-01-18 12:01:55'),
(519, 'bakamla', '192.168.9.30', 'site', 'error', '/eoffice/index.php?r=user/gantiPassword', '2016-01-18 12:02:12'),
(520, '198101242010122001', '192.168.9.30', 'pegawai', 'index', '/eoffice/index.php?r=pegawai/index', '2016-01-18 12:02:28'),
(521, '198101242010122001', '192.168.9.30', 'surat', 'create', '/eoffice/index.php?r=surat/create', '2016-01-18 12:02:47'),
(522, '198101242010122001', '192.168.9.30', 'surat', 'konsep', '/eoffice/index.php?r=surat/konsep&id=81', '2016-01-18 13:52:24'),
(523, '198101242010122001', '192.168.9.30', 'surat', 'cetakSuratUndangan', '/eoffice/index.php?r=surat/cetakSuratUndangan&id=81', '2016-01-18 13:52:39'),
(524, '198101242010122001', '192.168.9.30', 'surat', 'konsep', '/eoffice/index.php?r=surat/konsep&id=81', '2016-01-18 13:53:00'),
(525, 'bakamla', '192.168.9.30', 'admin', 'index', '/eoffice/index.php?r=admin/index', '2016-01-18 14:01:48'),
(526, '198101242010122001', '192.168.9.30', 'surat', 'konsep', '/eoffice/index.php?r=surat/konsep&id=81', '2016-01-18 14:04:49'),
(527, 'bakamla', '192.168.9.30', 'surat', 'admin', '/eoffice/index.php?r=surat/admin', '2016-01-18 14:22:47'),
(528, '198101242010122001', '192.168.9.30', 'pegawai', 'siapTerbit', '/eoffice/index.php?r=pegawai/siapTerbit', '2016-01-18 14:24:35'),
(529, '198101242010122001', '192.168.9.30', 'site', 'error', '/eoffice/index.php?r=surat/view&id=52', '2016-01-18 14:24:46'),
(530, '198101242010122001', '192.168.9.30', 'pegawai', 'siapTerbit', '/eoffice/index.php?r=pegawai/siapTerbit', '2016-01-18 14:24:53'),
(531, '198101242010122001', '192.168.9.30', 'surat', 'create', '/eoffice/index.php?r=surat/create', '2016-01-18 14:24:58'),
(532, '198101242010122001', '192.168.9.30', 'surat', 'konsep', '/eoffice/index.php?r=surat/konsep&id=82', '2016-01-18 14:26:26'),
(533, '198101242010122001', '192.168.9.30', 'surat', 'cetakSuratUndangan', '/eoffice/index.php?r=surat/cetakSuratUndangan&id=82', '2016-01-18 14:26:33'),
(534, '198101242010122001', '192.168.9.30', 'surat', 'konsep', '/eoffice/index.php?r=surat/konsep&id=82', '2016-01-18 14:26:53'),
(535, 'bakamla', '192.168.9.30', 'distribusiGrup', 'admin', '/eoffice/index.php?r=distribusiGrup/admin', '2016-01-18 14:27:49'),
(536, 'bakamla', '192.168.9.30', 'distribusiGrup', 'view', '/eoffice/index.php?r=distribusiGrup/view&id=1', '2016-01-18 14:28:02'),
(537, '198101242010122001', '192.168.9.30', 'surat', 'konsep', '/eoffice/index.php?r=surat/konsep&id=82', '2016-01-18 14:33:58'),
(538, 'bakamla', '192.168.9.30', 'surat', 'admin', '/eoffice/index.php?r=surat/admin', '2016-01-18 14:36:08'),
(539, '198101242010122001', '192.168.9.30', 'surat', 'konsep', '/eoffice/index.php?r=surat/konsep&id=82', '2016-01-18 14:36:22'),
(540, 'bakamla', '192.168.9.30', 'surat', 'admin', '/eoffice/index.php?Surat%5Bnomor%5D=&Surat%5Btanggal%5D=&Surat%5Bid_surat_jenis%5D=18&Surat%5Bwaktu_diterbitkan%5D=&Surat%5Bwaktu_dibuat%5D=&Surat%5Bid_surat_status%5D=&Surat_page=1&ajax=surat-grid&r=surat%2Fadmin', '2016-01-18 14:39:51'),
(541, '198101242010122001', '192.168.9.30', 'surat', 'create', '/eoffice/index.php?r=surat/create', '2016-01-18 14:44:53'),
(542, '198101242010122001', '192.168.9.30', 'pegawai', 'siapTerbit', '/eoffice/index.php?r=pegawai/siapTerbit', '2016-01-18 14:45:18'),
(543, '198101242010122001', '192.168.9.30', 'pegawai', 'index', '/eoffice/index.php?r=pegawai/index', '2016-01-18 14:45:38'),
(544, '198101242010122001', '192.168.9.30', 'surat', 'create', '/eoffice/index.php?r=surat/create', '2016-01-18 14:46:43'),
(545, '198101242010122001', '192.168.9.30', 'surat', 'create', '/eoffice/index.php?Pegawai%5Bnama%5D=ismi&Pegawai%5Bid_jabatan%5D=&Pegawai_page=1&ajax=pegawai-grid&r=surat%2Fcreate', '2016-01-18 14:47:47'),
(546, '198101242010122001', '192.168.9.30', 'surat', 'create', '/eoffice/index.php?r=surat/create', '2016-01-18 14:48:40'),
(547, '198101242010122001', '192.168.9.30', 'surat', 'create', '/eoffice/index.php?Pegawai%5Bnama%5D=ismi&Pegawai%5Bid_jabatan%5D=&Pegawai_page=1&ajax=pegawai-grid&r=surat%2Fcreate', '2016-01-18 14:48:58'),
(548, '198101242010122001', '192.168.9.30', 'surat', 'create', '/eoffice/index.php?r=surat/create', '2016-01-18 14:50:10'),
(549, '198101242010122001', '192.168.9.30', 'surat', 'konsep', '/eoffice/index.php?r=surat/konsep&id=84', '2016-01-18 14:50:33'),
(550, '198101242010122001', '192.168.9.30', 'surat', 'cetakSuratUndangan', '/eoffice/index.php?r=surat/cetakSuratUndangan&id=84', '2016-01-18 14:50:39'),
(551, '198101242010122001', '192.168.9.30', 'surat', 'konsep', '/eoffice/index.php?r=surat/konsep&id=84', '2016-01-18 14:51:11'),
(552, 'bakamla', '192.168.9.30', 'distribusiGrup', 'admin', '/eoffice/index.php?r=distribusiGrup/admin', '2016-01-18 14:52:09'),
(553, 'bakamla', '192.168.9.30', 'distribusiGrup', 'view', '/eoffice/index.php?r=distribusiGrup/view&id=2', '2016-01-18 14:52:23'),
(554, '198101242010122001', '192.168.9.30', 'surat', 'konsep', '/eoffice/index.php?r=surat/konsep&id=84', '2016-01-18 14:54:15'),
(555, 'bakamla', '192.168.9.30', 'pegawai', 'admin', '/eoffice/index.php?r=pegawai/admin', '2016-01-18 14:56:27'),
(556, 'bakamla', '192.168.9.30', 'pegawai', 'admin', '/eoffice/index.php?Pegawai%5Bnama%5D=nunuk&Pegawai%5Bnip%5D=&Pegawai%5Busername%5D=&Pegawai%5Bid_jabatan%5D=&Pegawai%5Blogin_terakhir%5D=&Pegawai_page=1&ajax=pegawai-grid&r=pegawai%2Fadmin', '2016-01-18 14:56:33'),
(557, '198101242010122001', '192.168.9.30', 'pegawai', 'index', '/eoffice/index.php?r=pegawai/index', '2016-01-18 14:57:55'),
(558, '198101242010122001', '192.168.9.30', 'surat', 'create', '/eoffice/index.php?r=surat/create', '2016-01-18 14:58:32'),
(559, '198101242010122001', '192.168.9.30', 'surat', 'create', '/eoffice/index.php?Pegawai%5Bnama%5D=ismi&Pegawai%5Bid_jabatan%5D=&Pegawai_page=1&ajax=pegawai-grid&r=surat%2Fcreate', '2016-01-18 14:59:06'),
(560, '198101242010122001', '192.168.9.30', 'surat', 'konsep', '/eoffice/index.php?r=surat/konsep&id=85', '2016-01-18 14:59:21'),
(561, '198101242010122001', '192.168.9.30', 'surat', 'cetakSuratUndangan', '/eoffice/index.php?r=surat/cetakSuratUndangan&id=85', '2016-01-18 14:59:29'),
(562, '198101242010122001', '192.168.9.30', 'surat', 'konsep', '/eoffice/index.php?r=surat/konsep&id=85', '2016-01-18 14:59:58'),
(563, '198101242010122001', '192.168.9.30', 'surat', 'konsep', '/eoffice/index.php?r=surat/konsep&id=84', '2016-01-18 15:03:03'),
(564, '198101242010122001', '192.168.9.30', 'surat', 'konsep', '/eoffice/index.php?r=surat/konsep&id=85', '2016-01-18 15:03:37'),
(565, '198101242010122001', '192.168.9.30', 'surat', 'disetujui', '/eoffice/index.php?r=surat/disetujui&id=85', '2016-01-18 15:05:59'),
(566, '198101242010122001', '192.168.9.30', 'surat', 'publish', '/eoffice/index.php?r=surat/publish&id=85', '2016-01-18 15:06:46'),
(567, '198101242010122001', '192.168.9.30', 'surat', 'konsep', '/eoffice/index.php?r=surat/konsep&id=84', '2016-01-18 15:07:05'),
(568, '198101242010122001', '192.168.9.30', 'surat', 'view', '/eoffice/index.php?r=surat/view&id=85', '2016-01-18 15:08:12'),
(569, '198402292009122001', '192.168.9.53', 'pegawai', 'index', '/eoffice/index.php?r=pegawai/index', '2016-01-18 15:09:36'),
(570, '198402292009122001', '192.168.9.53', 'pegawai', 'distribusi', '/eoffice/index.php?r=pegawai/distribusi&id_distribusi_jenis=1&baru=1', '2016-01-18 15:10:01'),
(571, '198402292009122001', '192.168.9.53', 'distribusi', 'view', '/eoffice/index.php?r=distribusi/view&id=374', '2016-01-18 15:10:30'),
(572, '198402292009122001', '192.168.9.53', 'distribusi', 'create', '/eoffice/index.php?r=distribusi/create&id_surat=85&id_distribusi_jenis=3', '2016-01-18 15:11:31'),
(573, '198402292009122001', '192.168.9.53', 'distribusi', 'create', '/eoffice/index.php?r=distribusi/create&id_surat=85&id_distribusi_jenis=3', '2016-01-18 15:11:32'),
(574, '198402292009122001', '192.168.9.53', 'distribusi', 'view', '/eoffice/index.php?r=distribusi/view&id=374', '2016-01-18 15:11:40'),
(575, '198402292009122001', '192.168.9.53', 'pegawai', 'distribusi', '/eoffice/index.php?r=pegawai/distribusi&id_distribusi_jenis=1&baru=1', '2016-01-18 15:11:47'),
(576, '198402292009122001', '192.168.9.53', 'pegawai', 'distribusi', '/eoffice/index.php?r=pegawai/distribusi&id_distribusi_jenis=1&baru=1', '2016-01-18 15:11:50'),
(577, '198402292009122001', '192.168.9.53', 'pegawai', 'distribusi', '/eoffice/index.php?r=pegawai/distribusi&id_distribusi_jenis=1&baru=1', '2016-01-18 15:11:55'),
(578, '198402292009122001', '192.168.9.53', 'pegawai', 'distribusi', '/eoffice/index.php?r=pegawai/distribusi&id_distribusi_jenis=1&baru=1', '2016-01-18 15:12:09'),
(579, '198402292009122001', '192.168.9.53', 'pegawai', 'draf', '/eoffice/index.php?r=pegawai/draf&status=konsep', '2016-01-18 15:12:19'),
(580, '198402292009122001', '192.168.9.53', 'surat', 'konsep', '/eoffice/index.php?r=surat/konsep&id=15', '2016-01-18 15:12:31'),
(581, '198402292009122001', '192.168.9.53', 'surat', 'cetakSuratPerintah', '/eoffice/index.php?r=surat/cetakSuratPerintah&id=15', '2016-01-18 15:12:41'),
(582, '198402292009122001', '192.168.9.53', 'pegawai', 'distribusi', '/eoffice/index.php?r=pegawai/distribusi&id_distribusi_jenis=1', '2016-01-18 15:13:08'),
(583, '198402292009122001', '192.168.9.53', 'distribusi', 'view', '/eoffice/index.php?r=distribusi/view&id=374', '2016-01-18 15:13:15'),
(584, '198402292009122001', '192.168.9.53', 'surat', 'create', '/eoffice/index.php?r=surat/create', '2016-01-18 15:15:46'),
(585, '198402292009122001', '192.168.9.53', 'surat', 'create', '/eoffice/index.php?Pegawai_sort=nama&ajax=pegawai-grid&r=surat%2Fcreate', '2016-01-18 15:18:11'),
(586, '198402292009122001', '192.168.9.53', 'surat', 'create', '/eoffice/index.php?Pegawai_sort=nama&ajax=pegawai-grid&r=surat%2Fcreate', '2016-01-18 15:18:13'),
(587, '198402292009122001', '192.168.9.53', 'surat', 'create', '/eoffice/index.php?Pegawai_sort=nama&ajax=pegawai-grid&r=surat%2Fcreate', '2016-01-18 15:18:14'),
(588, '198402292009122001', '192.168.9.53', 'surat', 'create', '/eoffice/index.php?Pegawai_sort=nama&ajax=pegawai-grid&r=surat%2Fcreate', '2016-01-18 15:18:16'),
(589, '198402292009122001', '192.168.9.53', 'surat', 'create', '/eoffice/index.php?Pegawai%5Bnama%5D=I&Pegawai%5Bid_jabatan%5D=&Pegawai_page=1&ajax=pegawai-grid&r=surat%2Fcreate', '2016-01-18 15:18:17'),
(590, '198402292009122001', '192.168.9.53', 'surat', 'konsep', '/eoffice/index.php?r=surat/konsep&id=86', '2016-01-18 15:18:31'),
(591, '198402292009122001', '192.168.9.53', 'surat', 'cetakSuratIzinPdf', '/eoffice/index.php?r=surat/cetakSuratIzinPdf&id=86', '2016-01-18 15:18:36'),
(592, '198402292009122001', '192.168.9.53', 'surat', 'konsep', '/eoffice/index.php?r=surat/konsep&id=86', '2016-01-18 15:18:56'),
(593, '198402292009122001', '192.168.9.53', 'surat', 'konsep', '/eoffice/index.php?r=surat/konsep&id=86', '2016-01-18 15:25:53'),
(594, '198402292009122001', '192.168.9.53', 'surat', 'disetujui', '/eoffice/index.php?r=surat/disetujui&id=86', '2016-01-18 15:26:33'),
(595, '199007162010121002', '192.168.9.30', 'pegawai', 'index', '/eoffice/index.php?r=pegawai/index', '2016-01-18 15:27:00'),
(596, '199007162010121002', '192.168.9.30', 'distribusi', 'view', '/eoffice/index.php?r=distribusi/view&id=374', '2016-01-18 15:27:19'),
(597, '198101242010122001', '192.168.9.30', 'surat', 'konsep', '/eoffice/index.php?r=surat/konsep&id=84', '2016-01-18 15:28:12'),
(598, '198101242010122001', '192.168.9.30', 'pegawai', 'distribusi', '/eoffice/index.php?r=pegawai/distribusi&id_distribusi_jenis=1', '2016-01-18 15:28:23'),
(599, '199007162010121002', '192.168.9.30', 'pegawai', 'distribusi', '/eoffice/index.php?r=pegawai/distribusi&id_distribusi_jenis=1', '2016-01-18 15:28:23'),
(600, '199007162010121002', '192.168.9.30', 'pegawai', 'distribusi', '/eoffice/index.php?r=pegawai/distribusi&id_distribusi_jenis=1&baru=1', '2016-01-18 15:28:26'),
(601, '199007162010121002', '192.168.9.30', 'pegawai', 'distribusi', '/eoffice/index.php?r=pegawai/distribusi&id_distribusi_jenis=1&baru=1', '2016-01-18 15:28:34'),
(602, '198101242010122001', '192.168.9.30', 'pegawai', 'distribusi', '/eoffice/index.php?r=pegawai/distribusi&id_distribusi_jenis=1&baru=1', '2016-01-18 15:28:37'),
(603, '199007162010121002', '192.168.9.30', 'distribusi', 'view', '/eoffice/index.php?r=distribusi/view&id=363', '2016-01-18 15:28:51'),
(604, '199007162010121002', '192.168.9.30', 'pegawai', 'distribusi', '/eoffice/index.php?r=pegawai/distribusi&id_distribusi_jenis=1', '2016-01-18 15:29:20'),
(605, '199007162010121002', '192.168.9.30', 'pegawai', 'index', '/eoffice/index.php?r=pegawai/index', '2016-01-18 15:29:41'),
(606, '198101242010122001', '192.168.9.30', 'pegawai', 'distribusi', '/eoffice/index.php?r=pegawai/distribusi&id_distribusi_jenis=1&baru=1', '2016-01-18 15:29:45'),
(607, '199007162010121002', '192.168.9.30', 'distribusi', 'view', '/eoffice/index.php?r=distribusi/view&id=363', '2016-01-18 15:29:54'),
(608, '198101242010122001', '192.168.9.30', 'distribusi', 'view', '/eoffice/index.php?r=distribusi/view&id=345', '2016-01-18 15:29:54'),
(609, '199007162010121002', '192.168.9.30', 'pegawai', 'index', '/eoffice/index.php?r=pegawai/index', '2016-01-18 15:29:58'),
(610, '198101242010122001', '192.168.9.30', 'pegawai', 'distribusi', '/eoffice/index.php?r=pegawai/distribusi&id_distribusi_jenis=1&baru=1', '2016-01-18 15:30:03'),
(611, '199007162010121002', '192.168.9.30', 'distribusi', 'view', '/eoffice/index.php?r=distribusi/view&id=11', '2016-01-18 15:30:30'),
(612, '198101242010122001', '192.168.9.30', 'pegawai', 'distribusi', '/eoffice/index.php?r=pegawai/distribusi&id_distribusi_jenis=1', '2016-01-18 15:30:36'),
(613, '199007162010121002', '192.168.9.30', 'pegawai', 'index', '/eoffice/index.php?r=pegawai/index', '2016-01-18 15:30:37'),
(614, '199007162010121002', '192.168.9.30', 'distribusi', 'view', '/eoffice/index.php?r=distribusi/view&id=345', '2016-01-18 15:30:54'),
(615, '199007162010121002', '192.168.9.30', 'pegawai', 'index', '/eoffice/index.php?r=pegawai/index', '2016-01-18 15:31:02'),
(616, 'bakamla', '192.168.9.30', 'admin', 'index', '/eoffice/index.php?r=admin/index', '2016-01-18 15:31:19'),
(617, '199007162010121002', '192.168.9.30', 'surat', 'create', '/eoffice/index.php?r=surat/create', '2016-01-18 15:31:23'),
(618, 'bakamla', '192.168.9.30', 'pegawai', 'admin', '/eoffice/index.php?r=pegawai/admin', '2016-01-18 15:31:26'),
(619, 'bakamla', '192.168.9.30', 'pegawai', 'admin', '/eoffice/index.php?Pegawai%5Bnama%5D=&Pegawai%5Bnip%5D=&Pegawai%5Busername%5D=&Pegawai%5Bid_jabatan%5D=sekertaris&Pegawai%5Blogin_terakhir%5D=&Pegawai_page=1&ajax=pegawai-grid&r=pegawai%2Fadmin', '2016-01-18 15:31:33'),
(620, 'bakamla', '192.168.9.30', 'pegawai', 'admin', '/eoffice/index.php?Pegawai%5Bnama%5D=&Pegawai%5Bnip%5D=&Pegawai%5Busername%5D=&Pegawai%5Bid_jabatan%5D=&Pegawai%5Blogin_terakhir%5D=&Pegawai_page=1&ajax=pegawai-grid&r=pegawai%2Fadmin', '2016-01-18 15:31:54'),
(621, 'bakamla', '192.168.9.30', 'pegawai', 'admin', '/eoffice/index.php?Pegawai%5Bnama%5D=dikki&Pegawai%5Bnip%5D=&Pegawai%5Busername%5D=&Pegawai%5Bid_jabatan%5D=&Pegawai%5Blogin_terakhir%5D=&Pegawai_page=1&ajax=pegawai-grid&r=pegawai%2Fadmin', '2016-01-18 15:31:56'),
(622, 'bakamla', '192.168.9.30', 'site', 'login', '/eoffice/index.php?r=site/login', '2016-01-18 15:31:59'),
(623, 'bakamla', '192.168.9.30', 'admin', 'index', '/eoffice/index.php?r=admin/index', '2016-01-18 15:32:00'),
(624, 'bakamla', '192.168.9.30', 'admin', 'index', '/eoffice/index.php?r=admin/index', '2016-01-18 15:32:02'),
(625, 'bakamla', '192.168.9.30', 'pegawai', 'admin', '/eoffice/index.php?r=pegawai/admin', '2016-01-18 15:32:06'),
(626, 'bakamla', '192.168.9.30', 'admin', 'index', '/eoffice/index.php?r=admin/index', '2016-01-18 15:33:05'),
(627, 'bakamla', '192.168.9.30', 'pegawai', 'admin', '/eoffice/index.php?r=pegawai/admin', '2016-01-18 15:33:10'),
(628, 'bakamla', '192.168.9.30', 'pegawai', 'setPassword', '/eoffice/index.php?r=pegawai/setPassword&id=2', '2016-01-18 15:33:18'),
(629, 'bakamla', '192.168.9.30', 'pegawai', 'admin', '/eoffice/index.php?r=pegawai/admin', '2016-01-18 15:33:32'),
(630, '196105271985031001', '192.168.9.30', 'pegawai', 'index', '/eoffice/index.php?r=pegawai/index', '2016-01-18 15:33:46'),
(631, '196105271985031001', '192.168.9.30', 'pegawai', 'distribusi', '/eoffice/index.php?r=pegawai/distribusi&id_distribusi_jenis=1&baru=1', '2016-01-18 15:33:52'),
(632, '196105271985031001', '192.168.9.30', 'distribusi', 'view', '/eoffice/index.php?r=distribusi/view&id=25', '2016-01-18 15:34:03'),
(633, '198101242010122001', '192.168.9.30', 'pegawai', 'distribusi', '/eoffice/index.php?r=pegawai/distribusi&id_distribusi_jenis=1&baru=1', '2016-01-18 15:34:26'),
(634, '198402292009122001', '192.168.9.53', 'pegawai', 'index', '/eoffice/index.php?r=pegawai/index', '2016-01-18 15:34:39'),
(635, '198402292009122001', '192.168.9.53', 'pegawai', 'draf', '/eoffice/index.php?r=pegawai/draf&status=disetujui', '2016-01-18 15:34:47'),
(636, '198402292009122001', '192.168.9.53', 'surat', 'disetujui', '/eoffice/index.php?r=surat/disetujui&id=86', '2016-01-18 15:34:55'),
(637, '196105271985031001', '192.168.9.30', 'pegawai', 'siapTerbit', '/eoffice/index.php?r=pegawai/siapTerbit', '2016-01-18 15:35:24'),
(638, '196105271985031001', '192.168.9.30', 'site', 'error', '/eoffice/index.php?r=surat/view&id=86', '2016-01-18 15:35:35'),
(639, '196105271985031001', '192.168.9.30', 'pegawai', 'siapTerbit', '/eoffice/index.php?r=pegawai/siapTerbit', '2016-01-18 15:35:40'),
(640, 'bakamla', '192.168.9.30', 'admin', 'index', '/eoffice/index.php?r=admin/index', '2016-01-18 15:36:11'),
(641, 'bakamla', '192.168.9.30', 'site', 'error', '/eoffice/index.php?r=pegawai/paraf', '2016-01-18 15:36:24'),
(642, 'bakamla', '192.168.9.30', 'admin', 'index', '/eoffice/index.php?r=admin/index', '2016-01-18 15:36:29'),
(643, '196105271985031001', '192.168.9.30', 'pegawai', 'index', '/eoffice/index.php?r=pegawai/index', '2016-01-18 15:37:28'),
(644, '196105271985031001', '192.168.9.30', 'pegawai', 'siapTerbit', '/eoffice/index.php?r=pegawai/siapTerbit', '2016-01-18 15:37:36'),
(645, '196105271985031001', '192.168.9.30', 'site', 'error', '/eoffice/index.php?r=surat/view&id=86', '2016-01-18 15:37:41'),
(646, '196105271985031001', '192.168.9.30', 'pegawai', 'siapTerbit', '/eoffice/index.php?r=pegawai/siapTerbit', '2016-01-18 15:37:46'),
(647, 'bakamla', '192.168.9.30', 'admin', 'index', '/eoffice/index.php?r=admin/index', '2016-01-18 15:38:27'),
(648, 'bakamla', '192.168.9.30', 'site', 'error', '/eoffice/index.php?r=pegawai/paraf', '2016-01-18 15:38:35'),
(649, 'bakamla', '192.168.9.30', 'admin', 'index', '/eoffice/index.php?r=admin/index', '2016-01-18 15:38:40'),
(650, 'bakamla', '192.168.9.30', 'site', 'error', '/eoffice/index.php?r=pegawai/paraf', '2016-01-18 15:38:49'),
(651, 'bakamla', '192.168.9.30', 'admin', 'index', '/eoffice/index.php?r=admin/index', '2016-01-18 15:38:53'),
(652, 'bakamla', '192.168.9.30', 'pegawai', 'admin', '/eoffice/index.php?r=pegawai/admin', '2016-01-18 15:39:01'),
(653, 'bakamla', '192.168.9.30', 'pegawai', 'setPassword', '/eoffice/index.php?r=pegawai/setPassword&id=2', '2016-01-18 15:39:10'),
(654, 'bakamla', '192.168.9.30', 'pegawai', 'admin', '/eoffice/index.php?r=pegawai/admin', '2016-01-18 15:39:22'),
(655, 'bakamla', '192.168.9.30', 'surat', 'admin', '/eoffice/index.php?r=surat/admin', '2016-01-18 15:39:41'),
(656, 'bakamla', '192.168.9.30', 'surat', 'admin', '/eoffice/index.php?Surat%5Bnomor%5D=&Surat%5Btanggal%5D=&Surat%5Bid_surat_jenis%5D=&Surat%5Bwaktu_diterbitkan%5D=&Surat%5Bwaktu_dibuat%5D=&Surat%5Bid_surat_status%5D=5&Surat_page=1&ajax=surat-grid&r=surat%2Fadmin', '2016-01-18 15:39:56'),
(657, 'bakamla', '192.168.9.30', 'surat', 'admin', '/eoffice/index.php?Surat%5Bnomor%5D=&Surat%5Btanggal%5D=&Surat%5Bid_surat_jenis%5D=7&Surat%5Bwaktu_diterbitkan%5D=&Surat%5Bwaktu_dibuat%5D=&Surat%5Bid_surat_status%5D=5&Surat_page=1&ajax=surat-grid&r=surat%2Fadmin', '2016-01-18 15:40:03'),
(658, 'bakamla', '192.168.9.30', 'surat', 'delete', '/eoffice/index.php?ajax=surat-grid&id=86&r=surat%2Fdelete', '2016-01-18 15:40:19'),
(659, 'bakamla', '192.168.9.30', 'surat', 'admin', '/eoffice/index.php?Surat%5Bnomor%5D=&Surat%5Btanggal%5D=&Surat%5Bid_surat_jenis%5D=7&Surat%5Bwaktu_diterbitkan%5D=&Surat%5Bwaktu_dibuat%5D=&Surat%5Bid_surat_status%5D=5&Surat_page=1&ajax=surat-grid&r=surat%2Fadmin', '2016-01-18 15:40:20'),
(660, '196105271985031001', '192.168.9.30', 'pegawai', 'index', '/eoffice/index.php?r=pegawai/index', '2016-01-18 15:40:50'),
(661, '196105271985031001', '192.168.9.30', 'pegawai', 'siapTerbit', '/eoffice/index.php?r=pegawai/siapTerbit', '2016-01-18 15:40:55'),
(662, '196105271985031001', '192.168.9.30', 'pegawai', 'siapTerbit', '/eoffice/index.php?r=pegawai/siapTerbit', '2016-01-18 15:41:16'),
(663, '199007162010121002', '192.168.9.30', 'pegawai', 'distribusi', '/eoffice/index.php?r=pegawai/distribusi&id_distribusi_jenis=1', '2016-01-18 15:43:56'),
(664, '198301162010121001', '192.168.8.28', 'pegawai', 'index', '/eoffice/index.php?r=pegawai/index', '2016-01-19 06:39:14'),
(665, '198301162010121001', '192.168.8.28', 'pegawai', 'distribusi', '/eoffice/index.php?r=pegawai/distribusi&id_distribusi_jenis=1&baru=1', '2016-01-19 06:39:23'),
(666, '198301162010121001', '192.168.8.28', 'distribusi', 'view', '/eoffice/index.php?r=distribusi/view&id=5', '2016-01-19 06:39:38'),
(667, '198301162010121001', '192.168.8.28', 'pegawai', 'distribusi', '/eoffice/index.php?r=pegawai/distribusi&id_distribusi_jenis=1', '2016-01-19 06:40:12'),
(668, '198301162010121001', '192.168.8.28', 'pegawai', 'distribusi', '/eoffice/index.php?r=pegawai/distribusi&id_distribusi_jenis=1&baru=1', '2016-01-19 06:40:17'),
(669, '198301162010121001', '192.168.8.28', 'distribusi', 'view', '/eoffice/index.php?r=distribusi/view&id=246', '2016-01-19 06:40:21'),
(670, '198308032010121001', '192.168.8.6', 'pegawai', 'index', '/eoffice/index.php?r=pegawai/index', '2016-01-19 08:08:07'),
(671, '198308032010121001', '192.168.8.6', 'distribusi', 'view', '/eoffice/index.php?r=distribusi/view&id=74', '2016-01-19 08:08:56'),
(672, '197411302010122001', '192.168.8.13', 'pegawai', 'index', '/eoffice/index.php?r=pegawai/index', '2016-01-19 08:11:17'),
(673, '197411302010122001', '192.168.8.13', 'pegawai', 'distribusi', '/eoffice/index.php?r=pegawai/distribusi&id_distribusi_jenis=1&baru=1', '2016-01-19 08:11:39'),
(674, '197411302010122001', '192.168.8.13', 'pegawai', 'distribusi', '/eoffice/index.php?r=pegawai/distribusi&id_distribusi_jenis=1&baru=1', '2016-01-19 08:11:53'),
(675, '197411302010122001', '192.168.8.13', 'distribusi', 'view', '/eoffice/index.php?r=distribusi/view&id=244', '2016-01-19 08:12:04'),
(676, '197411302010122001', '192.168.8.13', 'pegawai', 'distribusi', '/eoffice/index.php?r=pegawai/distribusi&id_distribusi_jenis=1', '2016-01-19 08:13:40'),
(677, '197411302010122001', '192.168.8.13', 'pegawai', 'index', '/eoffice/index.php?r=pegawai/index', '2016-01-19 08:13:49'),
(678, '197411302010122001', '192.168.8.13', 'distribusi', 'view', '/eoffice/index.php?r=distribusi/view&id=244', '2016-01-19 08:14:08'),
(679, '198308032010121001', '192.168.8.6', 'pegawai', 'index', '/eoffice/index.php?r=pegawai/index', '2016-01-19 08:15:50'),
(680, '198308032010121001', '192.168.8.6', 'distribusi', 'view', '/eoffice/index.php?r=distribusi/view&id=74', '2016-01-19 08:16:04'),
(681, '198308032010121001', '192.168.8.6', 'pegawai', 'index', '/eoffice/index.php?r=pegawai/index', '2016-01-19 08:16:13'),
(682, '198308032010121001', '192.168.8.6', 'distribusi', 'view', '/eoffice/index.php?r=distribusi/view&id=74', '2016-01-19 08:16:18'),
(683, '198308032010121001', '192.168.8.6', 'pegawai', 'index', '/eoffice/index.php?r=pegawai/index', '2016-01-19 08:16:32'),
(684, '197411302010122001', '192.168.8.13', 'pegawai', 'distribusi', '/eoffice/index.php?r=pegawai/distribusi&id_distribusi_jenis=1', '2016-01-19 08:17:13'),
(685, '197411302010122001', '192.168.8.13', 'pegawai', 'index', '/eoffice/index.php?r=pegawai/index', '2016-01-19 08:17:16'),
(686, '197411302010122001', '192.168.8.13', 'pegawai', 'distribusi', '/eoffice/index.php?r=pegawai/distribusi&id_distribusi_jenis=1&baru=1', '2016-01-19 08:17:23'),
(687, '197411302010122001', '192.168.8.13', 'distribusi', 'view', '/eoffice/index.php?r=distribusi/view&id=244', '2016-01-19 08:17:33'),
(688, '197411302010122001', '192.168.8.13', 'pegawai', 'pemberitahuan', '/eoffice/index.php?r=pegawai/pemberitahuan', '2016-01-19 08:22:11'),
(689, '197411302010122001', '192.168.8.13', 'distribusi', 'view', '/eoffice/index.php?r=distribusi/view&id=244', '2016-01-19 08:22:29'),
(690, '197411302010122001', '192.168.8.13', 'distribusi', 'create', '/eoffice/index.php?r=distribusi/create&id_surat=85&id_distribusi_jenis=4', '2016-01-19 08:22:57'),
(691, '197411302010122001', '192.168.8.13', 'surat', 'view', '/eoffice/index.php?r=surat/view&id=85', '2016-01-19 08:24:17'),
(692, '197411302010122001', '192.168.8.13', 'pegawai', 'distribusi', '/eoffice/index.php?r=pegawai/distribusi&id_distribusi_jenis=2', '2016-01-19 08:26:04'),
(693, '197411302010122001', '192.168.8.13', 'pegawai', 'distribusi', '/eoffice/index.php?r=pegawai/distribusi&id_distribusi_jenis=1', '2016-01-19 08:26:11'),
(694, '197411302010122001', '192.168.8.13', 'distribusi', 'view', '/eoffice/index.php?r=distribusi/view&id=244', '2016-01-19 08:26:17'),
(695, '197411302010122001', '192.168.8.13', 'pegawai', 'pemberitahuan', '/eoffice/index.php?r=pegawai/pemberitahuan', '2016-01-19 08:27:05'),
(696, '197411302010122001', '192.168.8.13', 'distribusi', 'view', '/eoffice/index.php?r=distribusi/view&id=244', '2016-01-19 08:27:23'),
(697, '197411302010122001', '192.168.8.13', 'distribusi', 'create', '/eoffice/index.php?r=distribusi/create&id_surat=85&id_distribusi_jenis=3', '2016-01-19 08:27:36'),
(698, '197411302010122001', '192.168.8.13', 'pegawai', 'index', '/eoffice/index.php?r=pegawai/index', '2016-01-19 08:27:44'),
(699, '198408152015011001', '192.168.8.29', 'pegawai', 'index', '/eoffice/index.php?r=pegawai/index', '2016-01-19 08:59:36'),
(700, '198408152015011001', '192.168.8.29', 'distribusi', 'view', '/eoffice/index.php?r=distribusi/view&id=21', '2016-01-19 09:00:05'),
(701, '198408152015011001', '192.168.8.29', 'distribusi', 'view', '/eoffice/index.php?r=distribusi/view&id=416', '2016-01-19 09:01:13'),
(702, '198408152015011001', '192.168.8.29', 'surat', 'create', '/eoffice/index.php?r=surat/create', '2016-01-19 09:01:54'),
(703, '198408152015011001', '192.168.8.29', 'surat', 'create', '/eoffice/index.php?Pegawai%5Bnama%5D=reza&Pegawai%5Bid_jabatan%5D=&Pegawai_page=1&ajax=pegawai-grid&r=surat%2Fcreate', '2016-01-19 09:03:21'),
(704, '198408152015011001', '192.168.8.29', 'surat', 'create', '/eoffice/index.php?Pegawai%5Bnama%5D=reza&Pegawai%5Bid_jabatan%5D=&Pegawai_page=1&Pegawai_sort=nama&ajax=pegawai-grid&r=surat%2Fcreate', '2016-01-19 09:04:07'),
(705, '198408152015011001', '192.168.8.29', 'surat', 'create', '/eoffice/index.php?Pegawai%5Bnama%5D=Dikki+Tri&Pegawai%5Bid_jabatan%5D=&Pegawai_page=1&Pegawai_sort=nama&ajax=pegawai-grid&r=surat%2Fcreate', '2016-01-19 09:04:19'),
(706, '198109212009011002', '192.168.8.80', 'pegawai', 'index', '/eoffice/index.php?r=pegawai/index', '2016-01-19 09:06:37'),
(707, '198109212009011002', '192.168.8.80', 'pegawai', 'distribusi', '/eoffice/index.php?r=pegawai/distribusi&id_distribusi_jenis=1&baru=1', '2016-01-19 09:06:45'),
(708, '198109212009011002', '192.168.8.80', 'distribusi', 'view', '/eoffice/index.php?r=distribusi/view&id=88', '2016-01-19 09:06:55'),
(709, '198109212009011002', '192.168.8.80', 'pegawai', 'index', '/eoffice/index.php?r=pegawai/index', '2016-01-19 09:07:59'),
(710, '198109212009011002', '192.168.8.80', 'distribusi', 'view', '/eoffice/index.php?r=distribusi/view&id=88', '2016-01-19 09:08:12'),
(711, '197411302010122001', '192.168.8.13', 'pegawai', 'distribusi', '/eoffice/index.php?r=pegawai/distribusi&id_distribusi_jenis=1', '2016-01-19 09:08:13'),
(712, '197411302010122001', '192.168.8.13', 'distribusi', 'view', '/eoffice/index.php?r=distribusi/view&id=244', '2016-01-19 09:08:18'),
(713, '198109212009011002', '192.168.8.80', 'pegawai', 'index', '/eoffice/index.php?r=pegawai/index', '2016-01-19 09:08:19'),
(714, '198109212009011002', '192.168.8.80', 'distribusi', 'view', '/eoffice/index.php?r=distribusi/view&id=88', '2016-01-19 09:08:27'),
(715, '197411302010122001', '192.168.8.13', 'pegawai', 'pemberitahuan', '/eoffice/index.php?r=pegawai/pemberitahuan', '2016-01-19 09:08:34'),
(716, '198109212009011002', '192.168.8.80', 'distribusi', 'create', '/eoffice/index.php?r=distribusi/create&id_surat=85&id_distribusi_jenis=4', '2016-01-19 09:08:34'),
(717, '197411302010122001', '192.168.8.13', 'pegawai', 'distribusi', '/eoffice/index.php?r=pegawai/distribusi&id_distribusi_jenis=4', '2016-01-19 09:09:02'),
(718, '197411302010122001', '192.168.8.13', 'pegawai', 'distribusi', '/eoffice/index.php?r=pegawai/distribusi&id_distribusi_jenis=1', '2016-01-19 09:09:07'),
(719, '197411302010122001', '192.168.8.13', 'distribusi', 'view', '/eoffice/index.php?r=distribusi/view&id=244', '2016-01-19 09:09:11'),
(720, '198109212009011002', '192.168.8.80', 'surat', 'view', '/eoffice/index.php?r=surat/view&id=85', '2016-01-19 09:10:51'),
(721, '198109212009011002', '192.168.8.80', 'pegawai', 'index', '/eoffice/index.php?r=pegawai/index', '2016-01-19 09:11:15'),
(722, '197807182010121002', '192.168.8.45', 'pegawai', 'index', '/eoffice/index.php?r=pegawai/index', '2016-01-19 09:11:16'),
(723, '198408152015011001', '192.168.8.29', 'surat', 'konsep', '/eoffice/index.php?r=surat/konsep&id=87', '2016-01-19 09:11:17'),
(724, '198308032010121001', '192.168.8.6', 'site', 'login', '/eoffice/index.php?r=site/login', '2016-01-19 09:11:20'),
(725, '198109212009011002', '192.168.8.80', 'distribusi', 'view', '/eoffice/index.php?r=distribusi/view&id=88', '2016-01-19 09:11:23'),
(726, '198408152015011001', '192.168.8.29', 'surat', 'cetakSuratTugas', '/eoffice/index.php?r=surat/cetakSuratTugas&id=87', '2016-01-19 09:11:26'),
(727, '197411302010122001', '192.168.8.13', 'pegawai', 'distribusi', '/eoffice/index.php?r=pegawai/distribusi&id_distribusi_jenis=1', '2016-01-19 09:11:28'),
(728, '198308032010121001', '192.168.8.6', 'pegawai', 'index', '/eoffice/index.php?r=pegawai/index', '2016-01-19 09:11:29'),
(729, '197411302010122001', '192.168.8.13', 'pegawai', 'index', '/eoffice/index.php?r=pegawai/index', '2016-01-19 09:11:34'),
(730, '197411302010122001', '192.168.8.13', 'pegawai', 'index', '/eoffice/index.php?r=pegawai/index', '2016-01-19 09:11:35'),
(731, '197411302010122001', '192.168.8.13', 'pegawai', 'index', '/eoffice/index.php?r=pegawai/index', '2016-01-19 09:11:37'),
(732, '197807182010121002', '192.168.8.45', 'pegawai', 'distribusi', '/eoffice/index.php?r=pegawai/distribusi&id_distribusi_jenis=1&baru=1', '2016-01-19 09:11:38'),
(733, '197411302010122001', '192.168.8.13', 'pegawai', 'distribusi', '/eoffice/index.php?r=pegawai/distribusi&id_distribusi_jenis=4', '2016-01-19 09:11:41'),
(734, '198109212009011002', '192.168.8.80', 'pegawai', 'index', '/eoffice/index.php?r=pegawai/index', '2016-01-19 09:11:48'),
(735, '197411302010122001', '192.168.8.13', 'pegawai', 'distribusi', '/eoffice/index.php?r=pegawai/distribusi&id_distribusi_jenis=4', '2016-01-19 09:11:49'),
(736, '197411302010122001', '192.168.8.13', 'distribusi', 'view', '/eoffice/index.php?r=distribusi/view&id=510', '2016-01-19 09:11:57'),
(737, '197807182010121002', '192.168.8.45', 'pegawai', 'distribusi', '/eoffice/index.php?r=pegawai/distribusi&id_distribusi_jenis=1&baru=1', '2016-01-19 09:11:58'),
(738, '198109212009011002', '192.168.8.80', 'pegawai', 'index', '/eoffice/index.php?r=pegawai/index', '2016-01-19 09:12:21'),
(739, '197807182010121002', '192.168.8.45', 'distribusi', 'view', '/eoffice/index.php?r=distribusi/view&id=89', '2016-01-19 09:12:22'),
(740, '197411302010122001', '192.168.8.13', 'pegawai', 'pemberitahuan', '/eoffice/index.php?r=pegawai/pemberitahuan', '2016-01-19 09:12:56'),
(741, '198109212009011002', '192.168.8.80', 'pegawai', 'index', '/eoffice/index.php?r=pegawai/index', '2016-01-19 09:13:25'),
(742, '198109212009011002', '192.168.8.80', 'distribusi', 'view', '/eoffice/index.php?r=distribusi/view&id=88', '2016-01-19 09:13:31'),
(743, '197411302010122001', '192.168.8.13', 'pegawai', 'pemberitahuan', '/eoffice/index.php?r=pegawai/pemberitahuan', '2016-01-19 09:13:42'),
(744, '197411302010122001', '192.168.8.13', 'pegawai', 'index', '/eoffice/index.php?r=pegawai/index', '2016-01-19 09:13:51'),
(745, '197411302010122001', '192.168.8.13', 'pegawai', 'pemberitahuan', '/eoffice/index.php?r=pegawai/pemberitahuan', '2016-01-19 09:14:02'),
(746, '197807182010121002', '192.168.8.45', 'surat', 'create', '/eoffice/index.php?r=surat/create', '2016-01-19 09:14:19'),
(747, '197411302010122001', '192.168.8.13', 'pegawai', 'index', '/eoffice/index.php?r=pegawai/index', '2016-01-19 09:14:24'),
(748, '197509152009012001', '192.168.8.46', 'pegawai', 'index', '/eoffice/index.php?r=pegawai/index', '2016-01-19 09:14:35'),
(749, '197509152009012001', '192.168.8.46', 'pegawai', 'distribusi', '/eoffice/index.php?r=pegawai/distribusi&id_distribusi_jenis=1&baru=1', '2016-01-19 09:14:47');
INSERT INTO `log` (`id`, `username`, `ip`, `controller`, `action`, `uri`, `waktu`) VALUES
(750, '197509152009012001', '192.168.8.46', 'distribusi', 'view', '/eoffice/index.php?r=distribusi/view&id=87', '2016-01-19 09:15:03'),
(751, '197509152009012001', '192.168.8.46', 'surat', 'view', '/eoffice/index.php?r=surat/view&id=85', '2016-01-19 09:15:15'),
(752, '198109212009011002', '192.168.8.80', 'pegawai', 'profil', '/eoffice/index.php?r=pegawai/profil', '2016-01-19 09:17:51'),
(753, '198109212009011002', '192.168.8.80', 'pegawai', 'profil', '/eoffice/index.php?r=pegawai/profil', '2016-01-19 09:17:54'),
(754, '198109212009011002', '192.168.8.80', 'pegawai', 'profil', '/eoffice/index.php?r=pegawai/profil', '2016-01-19 09:17:55'),
(755, '198109212009011002', '192.168.8.80', 'pegawai', 'index', '/eoffice/index.php?r=pegawai/index', '2016-01-19 09:18:00'),
(756, '198109212009011002', '192.168.8.80', 'pegawai', 'index', '/eoffice/index.php?r=pegawai/index', '2016-01-19 09:18:03'),
(757, '198109212009011002', '192.168.8.80', 'pegawai', 'index', '/eoffice/index.php?r=pegawai/index', '2016-01-19 09:18:05'),
(758, '198109212009011002', '192.168.8.80', 'distribusi', 'view', '/eoffice/index.php?r=distribusi/view&id=88', '2016-01-19 09:18:12'),
(759, '198109212009011002', '192.168.8.80', 'distribusi', 'view', '/eoffice/index.php?r=distribusi/view&id=88', '2016-01-19 09:18:15'),
(760, '198109212009011002', '192.168.8.80', 'distribusi', 'view', '/eoffice/index.php?r=distribusi/view&id=88', '2016-01-19 09:18:21'),
(761, '198109212009011002', '192.168.8.80', 'pegawai', 'index', '/eoffice/index.php?r=pegawai/index', '2016-01-19 09:18:27'),
(762, '198109212009011002', '192.168.8.80', 'pegawai', 'index', '/eoffice/index.php?r=pegawai/index', '2016-01-19 09:22:39'),
(763, '198109212009011002', '192.168.8.80', 'pegawai', 'pemberitahuan', '/eoffice/index.php?r=pegawai/pemberitahuan', '2016-01-19 09:22:54'),
(764, '198109212009011002', '192.168.8.80', 'pegawai', 'distribusi', '/eoffice/index.php?r=pegawai/distribusi&id_distribusi_jenis=3', '2016-01-19 09:23:00'),
(765, '198109212009011002', '192.168.8.80', 'pegawai', 'distribusi', '/eoffice/index.php?r=pegawai/distribusi&id_distribusi_jenis=2', '2016-01-19 09:23:04'),
(766, '198109212009011002', '192.168.8.80', 'pegawai', 'distribusi', '/eoffice/index.php?r=pegawai/distribusi&id_distribusi_jenis=4', '2016-01-19 09:23:07'),
(767, '198109212009011002', '192.168.8.80', 'pegawai', 'profil', '/eoffice/index.php?r=pegawai/profil', '2016-01-19 09:23:14'),
(768, '198109212009011002', '192.168.8.80', 'pegawai', 'index', '/eoffice/index.php?r=pegawai/index', '2016-01-19 09:23:22'),
(769, '197807182010121002', '192.168.8.45', 'surat', 'create', '/eoffice/index.php?r=surat/create', '2016-01-19 09:25:22'),
(770, '197411302010122001', '192.168.8.13', 'pegawai', 'distribusi', '/eoffice/index.php?r=pegawai/distribusi&id_distribusi_jenis=1', '2016-01-19 09:30:16'),
(771, '198301162010121001', '192.168.8.28', 'pegawai', 'index', '/eoffice/index.php?r=pegawai/index', '2016-01-19 09:39:57'),
(772, '198301162010121001', '192.168.8.28', 'distribusi', 'view', '/eoffice/index.php?r=distribusi/view&id=246', '2016-01-19 09:40:11'),
(773, '198301162010121001', '192.168.8.28', 'distribusi', 'view', '/eoffice/index.php?r=distribusi/view&id=246', '2016-01-19 09:40:33'),
(774, '198301162010121001', '192.168.8.28', 'pegawai', 'index', '/eoffice/index.php?r=pegawai/index', '2016-01-19 09:40:49'),
(775, '197807182010121002', '192.168.8.45', 'distribusi', 'view', '/eoffice/index.php?r=distribusi/view&id=89', '2016-01-19 09:41:11'),
(776, '198408152015011001', '192.168.8.29', 'surat', 'konsep', '/eoffice/index.php?r=surat/konsep&id=87', '2016-01-19 09:42:17'),
(777, '198408152015011001', '192.168.8.29', 'surat', 'cetakSuratTugas', '/eoffice/index.php?r=surat/cetakSuratTugas&id=87', '2016-01-19 09:42:25'),
(778, '59110796', '192.168.4.73', 'pegawai', 'index', '/eoffice/index.php?r=pegawai/index', '2016-01-19 09:46:34'),
(779, 'bakamla', '192.168.9.25', 'admin', 'index', '/eoffice/index.php?r=admin/index', '2016-01-19 09:47:02'),
(780, '198408152015011001', '192.168.8.29', 'surat', 'pemeriksaan', '/eoffice/index.php?r=surat/pemeriksaan&id=87', '2016-01-19 09:47:33'),
(781, '198308032010121001', '192.168.8.6', 'pegawai', 'index', '/eoffice/index.php?r=pegawai/index', '2016-01-19 09:47:38'),
(782, '198408152015011001', '192.168.8.29', 'surat', 'cetakSuratTugas', '/eoffice/index.php?r=surat/cetakSuratTugas&id=87', '2016-01-19 09:47:39'),
(783, '198301162010121001', '192.168.8.28', 'pegawai', 'index', '/eoffice/index.php?r=pegawai/index', '2016-01-19 09:47:47'),
(784, '198308032010121001', '192.168.8.6', 'distribusi', 'view', '/eoffice/index.php?r=distribusi/view&id=74', '2016-01-19 09:47:48'),
(785, '198301162010121001', '192.168.8.28', 'pegawai', 'index', '/eoffice/index.php?r=pegawai/index', '2016-01-19 09:47:55'),
(786, '198301162010121001', '192.168.8.28', 'pegawai', 'index', '/eoffice/index.php?r=pegawai/index', '2016-01-19 09:48:20'),
(787, '59110796', '192.168.4.73', 'pegawai', 'distribusi', '/eoffice/index.php?r=pegawai/distribusi&id_distribusi_jenis=1&baru=1', '2016-01-19 09:48:55'),
(788, '59110796', '192.168.4.73', 'distribusi', 'view', '/eoffice/index.php?r=distribusi/view&id=491', '2016-01-19 09:49:15'),
(789, '198408152015011001', '192.168.8.29', 'surat', 'pemeriksaan', '/eoffice/index.php?r=surat/pemeriksaan&id=87', '2016-01-19 09:49:55'),
(790, '198408152015011001', '192.168.8.29', 'surat', 'cetakSuratTugas', '/eoffice/index.php?r=surat/cetakSuratTugas&id=87', '2016-01-19 09:50:01'),
(791, '59110796', '192.168.4.73', 'pegawai', 'profil', '/eoffice/index.php?r=pegawai/profil', '2016-01-19 09:50:26'),
(792, '198408152015011001', '192.168.8.29', 'surat', 'pemeriksaan', '/eoffice/index.php?r=surat/pemeriksaan&id=87', '2016-01-19 09:50:34'),
(793, '198408152015011001', '192.168.8.29', 'surat', 'cetakSuratTugas', '/eoffice/index.php?r=surat/cetakSuratTugas&id=87', '2016-01-19 09:50:40'),
(794, '198408152015011001', '192.168.8.29', 'surat', 'pemeriksaan', '/eoffice/index.php?r=surat/pemeriksaan&id=87', '2016-01-19 09:50:47'),
(795, '198408152015011001', '192.168.8.29', 'surat', 'cetakSuratTugas', '/eoffice/index.php?r=surat/cetakSuratTugas&id=87', '2016-01-19 09:50:53'),
(796, '198408152015011001', '192.168.8.29', 'surat', 'pemeriksaan', '/eoffice/index.php?r=surat/pemeriksaan&id=87', '2016-01-19 09:51:06'),
(797, '198408152015011001', '192.168.8.29', 'surat', 'cetakSuratTugas', '/eoffice/index.php?r=surat/cetakSuratTugas&id=87', '2016-01-19 09:51:12'),
(798, '59110796', '192.168.4.73', 'distribusi', 'view', '/eoffice/index.php?r=distribusi/view&id=491', '2016-01-19 09:52:43'),
(799, '59110796', '192.168.4.73', 'pegawai', 'distribusi', '/eoffice/index.php?r=pegawai/distribusi&id_distribusi_jenis=1&baru=1', '2016-01-19 09:54:03'),
(800, '59110796', '192.168.4.73', 'pegawai', 'index', '/eoffice/index.php?r=pegawai/index', '2016-01-19 09:54:19'),
(801, '59110796', '192.168.4.73', 'pegawai', 'distribusi', '/eoffice/index.php?r=pegawai/distribusi&id_distribusi_jenis=1&baru=1', '2016-01-19 09:54:28'),
(802, '59110796', '192.168.4.73', 'pegawai', 'index', '/eoffice/index.php?r=pegawai/index', '2016-01-19 09:54:31'),
(803, '59110796', '192.168.4.73', 'site', 'login', '/eoffice/index.php?r=site/login', '2016-01-19 09:54:43'),
(804, '59110796', '192.168.4.73', 'pegawai', 'index', '/eoffice/index.php?r=pegawai/index', '2016-01-19 09:55:04'),
(805, '198301162010121001', '192.168.8.28', 'pegawai', 'index', '/eoffice/index.php?r=pegawai/index', '2016-01-19 10:02:28'),
(806, '198301162010121001', '192.168.8.28', 'pegawai', 'draf', '/eoffice/index.php?r=pegawai/draf&status=konsep', '2016-01-19 10:04:23'),
(807, '198308032010121001', '192.168.8.6', 'pegawai', 'index', '/eoffice/index.php?r=pegawai/index', '2016-01-19 10:26:08'),
(808, 'bakamla', '192.168.8.6', 'admin', 'index', '/eoffice/index.php?r=admin/index', '2016-01-19 10:38:02'),
(809, '198301162010121001', '192.168.8.28', 'pegawai', 'draf', '/eoffice/index.php?r=pegawai/draf&status=konsep', '2016-01-19 10:46:38'),
(810, '198308172015011001', '192.168.8.12', 'pegawai', 'index', '/eoffice/index.php?r=pegawai/index', '2016-01-19 11:01:46'),
(811, '198308172015011001', '192.168.8.12', 'pegawai', 'gantiPassword', '/eoffice/index.php?r=pegawai/gantiPassword', '2016-01-19 11:02:07'),
(812, '198308172015011001', '192.168.8.12', 'pegawai', 'gantiPassword', '/eoffice/index.php?r=pegawai/gantiPassword', '2016-01-19 11:02:32'),
(813, '198308172015011001', '192.168.8.12', 'pegawai', 'profil', '/eoffice/index.php?r=pegawai/profil', '2016-01-19 11:02:42'),
(814, '198308172015011001', '192.168.8.12', 'pegawai', 'suntingProfil', '/eoffice/index.php?r=pegawai/suntingProfil', '2016-01-19 11:03:00'),
(815, '198308172015011001', '192.168.8.12', 'pegawai', 'profil', '/eoffice/index.php?r=pegawai/profil', '2016-01-19 11:03:26'),
(816, '198308172015011001', '192.168.8.12', 'pegawai', 'distribusi', '/eoffice/index.php?r=pegawai/distribusi&id_distribusi_jenis=1', '2016-01-19 11:03:41'),
(817, '198308172015011001', '192.168.8.12', 'distribusi', 'view', '/eoffice/index.php?r=distribusi/view&id=257', '2016-01-19 11:03:56'),
(818, '198308172015011001', '192.168.8.12', 'distribusi', 'create', '/eoffice/index.php?r=distribusi/create&id_surat=85&id_distribusi_jenis=4', '2016-01-19 11:08:58'),
(819, '198308172015011001', '192.168.8.12', 'pegawai', 'distribusi', '/eoffice/index.php?r=pegawai/distribusi&id_distribusi_jenis=1', '2016-01-19 11:09:22'),
(820, '198308172015011001', '192.168.8.12', 'distribusi', 'view', '/eoffice/index.php?r=distribusi/view&id=257', '2016-01-19 11:09:37'),
(821, '198308172015011001', '192.168.8.12', 'pegawai', 'index', '/eoffice/index.php?r=pegawai/index', '2016-01-19 11:10:08'),
(822, '198308172015011001', '192.168.8.12', 'pegawai', 'distribusi', '/eoffice/index.php?r=pegawai/distribusi&id_distribusi_jenis=2&baru=1', '2016-01-19 11:12:15'),
(823, '198204252009121001', '192.168.8.80', 'pegawai', 'index', '/eoffice/index.php?r=pegawai/index', '2016-01-19 11:12:16'),
(824, '198308172015011001', '192.168.8.12', 'pegawai', 'profil', '/eoffice/index.php?r=pegawai/profil', '2016-01-19 11:12:21'),
(825, '198204252009121001', '192.168.8.80', 'pegawai', 'distribusi', '/eoffice/index.php?r=pegawai/distribusi&id_distribusi_jenis=3&baru=1', '2016-01-19 11:12:35'),
(826, '198204252009121001', '192.168.8.80', 'pegawai', 'distribusi', '/eoffice/index.php?r=pegawai/distribusi&id_distribusi_jenis=1&baru=1', '2016-01-19 11:12:41'),
(827, '198308172015011001', '192.168.8.12', 'pegawai', 'pemberitahuan', '/eoffice/index.php?r=pegawai/pemberitahuan', '2016-01-19 11:12:42'),
(828, '198308172015011001', '192.168.8.12', 'pegawai', 'index', '/eoffice/index.php?r=pegawai/index', '2016-01-19 11:12:50'),
(829, '198204252009121001', '192.168.8.80', 'distribusi', 'view', '/eoffice/index.php?r=distribusi/view&id=8', '2016-01-19 11:12:52'),
(830, '198308172015011001', '192.168.8.12', 'pegawai', 'distribusi', '/eoffice/index.php?r=pegawai/distribusi&id_distribusi_jenis=1', '2016-01-19 11:13:09'),
(831, '198308172015011001', '192.168.8.12', 'pegawai', 'profil', '/eoffice/index.php?r=pegawai/profil', '2016-01-19 11:13:12'),
(832, '198204252009121001', '192.168.8.80', 'pegawai', 'index', '/eoffice/index.php?r=pegawai/index', '2016-01-19 11:13:19'),
(833, '198308172015011001', '192.168.8.12', 'pegawai', 'distribusi', '/eoffice/index.php?r=pegawai/distribusi&id_distribusi_jenis=1', '2016-01-19 11:13:21'),
(834, '198204252009121001', '192.168.8.80', 'pegawai', 'distribusi', '/eoffice/index.php?r=pegawai/distribusi&id_distribusi_jenis=1', '2016-01-19 11:13:21'),
(835, '198204252009121001', '192.168.8.80', 'pegawai', 'distribusi', '/eoffice/index.php?r=pegawai/distribusi&id_distribusi_jenis=1&baru=1', '2016-01-19 11:13:24'),
(836, '198204252009121001', '192.168.8.80', 'distribusi', 'view', '/eoffice/index.php?r=distribusi/view&id=78', '2016-01-19 11:13:27'),
(837, '198308172015011001', '192.168.8.12', 'pegawai', 'profil', '/eoffice/index.php?r=pegawai/profil', '2016-01-19 11:13:30'),
(838, '198308172015011001', '192.168.8.12', 'pegawai', 'profil', '/eoffice/index.php?r=pegawai/profil', '2016-01-19 11:13:42'),
(839, '198308172015011001', '192.168.8.12', 'pegawai', 'profil', '/eoffice/index.php?r=pegawai/profil', '2016-01-19 11:13:51'),
(840, '198204252009121001', '192.168.8.80', 'surat', 'paraf', '/eoffice/index.php?r=surat/paraf&id=87', '2016-01-19 11:13:53'),
(841, '198204252009121001', '192.168.8.80', 'surat', 'cetakSuratTugas', '/eoffice/index.php?r=surat/cetakSuratTugas&id=87', '2016-01-19 11:13:58'),
(842, '198308172015011001', '192.168.8.12', 'pegawai', 'distribusi', '/eoffice/index.php?r=pegawai/distribusi&id_distribusi_jenis=1', '2016-01-19 11:14:01'),
(843, '198308172015011001', '192.168.8.12', 'pegawai', 'distribusi', '/eoffice/index.php?r=pegawai/distribusi&id_distribusi_jenis=4', '2016-01-19 11:14:06'),
(844, '198308172015011001', '192.168.8.12', 'pegawai', 'distribusi', '/eoffice/index.php?r=pegawai/distribusi&id_distribusi_jenis=2&baru=1', '2016-01-19 11:14:18'),
(845, '198308172015011001', '192.168.8.12', 'pegawai', 'distribusi', '/eoffice/index.php?r=pegawai/distribusi&id_distribusi_jenis=1&baru=1', '2016-01-19 11:14:21'),
(846, '198308172015011001', '192.168.8.12', 'pegawai', 'distribusi', '/eoffice/index.php?r=pegawai/distribusi&id_distribusi_jenis=1&baru=1', '2016-01-19 11:14:23'),
(847, '198308172015011001', '192.168.8.12', 'distribusi', 'view', '/eoffice/index.php?r=distribusi/view&id=257', '2016-01-19 11:14:33'),
(848, '198308172015011001', '192.168.8.12', 'distribusi', 'create', '/eoffice/index.php?r=distribusi/create&id_surat=85&id_distribusi_jenis=4', '2016-01-19 11:14:38'),
(849, '198204252009121001', '192.168.8.80', 'pegawai', 'paraf', '/eoffice/index.php?r=pegawai/paraf', '2016-01-19 11:15:31'),
(850, '198308172015011001', '192.168.8.12', 'surat', 'view', '/eoffice/index.php?r=surat/view&id=85', '2016-01-19 11:15:43'),
(851, '198204252009121001', '192.168.8.80', 'pegawai', 'profil', '/eoffice/index.php?r=pegawai/profil', '2016-01-19 11:15:46'),
(852, '198408152015011001', '192.168.8.29', 'surat', 'pemeriksaan', '/eoffice/index.php?r=surat/pemeriksaan&id=87', '2016-01-19 11:16:07'),
(853, '198408152015011001', '192.168.8.29', 'surat', 'cetakSuratTugas', '/eoffice/index.php?r=surat/cetakSuratTugas&id=87', '2016-01-19 11:16:15'),
(854, '198308172015011001', '192.168.8.12', 'pegawai', 'index', '/eoffice/index.php?r=pegawai/index', '2016-01-19 11:17:31'),
(855, '198308172015011001', '192.168.8.12', 'pegawai', 'profil', '/eoffice/index.php?r=pegawai/profil', '2016-01-19 11:17:42'),
(856, '198308172015011001', '192.168.8.12', 'pegawai', 'profil', '/eoffice/index.php?r=pegawai/profil', '2016-01-19 11:17:43'),
(857, 'bakamla', '192.168.9.25', 'admin', 'index', '/eoffice/index.php?r=admin/index', '2016-01-19 11:30:45'),
(858, '198305062009012002', '192.168.8.12', 'pegawai', 'index', '/eoffice/index.php?r=pegawai/index', '2016-01-19 11:50:15'),
(859, '198305062009012002', '192.168.8.12', 'pegawai', 'profil', '/eoffice/index.php?r=pegawai/profil', '2016-01-19 11:50:24'),
(860, '198305062009012002', '192.168.8.12', 'pegawai', 'distribusi', '/eoffice/index.php?r=pegawai/distribusi&id_distribusi_jenis=1', '2016-01-19 11:50:36'),
(861, '198305062009012002', '192.168.8.12', 'distribusi', 'view', '/eoffice/index.php?r=distribusi/view&id=132', '2016-01-19 11:50:45'),
(862, '198305062009012002', '192.168.8.12', 'distribusi', 'view', '/eoffice/index.php?r=distribusi/view&id=132', '2016-01-19 11:51:06'),
(863, '198305062009012002', '192.168.8.12', 'distribusi', 'view', '/eoffice/index.php?r=distribusi/view&id=511', '2016-01-19 11:51:54'),
(864, '198305062009012002', '192.168.8.12', 'pegawai', 'index', '/eoffice/index.php?r=pegawai/index', '2016-01-19 11:52:09'),
(865, '198305062009012002', '192.168.8.12', 'distribusi', 'view', '/eoffice/index.php?r=distribusi/view&id=511', '2016-01-19 11:52:33'),
(866, '198305062009012002', '192.168.8.12', 'surat', 'create', '/eoffice/index.php?r=surat/create', '2016-01-19 11:52:56'),
(867, '198305062009012002', '192.168.8.12', 'pegawai', 'profil', '/eoffice/index.php?r=pegawai/profil', '2016-01-19 11:53:21'),
(868, '198301162010121001', '192.168.8.28', 'pegawai', 'draf', '/eoffice/index.php?r=pegawai/draf&status=konsep', '2016-01-19 12:05:54'),
(869, '198301162010121001', '192.168.8.28', 'pegawai', 'index', '/eoffice/index.php?r=pegawai/index', '2016-01-19 12:06:06'),
(870, '198308032010121001', '192.168.8.6', 'pegawai', 'index', '/eoffice/index.php?r=pegawai/index', '2016-01-19 13:27:02'),
(871, '198308032010121001', '192.168.8.6', 'pegawai', 'index', '/eoffice/index.php?r=pegawai/index', '2016-01-19 13:27:07'),
(872, '198308032010121001', '192.168.8.6', 'pegawai', 'index', '/eoffice/index.php?r=pegawai/index', '2016-01-19 13:30:30'),
(873, 'bakamla', '192.168.9.25', 'pegawai', 'admin', '/eoffice/index.php?r=pegawai/admin', '2016-01-19 13:32:51'),
(874, '198308032010121001', '192.168.8.6', 'pegawai', 'distribusi', '/eoffice/index.php?r=pegawai/distribusi&id_distribusi_jenis=3', '2016-01-19 13:36:14'),
(875, '198308032010121001', '192.168.8.6', 'pegawai', 'distribusi', '/eoffice/index.php?r=pegawai/distribusi&id_distribusi_jenis=1&baru=1', '2016-01-19 13:36:18'),
(876, '198308032010121001', '192.168.8.6', 'pegawai', 'distribusi', '/eoffice/index.php?r=pegawai/distribusi&id_distribusi_jenis=2&baru=1', '2016-01-19 13:53:55'),
(877, '198308032010121001', '192.168.8.6', 'pegawai', 'distribusi', '/eoffice/index.php?r=pegawai/distribusi&id_distribusi_jenis=1&baru=1', '2016-01-19 13:54:00'),
(878, '198308032010121001', '192.168.8.6', 'pegawai', 'distribusi', '/eoffice/index.php?r=pegawai/distribusi&id_distribusi_jenis=1&baru=1', '2016-01-19 13:54:02'),
(879, '198308032010121001', '192.168.8.6', 'pegawai', 'distribusi', '/eoffice/index.php?r=pegawai/distribusi&id_distribusi_jenis=3', '2016-01-19 13:54:03'),
(880, '198308032010121001', '192.168.8.6', 'pegawai', 'distribusi', '/eoffice/index.php?r=pegawai/distribusi&id_distribusi_jenis=3', '2016-01-19 13:54:05'),
(881, '198308032010121001', '192.168.8.6', 'pegawai', 'distribusi', '/eoffice/index.php?r=pegawai/distribusi&id_distribusi_jenis=3', '2016-01-19 13:54:06'),
(882, '198308032010121001', '192.168.8.6', 'pegawai', 'index', '/eoffice/index.php?r=pegawai/index', '2016-01-19 13:54:13'),
(883, 'bakamla', '192.168.9.25', 'pegawai', 'admin', '/eoffice/index.php?Pegawai%5Bnama%5D=peik&Pegawai%5Bnip%5D=&Pegawai%5Busername%5D=&Pegawai%5Bid_jabatan%5D=&Pegawai%5Blogin_terakhir%5D=&Pegawai_page=1&ajax=pegawai-grid&r=pegawai%2Fadmin', '2016-01-19 14:06:19'),
(884, '199005162015011001', '192.168.9.25', 'pegawai', 'index', '/eoffice/index.php?r=pegawai/index', '2016-01-19 14:06:53'),
(885, '199005162015011001', '192.168.9.25', 'surat', 'create', '/eoffice/index.php?r=surat/create', '2016-01-19 14:07:18'),
(886, '199005162015011001', '192.168.9.25', 'surat', 'konsep', '/eoffice/index.php?r=surat/konsep&id=88', '2016-01-19 14:08:03'),
(887, '199005162015011001', '192.168.9.25', 'surat', 'cetakSuratUndangan', '/eoffice/index.php?r=surat/cetakSuratUndangan&id=88', '2016-01-19 14:08:09'),
(888, '198308032010121001', '192.168.8.6', 'pegawai', 'index', '/eoffice/index.php?r=pegawai/index', '2016-01-19 14:51:30'),
(889, '198301162010121001', '192.168.8.28', 'pegawai', 'index', '/eoffice/index.php?r=pegawai/index', '2016-01-19 15:12:09'),
(890, '198408152015011001', '192.168.8.29', 'distribusi', 'view', '/eoffice/index.php?r=distribusi/view&id=416', '2016-01-19 15:44:48'),
(891, '198308172015011001', '192.168.8.12', 'pegawai', 'index', '/eoffice/index.php?r=pegawai/index', '2016-01-19 16:20:07'),
(892, '198308172015011001', '192.168.8.12', 'pegawai', 'distribusi', '/eoffice/index.php?r=pegawai/distribusi&id_distribusi_jenis=1', '2016-01-19 16:20:13'),
(893, '198308172015011001', '192.168.8.12', 'distribusi', 'view', '/eoffice/index.php?r=distribusi/view&id=257', '2016-01-19 16:20:21'),
(894, '198308172015011001', '192.168.8.12', 'pegawai', 'distribusi', '/eoffice/index.php?r=pegawai/distribusi&id_distribusi_jenis=1', '2016-01-19 16:20:32'),
(895, '198308172015011001', '192.168.8.12', 'pegawai', 'distribusi', '/eoffice/index.php?Distribusi_sort=waktu_dibuat&ajax=disposisi-grid&id_distribusi_jenis=1&r=pegawai%2Fdistribusi', '2016-01-19 16:20:38'),
(896, '198308172015011001', '192.168.8.12', 'pegawai', 'distribusi', '/eoffice/index.php?Distribusi_sort=pengirim&ajax=disposisi-grid&id_distribusi_jenis=1&r=pegawai%2Fdistribusi', '2016-01-19 16:20:39'),
(897, '198308172015011001', '192.168.8.12', 'pegawai', 'distribusi', '/eoffice/index.php?r=pegawai/distribusi&id_distribusi_jenis=3', '2016-01-19 16:20:45'),
(898, '198308172015011001', '192.168.8.12', 'pegawai', 'profil', '/eoffice/index.php?r=pegawai/profil', '2016-01-19 16:20:57'),
(899, '198308032010121001', '192.168.8.6', 'pegawai', 'index', '/eoffice/index.php?r=pegawai/index', '2016-01-20 07:05:43'),
(900, '197411302010122001', '192.168.8.13', 'pegawai', 'index', '/eoffice/index.php?r=pegawai/index', '2016-01-20 07:55:13'),
(901, '198308032010121001', '192.168.8.12', 'distribusi', 'view', '/eoffice/index.php?r=distribusi/view&id=74', '2016-01-20 07:59:45'),
(902, '199007162010121002', '192.168.2.254', 'pegawai', 'index', '/eoffice/index.php?r=pegawai/index', '2016-01-20 08:33:51'),
(903, '199007162010121002', '192.168.2.254', 'pegawai', 'distribusi', '/eoffice/index.php?r=pegawai/distribusi&id_distribusi_jenis=1&baru=1', '2016-01-20 08:36:04'),
(904, '199007162010121002', '192.168.2.254', 'pegawai', 'distribusi', '/eoffice/index.php?r=pegawai/distribusi&id_distribusi_jenis=4', '2016-01-20 08:36:39'),
(905, '199007162010121002', '192.168.2.254', 'pegawai', 'index', '/eoffice/index.php?r=pegawai/index', '2016-01-20 08:37:31'),
(906, '199007162010121002', '192.168.2.254', 'distribusi', 'view', '/eoffice/index.php?r=distribusi/view&id=509', '2016-01-20 08:37:48'),
(907, '199007162010121002', '192.168.2.254', 'pegawai', 'distribusi', '/eoffice/index.php?r=pegawai/distribusi&id_distribusi_jenis=4', '2016-01-20 08:50:11'),
(908, '199007162010121002', '192.168.2.254', 'pegawai', 'index', '/eoffice/index.php?r=pegawai/index', '2016-01-20 08:50:19'),
(909, '199007162010121002', '192.168.2.254', 'pegawai', 'distribusi', '/eoffice/index.php?r=pegawai/distribusi&id_distribusi_jenis=1&baru=1', '2016-01-20 08:52:46'),
(910, '199007162010121002', '192.168.2.254', 'pegawai', 'index', '/eoffice/index.php?r=pegawai/index', '2016-01-20 08:53:07'),
(911, '199007162010121002', '192.168.2.254', 'site', 'login', '/eoffice/index.php?r=site/login', '2016-01-20 08:53:30'),
(912, '198605142015012001', '192.168.6.253', 'pegawai', 'index', '/eoffice/index.php?r=pegawai/index', '2016-01-20 08:56:20'),
(913, '198605142015012001', '192.168.6.253', 'pegawai', 'profil', '/eoffice/index.php?r=pegawai/profil', '2016-01-20 08:56:47'),
(914, '198605142015012001', '192.168.6.253', 'pegawai', 'distribusi', '/eoffice/index.php?r=pegawai/distribusi&id_distribusi_jenis=1', '2016-01-20 08:56:55'),
(915, '198605142015012001', '192.168.6.253', 'pegawai', 'distribusi', '/eoffice/index.php?r=pegawai/distribusi&id_distribusi_jenis=1&baru=1', '2016-01-20 08:57:00'),
(916, '198605142015012001', '192.168.6.253', 'pegawai', 'distribusi', '/eoffice/index.php?r=pegawai/distribusi&id_distribusi_jenis=1&baru=1', '2016-01-20 08:57:14'),
(917, '198605142015012001', '192.168.6.253', 'pegawai', 'distribusi', '/eoffice/index.php?r=pegawai/distribusi&id_distribusi_jenis=1&baru=1', '2016-01-20 08:57:16'),
(918, '198605142015012001', '192.168.6.253', 'pegawai', 'profil', '/eoffice/index.php?r=pegawai/profil', '2016-01-20 08:57:20'),
(919, '198605142015012001', '192.168.6.253', 'pegawai', 'profil', '/eoffice/index.php?r=pegawai/profil', '2016-01-20 08:57:32'),
(920, '198605142015012001', '192.168.6.253', 'pegawai', 'suntingProfil', '/eoffice/index.php?r=pegawai/suntingProfil', '2016-01-20 08:57:38'),
(921, '198605142015012001', '192.168.6.253', 'pegawai', 'profil', '/eoffice/index.php?r=pegawai/profil', '2016-01-20 08:58:15'),
(922, '76923', '192.168.6.253', 'pegawai', 'index', '/eoffice/index.php?r=pegawai/index', '2016-01-20 08:58:34'),
(923, '76923', '192.168.6.253', 'pegawai', 'draf', '/eoffice/index.php?r=pegawai/draf&status=konsep', '2016-01-20 08:58:51'),
(924, '76923', '192.168.6.253', 'pegawai', 'draf', '/eoffice/index.php?r=pegawai/draf&status=konsep', '2016-01-20 08:58:55'),
(925, '198605142015012001', '192.168.6.253', 'pegawai', 'draf', '/eoffice/index.php?r=pegawai/draf&status=konsep', '2016-01-20 08:59:05'),
(926, '76923', '192.168.6.253', 'pegawai', 'draf', '/eoffice/index.php?Surat%5Bid_surat_jenis%5D=2&Surat%5Bringkasan%5D=&Surat%5Bwaktu_dibuat%5D=&Surat_page=1&ajax=surat-grid&r=pegawai%2Fdraf&status=konsep', '2016-01-20 08:59:08'),
(927, '198605142015012001', '192.168.6.253', 'pegawai', 'draf', '/eoffice/index.php?Surat%5Bid_surat_jenis%5D=2&Surat%5Bringkasan%5D=&Surat%5Bwaktu_dibuat%5D=&Surat_page=1&ajax=surat-grid&r=pegawai%2Fdraf&status=konsep', '2016-01-20 08:59:11'),
(928, '198605142015012001', '192.168.6.253', 'pegawai', 'profil', '/eoffice/index.php?r=pegawai/profil', '2016-01-20 08:59:49'),
(929, '76923', '192.168.6.253', 'pegawai', 'draf', '/eoffice/index.php?Surat%5Bid_surat_jenis%5D=2&Surat%5Bringkasan%5D=sprin+ops&Surat%5Bwaktu_dibuat%5D=&Surat_page=1&ajax=surat-grid&r=pegawai%2Fdraf&status=konsep', '2016-01-20 09:00:34'),
(930, '198910252015012001', '192.168.8.10', 'pegawai', 'index', '/eoffice/index.php?r=pegawai/index', '2016-01-20 09:11:23'),
(931, '198910252015012001', '192.168.8.10', 'pegawai', 'distribusi', '/eoffice/index.php?r=pegawai/distribusi&id_distribusi_jenis=1&baru=1', '2016-01-20 09:11:38'),
(932, '198910252015012001', '192.168.8.10', 'pegawai', 'distribusi', '/eoffice/index.php?r=pegawai/distribusi&id_distribusi_jenis=1&baru=1', '2016-01-20 09:11:43'),
(933, '198910252015012001', '192.168.8.10', 'pegawai', 'distribusi', '/eoffice/index.php?r=pegawai/distribusi&id_distribusi_jenis=1&baru=1', '2016-01-20 09:11:50'),
(934, '198910252015012001', '192.168.8.10', 'distribusi', 'view', '/eoffice/index.php?r=distribusi/view&id=322', '2016-01-20 09:12:08'),
(935, '198910252015012001', '192.168.8.10', 'pegawai', 'distribusi', '/eoffice/index.php?r=pegawai/distribusi&id_distribusi_jenis=4', '2016-01-20 09:13:15'),
(936, '198910252015012001', '192.168.8.10', 'distribusi', 'view', '/eoffice/index.php?r=distribusi/view&id=513', '2016-01-20 09:13:23'),
(937, '198009192009011003', '192.168.2.254', 'pegawai', 'index', '/eoffice/index.php?r=pegawai/index', '2016-01-20 09:26:30'),
(938, '197907052015012001', '192.168.2.254', 'pegawai', 'index', '/eoffice/index.php?r=pegawai/index', '2016-01-20 09:26:35'),
(939, '197907052015012001', '192.168.2.254', 'pegawai', 'profil', '/eoffice/index.php?r=pegawai/profil', '2016-01-20 09:26:44'),
(940, '197907052015012001', '192.168.2.254', 'pegawai', 'suntingProfil', '/eoffice/index.php?r=pegawai/suntingProfil', '2016-01-20 09:26:58'),
(941, '198009192009011003', '192.168.2.254', 'pegawai', 'gantiPassword', '/eoffice/index.php?r=pegawai/gantiPassword', '2016-01-20 09:27:07'),
(942, '197907052015012001', '192.168.2.254', 'pegawai', 'profil', '/eoffice/index.php?r=pegawai/profil', '2016-01-20 09:27:12'),
(943, '197907052015012001', '192.168.2.254', 'pegawai', 'gantiPassword', '/eoffice/index.php?r=pegawai/gantiPassword', '2016-01-20 09:27:22'),
(944, '3275085103700022', '192.168.8.48', 'pegawai', 'index', '/eoffice/index.php?r=pegawai/index', '2016-01-20 09:27:24'),
(945, '198009192009011003', '192.168.2.254', 'pegawai', 'gantiPassword', '/eoffice/index.php?r=pegawai/gantiPassword', '2016-01-20 09:27:41'),
(946, '198009192009011003', '192.168.2.254', 'pegawai', 'distribusi', '/eoffice/index.php?r=pegawai/distribusi&id_distribusi_jenis=1', '2016-01-20 09:27:46'),
(947, '3275085103700022', '192.168.8.48', 'pegawai', 'distribusi', '/eoffice/index.php?r=pegawai/distribusi&id_distribusi_jenis=1&baru=1', '2016-01-20 09:27:47'),
(948, '198009192009011003', '192.168.2.254', 'pegawai', 'distribusi', '/eoffice/index.php?r=pegawai/distribusi&id_distribusi_jenis=1&baru=1', '2016-01-20 09:27:52'),
(949, '198605202015011001', '192.168.2.254', 'pegawai', 'index', '/eoffice/index.php?r=pegawai/index', '2016-01-20 09:27:57'),
(950, '197907052015012001', '192.168.2.254', 'pegawai', 'gantiPassword', '/eoffice/index.php?r=pegawai/gantiPassword', '2016-01-20 09:27:58'),
(951, '197411302010122001', '192.168.8.13', 'pegawai', 'gantiPassword', '/eoffice/index.php?r=pegawai/gantiPassword', '2016-01-20 09:28:01'),
(952, '198009192009011003', '192.168.2.254', 'distribusi', 'view', '/eoffice/index.php?r=distribusi/view&id=307', '2016-01-20 09:28:14'),
(953, '3275085103700022', '192.168.8.48', 'pegawai', 'distribusi', '/eoffice/index.php?r=pegawai/distribusi&id_distribusi_jenis=1&baru=1', '2016-01-20 09:28:19'),
(954, '3275085103700022', '192.168.8.48', 'distribusi', 'view', '/eoffice/index.php?r=distribusi/view&id=505', '2016-01-20 09:28:28'),
(955, '198605202015011001', '192.168.2.254', 'pegawai', 'distribusi', '/eoffice/index.php?r=pegawai/distribusi&id_distribusi_jenis=2', '2016-01-20 09:28:41'),
(956, '198605202015011001', '192.168.2.254', 'pegawai', 'distribusi', '/eoffice/index.php?r=pegawai/distribusi&id_distribusi_jenis=3', '2016-01-20 09:28:44'),
(957, '197411302010122001', '192.168.8.13', 'pegawai', 'gantiPassword', '/eoffice/index.php?r=pegawai/gantiPassword', '2016-01-20 09:28:47'),
(958, '197411302010122001', '192.168.8.13', 'pegawai', 'gantiPassword', '/eoffice/index.php?r=pegawai/gantiPassword', '2016-01-20 09:28:50'),
(959, '197411302010122001', '192.168.8.13', 'pegawai', 'gantiPassword', '/eoffice/index.php?r=pegawai/gantiPassword', '2016-01-20 09:28:52'),
(960, '197411302010122001', '192.168.8.13', 'pegawai', 'gantiPassword', '/eoffice/index.php?r=pegawai/gantiPassword', '2016-01-20 09:28:54'),
(961, '197907052015012001', '192.168.2.254', 'pegawai', 'index', '/eoffice/index.php?r=pegawai/index', '2016-01-20 09:28:55'),
(962, '3275085103700022', '192.168.8.48', 'pegawai', 'distribusi', '/eoffice/index.php?r=pegawai/distribusi&id_distribusi_jenis=1&baru=1', '2016-01-20 09:28:55'),
(963, '197411302010122001', '192.168.8.13', 'pegawai', 'gantiPassword', '/eoffice/index.php?r=pegawai/gantiPassword', '2016-01-20 09:28:57'),
(964, '197411302010122001', '192.168.8.13', 'pegawai', 'gantiPassword', '/eoffice/index.php?r=pegawai/gantiPassword', '2016-01-20 09:28:59'),
(965, '198009192009011003', '192.168.2.254', 'surat', 'view', '/eoffice/index.php?r=surat/view&id=85', '2016-01-20 09:29:00'),
(966, '197411302010122001', '192.168.8.13', 'pegawai', 'gantiPassword', '/eoffice/index.php?r=pegawai/gantiPassword', '2016-01-20 09:29:01'),
(967, '198009192009011003', '192.168.2.254', 'surat', 'view', '/eoffice/index.php?r=surat/view&id=85', '2016-01-20 09:29:02'),
(968, '197411302010122001', '192.168.8.13', 'pegawai', 'gantiPassword', '/eoffice/index.php?r=pegawai/gantiPassword', '2016-01-20 09:29:04'),
(969, '198009192009011003', '192.168.2.254', 'surat', 'view', '/eoffice/index.php?r=surat/view&id=85', '2016-01-20 09:29:05'),
(970, '198009192009011003', '192.168.2.254', 'surat', 'view', '/eoffice/index.php?r=surat/view&id=85', '2016-01-20 09:29:08'),
(971, '198009192009011003', '192.168.2.254', 'surat', 'view', '/eoffice/index.php?r=surat/view&id=85', '2016-01-20 09:29:10'),
(972, '198009192009011003', '192.168.2.254', 'surat', 'view', '/eoffice/index.php?r=surat/view&id=85', '2016-01-20 09:29:13'),
(973, '198009192009011003', '192.168.2.254', 'surat', 'view', '/eoffice/index.php?r=surat/view&id=85', '2016-01-20 09:29:15'),
(974, '198605202015011001', '192.168.2.254', 'pegawai', 'profil', '/eoffice/index.php?r=pegawai/profil', '2016-01-20 09:29:18'),
(975, '198009192009011003', '192.168.2.254', 'surat', 'view', '/eoffice/index.php?r=surat/view&id=85', '2016-01-20 09:29:18'),
(976, '197907052015012001', '192.168.2.254', 'pegawai', 'index', '/eoffice/index.php?r=pegawai/index', '2016-01-20 09:29:21'),
(977, '198009192009011003', '192.168.2.254', 'surat', 'view', '/eoffice/index.php?r=surat/view&id=85', '2016-01-20 09:29:21'),
(978, '3275085103700022', '192.168.8.48', 'distribusi', 'view', '/eoffice/index.php?r=distribusi/view&id=505', '2016-01-20 09:29:22'),
(979, '198009192009011003', '192.168.2.254', 'surat', 'view', '/eoffice/index.php?r=surat/view&id=85', '2016-01-20 09:29:24'),
(980, '198009192009011003', '192.168.2.254', 'surat', 'view', '/eoffice/index.php?r=surat/view&id=85', '2016-01-20 09:29:26'),
(981, '198009192009011003', '192.168.2.254', 'surat', 'view', '/eoffice/index.php?r=surat/view&id=85', '2016-01-20 09:29:29'),
(982, '198605202015011001', '192.168.2.254', 'pegawai', 'suntingProfil', '/eoffice/index.php?r=pegawai/suntingProfil', '2016-01-20 09:29:30'),
(983, '198009192009011003', '192.168.2.254', 'distribusi', 'create', '/eoffice/index.php?r=distribusi/create&id_surat=85&id_distribusi_jenis=3', '2016-01-20 09:29:30'),
(984, '197907052015012001', '192.168.2.254', 'pegawai', 'distribusi', '/eoffice/index.php?r=pegawai/distribusi&id_distribusi_jenis=1&baru=1', '2016-01-20 09:29:30'),
(985, '197907052015012001', '192.168.2.254', 'pegawai', 'distribusi', '/eoffice/index.php?r=pegawai/distribusi&id_distribusi_jenis=1&baru=1', '2016-01-20 09:29:32'),
(986, '197907052015012001', '192.168.2.254', 'distribusi', 'view', '/eoffice/index.php?r=distribusi/view&id=327', '2016-01-20 09:29:48'),
(987, '198605202015011001', '192.168.2.254', 'pegawai', 'profil', '/eoffice/index.php?r=pegawai/profil', '2016-01-20 09:29:59'),
(988, '198009192009011003', '192.168.2.254', 'distribusi', 'view', '/eoffice/index.php?r=distribusi/view&id=307', '2016-01-20 09:30:04'),
(989, '197411302010122001', '192.168.8.13', 'pegawai', 'gantiPassword', '/eoffice/index.php?r=pegawai/gantiPassword', '2016-01-20 09:30:04'),
(990, '198009192009011003', '192.168.2.254', 'distribusi', 'view', '/eoffice/index.php?r=distribusi/view&id=307', '2016-01-20 09:30:07'),
(991, '197411302010122001', '192.168.8.13', 'pegawai', 'gantiPassword', '/eoffice/index.php?r=pegawai/gantiPassword', '2016-01-20 09:30:09'),
(992, '3275085103700022', '192.168.8.48', 'pegawai', 'distribusi', '/eoffice/index.php?r=pegawai/distribusi&id_distribusi_jenis=1&baru=1', '2016-01-20 09:30:14'),
(993, '197411302010122001', '192.168.8.13', 'pegawai', 'gantiPassword', '/eoffice/index.php?r=pegawai/gantiPassword', '2016-01-20 09:30:14'),
(994, '198009192009011003', '192.168.2.254', 'surat', 'view', '/eoffice/index.php?r=surat/view&id=85', '2016-01-20 09:30:20'),
(995, '198009192009011003', '192.168.2.254', 'surat', 'view', '/eoffice/index.php?r=surat/view&id=85', '2016-01-20 09:30:23'),
(996, '197907052015012001', '192.168.2.254', 'pegawai', 'index', '/eoffice/index.php?r=pegawai/index', '2016-01-20 09:30:24'),
(997, '197411302010122001', '192.168.8.13', 'pegawai', 'profil', '/eoffice/index.php?r=pegawai/profil', '2016-01-20 09:30:25'),
(998, '198009192009011003', '192.168.2.254', 'surat', 'view', '/eoffice/index.php?r=surat/view&id=85', '2016-01-20 09:30:26'),
(999, '198009192009011003', '192.168.2.254', 'surat', 'view', '/eoffice/index.php?r=surat/view&id=85', '2016-01-20 09:30:28'),
(1000, '3275085103700022', '192.168.8.48', 'pegawai', 'distribusi', '/eoffice/index.php?r=pegawai/distribusi&id_distribusi_jenis=2&baru=1', '2016-01-20 09:30:30'),
(1001, '198009192009011003', '192.168.2.254', 'surat', 'view', '/eoffice/index.php?r=surat/view&id=85', '2016-01-20 09:30:31'),
(1002, '3275085103700022', '192.168.8.48', 'pegawai', 'distribusi', '/eoffice/index.php?r=pegawai/distribusi&id_distribusi_jenis=2&baru=1', '2016-01-20 09:30:31'),
(1003, '198605202015011001', '192.168.2.254', 'pegawai', 'pemberitahuan', '/eoffice/index.php?r=pegawai/pemberitahuan', '2016-01-20 09:30:32'),
(1004, '3275085103700022', '192.168.8.48', 'pegawai', 'distribusi', '/eoffice/index.php?r=pegawai/distribusi&id_distribusi_jenis=2&baru=1', '2016-01-20 09:30:33'),
(1005, '198009192009011003', '192.168.2.254', 'surat', 'view', '/eoffice/index.php?r=surat/view&id=85', '2016-01-20 09:30:34'),
(1006, '198009192009011003', '192.168.2.254', 'surat', 'view', '/eoffice/index.php?r=surat/view&id=85', '2016-01-20 09:30:37'),
(1007, '198009192009011003', '192.168.2.254', 'surat', 'view', '/eoffice/index.php?r=surat/view&id=85', '2016-01-20 09:30:39'),
(1008, '197411302010122001', '192.168.8.13', 'pegawai', 'gantiPassword', '/eoffice/index.php?r=pegawai/gantiPassword', '2016-01-20 09:30:43'),
(1009, '198009192009011003', '192.168.2.254', 'surat', 'view', '/eoffice/index.php?r=surat/view&id=85', '2016-01-20 09:30:43'),
(1010, '3275085103700022', '192.168.8.48', 'pegawai', 'distribusi', '/eoffice/index.php?r=pegawai/distribusi&id_distribusi_jenis=1&baru=1', '2016-01-20 09:30:43'),
(1011, '198009192009011003', '192.168.2.254', 'surat', 'view', '/eoffice/index.php?r=surat/view&id=85', '2016-01-20 09:30:45'),
(1012, '198009192009011003', '192.168.2.254', 'surat', 'view', '/eoffice/index.php?r=surat/view&id=85', '2016-01-20 09:30:48'),
(1013, '198605202015011001', '192.168.2.254', 'pegawai', 'distribusi', '/eoffice/index.php?r=pegawai/distribusi&id_distribusi_jenis=4', '2016-01-20 09:30:48'),
(1014, '3275085103700022', '192.168.8.48', 'pegawai', 'index', '/eoffice/index.php?r=pegawai/index', '2016-01-20 09:30:50'),
(1015, '198009192009011003', '192.168.2.254', 'surat', 'view', '/eoffice/index.php?r=surat/view&id=85', '2016-01-20 09:30:51'),
(1016, '198605202015011001', '192.168.2.254', 'pegawai', 'index', '/eoffice/index.php?r=pegawai/index', '2016-01-20 09:30:55'),
(1017, '198009192009011003', '192.168.2.254', 'distribusi', 'view', '/eoffice/index.php?r=distribusi/view&id=307', '2016-01-20 09:30:58'),
(1018, '198009192009011003', '192.168.2.254', 'surat', 'view', '/eoffice/index.php?r=surat/view&id=85', '2016-01-20 09:31:00'),
(1019, '198009192009011003', '192.168.2.254', 'surat', 'view', '/eoffice/index.php?r=surat/view&id=85', '2016-01-20 09:31:03'),
(1020, '198009192009011003', '192.168.2.254', 'distribusi', 'view', '/eoffice/index.php?r=distribusi/view&id=307', '2016-01-20 09:31:04'),
(1021, '198009192009011003', '192.168.2.254', 'pegawai', 'distribusi', '/eoffice/index.php?r=pegawai/distribusi&id_distribusi_jenis=1&baru=1', '2016-01-20 09:31:06'),
(1022, '198009192009011003', '192.168.2.254', 'distribusi', 'view', '/eoffice/index.php?r=distribusi/view&id=307', '2016-01-20 09:31:11'),
(1023, '197411302010122001', '192.168.8.13', 'pegawai', 'gantiPassword', '/eoffice/index.php?r=pegawai/gantiPassword', '2016-01-20 09:31:34'),
(1024, '198009192009011003', '192.168.2.254', 'surat', 'view', '/eoffice/index.php?r=surat/view&id=85', '2016-01-20 09:31:38'),
(1025, '198009192009011003', '192.168.2.254', 'surat', 'view', '/eoffice/index.php?r=surat/view&id=85', '2016-01-20 09:31:40'),
(1026, '197907052015012001', '192.168.2.254', 'pegawai', 'distribusi', '/eoffice/index.php?r=pegawai/distribusi&id_distribusi_jenis=1&baru=1', '2016-01-20 09:32:05'),
(1027, '3275085103700022', '192.168.8.48', 'pegawai', 'index', '/eoffice/index.php?r=pegawai/index', '2016-01-20 09:32:15'),
(1028, '3275085103700022', '192.168.8.48', 'pegawai', 'profil', '/eoffice/index.php?r=pegawai/profil', '2016-01-20 09:32:24'),
(1029, '3275085103700022', '192.168.8.48', 'distribusi', 'view', '/eoffice/index.php?r=distribusi/view&id=22', '2016-01-20 09:32:46'),
(1030, '197411302010122001', '192.168.8.13', 'pegawai', 'index', '/eoffice/index.php?r=pegawai/index', '2016-01-20 09:32:49'),
(1031, '3275085103700022', '192.168.8.48', 'surat', 'view', '/eoffice/index.php?r=surat/view&id=3', '2016-01-20 09:32:57'),
(1032, '197411302010122001', '192.168.8.13', 'pegawai', 'index', '/eoffice/index.php?r=pegawai/index', '2016-01-20 09:33:11'),
(1033, '3275085103700022', '192.168.8.48', 'distribusi', 'view', '/eoffice/index.php?r=distribusi/view&id=22', '2016-01-20 09:33:59'),
(1034, '197411302010122001', '192.168.8.13', 'distribusi', 'view', '/eoffice/index.php?r=distribusi/view&id=510', '2016-01-20 09:34:03'),
(1035, '3275085103700022', '192.168.8.48', 'distribusi', 'view', '/eoffice/index.php?r=distribusi/view&id=505', '2016-01-20 09:34:17'),
(1036, '3275085103700022', '192.168.8.48', 'surat', 'view', '/eoffice/index.php?r=surat/view&id=85', '2016-01-20 09:34:23'),
(1037, '196904211996031005', '192.168.4.190', 'pegawai', 'index', '/eoffice/index.php?r=pegawai/index', '2016-01-20 09:34:24'),
(1038, '3275085103700022', '192.168.8.48', 'distribusi', 'view', '/eoffice/index.php?r=distribusi/view&id=505', '2016-01-20 09:34:42'),
(1039, '3275085103700022', '192.168.8.48', 'surat', 'view', '/eoffice/index.php?r=surat/view&id=85', '2016-01-20 09:34:51'),
(1040, '3275085103700022', '192.168.8.48', 'distribusi', 'view', '/eoffice/index.php?r=distribusi/view&id=22', '2016-01-20 09:35:12'),
(1041, '196904211996031005', '192.168.4.190', 'distribusi', 'view', '/eoffice/index.php?r=distribusi/view&id=69', '2016-01-20 09:35:15'),
(1042, '3275085103700022', '192.168.8.48', 'pegawai', 'index', '/eoffice/index.php?r=pegawai/index', '2016-01-20 09:35:27'),
(1043, '196904211996031005', '192.168.4.190', 'surat', 'view', '/eoffice/index.php?r=surat/view&id=85', '2016-01-20 09:36:04'),
(1044, '199107152015011001', '192.168.9.38', 'pegawai', 'index', '/eoffice/index.php?r=pegawai/index', '2016-01-20 09:36:20'),
(1045, '196904211996031005', '192.168.4.190', 'distribusi', 'create', '/eoffice/index.php?r=distribusi/create&id_surat=85&id_distribusi_jenis=3', '2016-01-20 09:36:38'),
(1046, '199107152015011001', '192.168.9.38', 'pegawai', 'distribusi', '/eoffice/index.php?r=pegawai/distribusi&id_distribusi_jenis=1&baru=1', '2016-01-20 09:36:54'),
(1047, '199107152015011001', '192.168.9.38', 'distribusi', 'view', '/eoffice/index.php?r=distribusi/view&id=10', '2016-01-20 09:37:21'),
(1048, '198605202015011001', '192.168.2.254', 'pegawai', 'profil', '/eoffice/index.php?r=pegawai/profil', '2016-01-20 09:37:28'),
(1049, '199107152015011001', '192.168.9.38', 'distribusi', 'create', '/eoffice/index.php?r=distribusi/create&id_surat=3&id_distribusi_jenis=4', '2016-01-20 09:38:08'),
(1050, '199107152015011001', '192.168.9.38', 'distribusi', 'view', '/eoffice/index.php?r=distribusi/view&id=10', '2016-01-20 09:38:16'),
(1051, '199107152015011001', '192.168.9.38', 'pegawai', 'gantiPassword', '/eoffice/index.php?r=pegawai/gantiPassword', '2016-01-20 09:39:08'),
(1052, '198605202015011001', '192.168.2.254', 'pegawai', 'index', '/eoffice/index.php?r=pegawai/index', '2016-01-20 09:39:11'),
(1053, '199107152015011001', '192.168.9.38', 'pegawai', 'gantiPassword', '/eoffice/index.php?r=pegawai/gantiPassword', '2016-01-20 09:39:29'),
(1054, '196904211996031005', '192.168.4.190', 'surat', 'view', '/eoffice/index.php?r=surat/view&id=85', '2016-01-20 09:40:58'),
(1055, '198407082009012001', '192.168.6.253', 'pegawai', 'index', '/eoffice/index.php?r=pegawai/index', '2016-01-20 09:41:22'),
(1056, '196904211996031005', '192.168.4.190', 'pegawai', 'distribusi', '/eoffice/index.php?r=pegawai/distribusi&id_distribusi_jenis=2', '2016-01-20 09:41:38'),
(1057, '198808302015041001', '192.168.9.54', 'pegawai', 'index', '/eoffice/index.php?r=pegawai/index', '2016-01-20 09:41:41'),
(1058, '199107152015011001', '192.168.9.38', 'pegawai', 'distribusi', '/eoffice/index.php?r=pegawai/distribusi&id_distribusi_jenis=1', '2016-01-20 09:42:01'),
(1059, '198407082009012001', '192.168.6.253', 'pegawai', 'profil', '/eoffice/index.php?r=pegawai/profil', '2016-01-20 09:42:49'),
(1060, '199107152015011001', '192.168.9.38', 'distribusi', 'view', '/eoffice/index.php?r=distribusi/view&id=10', '2016-01-20 09:42:59'),
(1061, '198407082009012001', '192.168.6.253', 'pegawai', 'index', '/eoffice/index.php?r=pegawai/index', '2016-01-20 09:43:09'),
(1062, '199107152015011001', '192.168.9.38', 'pegawai', 'distribusi', '/eoffice/index.php?r=pegawai/distribusi&id_distribusi_jenis=1', '2016-01-20 09:43:16'),
(1063, '196904211996031005', '192.168.4.190', 'pegawai', 'distribusi', '/eoffice/index.php?r=pegawai/distribusi&id_distribusi_jenis=1', '2016-01-20 09:43:26'),
(1064, '199107152015011001', '192.168.9.38', 'distribusi', 'view', '/eoffice/index.php?r=distribusi/view&id=314', '2016-01-20 09:43:27'),
(1065, '199107152015011001', '192.168.9.38', 'pegawai', 'distribusi', '/eoffice/index.php?r=pegawai/distribusi&id_distribusi_jenis=1', '2016-01-20 09:43:40'),
(1066, '196904211996031005', '192.168.4.190', 'pegawai', 'distribusi', '/eoffice/index.php?r=pegawai/distribusi&id_distribusi_jenis=3', '2016-01-20 09:43:44'),
(1067, '199107152015011001', '192.168.9.38', 'pegawai', 'index', '/eoffice/index.php?r=pegawai/index', '2016-01-20 09:43:48'),
(1068, '199107152015011001', '192.168.9.38', 'pegawai', 'distribusi', '/eoffice/index.php?r=pegawai/distribusi&id_distribusi_jenis=1&baru=1', '2016-01-20 09:43:53'),
(1069, '196904211996031005', '192.168.4.190', 'pegawai', 'profil', '/eoffice/index.php?r=pegawai/profil', '2016-01-20 09:43:57'),
(1070, '199107152015011001', '192.168.9.38', 'distribusi', 'view', '/eoffice/index.php?r=distribusi/view&id=10', '2016-01-20 09:43:58'),
(1071, '199107152015011001', '192.168.9.38', 'pegawai', 'distribusi', '/eoffice/index.php?r=pegawai/distribusi&id_distribusi_jenis=1&baru=1', '2016-01-20 09:44:02'),
(1072, '199107152015011001', '192.168.9.38', 'pegawai', 'distribusi', '/eoffice/index.php?r=pegawai/distribusi&id_distribusi_jenis=1&baru=1', '2016-01-20 09:44:04'),
(1073, '199107152015011001', '192.168.9.38', 'pegawai', 'distribusi', '/eoffice/index.php?r=pegawai/distribusi&id_distribusi_jenis=1&baru=1', '2016-01-20 09:44:09'),
(1074, '196904211996031005', '192.168.4.190', 'pegawai', 'gantiPassword', '/eoffice/index.php?r=pegawai/gantiPassword', '2016-01-20 09:44:14'),
(1075, '198808302015041001', '192.168.9.54', 'pegawai', 'distribusi', '/eoffice/index.php?r=pegawai/distribusi&id_distribusi_jenis=1&baru=1', '2016-01-20 09:44:32'),
(1076, '198808302015041001', '192.168.9.54', 'distribusi', 'view', '/eoffice/index.php?r=distribusi/view&id=316', '2016-01-20 09:44:50'),
(1077, '198407082009012001', '192.168.6.253', 'pegawai', 'distribusi', '/eoffice/index.php?r=pegawai/distribusi&id_distribusi_jenis=1&baru=1', '2016-01-20 09:45:06'),
(1078, '198407082009012001', '192.168.6.253', 'pegawai', 'distribusi', '/eoffice/index.php?r=pegawai/distribusi&id_distribusi_jenis=2&baru=1', '2016-01-20 09:45:09'),
(1079, '198407082009012001', '192.168.6.253', 'pegawai', 'distribusi', '/eoffice/index.php?r=pegawai/distribusi&id_distribusi_jenis=2&baru=1', '2016-01-20 09:45:11'),
(1080, '198407082009012001', '192.168.6.253', 'pegawai', 'distribusi', '/eoffice/index.php?r=pegawai/distribusi&id_distribusi_jenis=3&baru=1', '2016-01-20 09:45:12'),
(1081, '198407082009012001', '192.168.6.253', 'pegawai', 'distribusi', '/eoffice/index.php?r=pegawai/distribusi&id_distribusi_jenis=3&baru=1', '2016-01-20 09:45:13'),
(1082, '198407082009012001', '192.168.6.253', 'pegawai', 'distribusi', '/eoffice/index.php?r=pegawai/distribusi&id_distribusi_jenis=1', '2016-01-20 09:45:15'),
(1083, '196904211996031005', '192.168.4.190', 'pegawai', 'gantiPassword', '/eoffice/index.php?r=pegawai/gantiPassword', '2016-01-20 09:45:20'),
(1084, '198308172015011001', '192.168.8.12', 'pegawai', 'index', '/eoffice/index.php?r=pegawai/index', '2016-01-20 09:45:32'),
(1085, '199006302015012001', '192.168.9.20', 'pegawai', 'index', '/eoffice/index.php?r=pegawai/index', '2016-01-20 09:45:42'),
(1086, '198308172015011001', '192.168.8.12', 'pegawai', 'index', '/eoffice/index.php?r=pegawai/index', '2016-01-20 09:45:58'),
(1087, '198407082009012001', '192.168.6.253', 'pegawai', 'distribusi', '/eoffice/index.php?r=pegawai/distribusi&id_distribusi_jenis=2&baru=1', '2016-01-20 09:46:10'),
(1088, '196904211996031005', '192.168.4.190', 'pegawai', 'gantiPassword', '/eoffice/index.php?r=pegawai/gantiPassword', '2016-01-20 09:46:10'),
(1089, '198407082009012001', '192.168.6.253', 'pegawai', 'distribusi', '/eoffice/index.php?r=pegawai/distribusi&id_distribusi_jenis=3', '2016-01-20 09:46:18'),
(1090, '198308172015011001', '192.168.8.12', 'pegawai', 'profil', '/eoffice/index.php?r=pegawai/profil', '2016-01-20 09:46:25'),
(1091, '198808302015041001', '192.168.9.54', 'pegawai', 'distribusi', '/eoffice/index.php?r=pegawai/distribusi&id_distribusi_jenis=1', '2016-01-20 09:46:32'),
(1092, '198308172015011001', '192.168.8.12', 'pegawai', 'profil', '/eoffice/index.php?r=pegawai/profil', '2016-01-20 09:46:36'),
(1093, '198808302015041001', '192.168.9.54', 'pegawai', 'index', '/eoffice/index.php?r=pegawai/index', '2016-01-20 09:46:36'),
(1094, '196904211996031005', '192.168.4.190', 'pegawai', 'gantiPassword', '/eoffice/index.php?r=pegawai/gantiPassword', '2016-01-20 09:46:43'),
(1095, '198308172015011001', '192.168.8.12', 'pegawai', 'distribusi', '/eoffice/index.php?r=pegawai/distribusi&id_distribusi_jenis=1', '2016-01-20 09:46:45'),
(1096, '198308172015011001', '192.168.8.12', 'distribusi', 'view', '/eoffice/index.php?r=distribusi/view&id=257', '2016-01-20 09:46:54'),
(1097, '198808302015041001', '192.168.9.54', 'pegawai', 'index', '/eoffice/index.php?r=pegawai/index', '2016-01-20 09:47:16'),
(1098, '198308172015011001', '192.168.8.12', 'pegawai', 'distribusi', '/eoffice/index.php?r=pegawai/distribusi&id_distribusi_jenis=4', '2016-01-20 09:47:17'),
(1099, '198308172015011001', '192.168.8.12', 'pegawai', 'distribusi', '/eoffice/index.php?r=pegawai/distribusi&id_distribusi_jenis=3', '2016-01-20 09:47:27'),
(1100, '196904211996031005', '192.168.4.190', 'pegawai', 'gantiPassword', '/eoffice/index.php?r=pegawai/gantiPassword', '2016-01-20 09:47:31'),
(1101, '198308172015011001', '192.168.8.12', 'pegawai', 'distribusi', '/eoffice/index.php?r=pegawai/distribusi&id_distribusi_jenis=2&baru=1', '2016-01-20 09:47:32'),
(1102, '198308172015011001', '192.168.8.12', 'pegawai', 'distribusi', '/eoffice/index.php?r=pegawai/distribusi&id_distribusi_jenis=1', '2016-01-20 09:47:39'),
(1103, '196904211996031005', '192.168.4.190', 'pegawai', 'pemberitahuan', '/eoffice/index.php?r=pegawai/pemberitahuan', '2016-01-20 09:47:40'),
(1104, '198308172015011001', '192.168.8.12', 'pegawai', 'distribusi', '/eoffice/index.php?r=pegawai/distribusi&id_distribusi_jenis=3&baru=1', '2016-01-20 09:47:49'),
(1105, '198308172015011001', '192.168.8.12', 'pegawai', 'distribusi', '/eoffice/index.php?r=pegawai/distribusi&id_distribusi_jenis=3&baru=1', '2016-01-20 09:47:54'),
(1106, '196904211996031005', '192.168.4.190', 'distribusi', 'view', '/eoffice/index.php?r=distribusi/view&id=69', '2016-01-20 09:47:55');
INSERT INTO `log` (`id`, `username`, `ip`, `controller`, `action`, `uri`, `waktu`) VALUES
(1107, '198308172015011001', '192.168.8.12', 'pegawai', 'distribusi', '/eoffice/index.php?r=pegawai/distribusi&id_distribusi_jenis=2&baru=1', '2016-01-20 09:47:55'),
(1108, '198308172015011001', '192.168.8.12', 'pegawai', 'distribusi', '/eoffice/index.php?r=pegawai/distribusi&id_distribusi_jenis=1&baru=1', '2016-01-20 09:47:59'),
(1109, '198308032010121001', '192.168.8.6', 'pegawai', 'index', '/eoffice/index.php?r=pegawai/index', '2016-01-20 09:47:59'),
(1110, '199006302015012001', '192.168.9.20', 'pegawai', 'profil', '/eoffice/index.php?r=pegawai/profil', '2016-01-20 09:48:07'),
(1111, '198308172015011001', '192.168.8.12', 'pegawai', 'distribusi', '/eoffice/index.php?r=pegawai/distribusi&id_distribusi_jenis=3', '2016-01-20 09:48:10'),
(1112, '199006302015012001', '192.168.9.20', 'pegawai', 'distribusi', '/eoffice/index.php?r=pegawai/distribusi&id_distribusi_jenis=1', '2016-01-20 09:48:19'),
(1113, '198308172015011001', '192.168.8.12', 'pegawai', 'index', '/eoffice/index.php?r=pegawai/index', '2016-01-20 09:48:37'),
(1114, '198308172015011001', '192.168.8.12', 'pegawai', 'profil', '/eoffice/index.php?r=pegawai/profil', '2016-01-20 09:48:54'),
(1115, '199006302015012001', '192.168.9.20', 'distribusi', 'view', '/eoffice/index.php?r=distribusi/view&id=306', '2016-01-20 09:48:57'),
(1116, '196904211996031005', '192.168.4.190', 'distribusi', 'view', '/eoffice/index.php?r=distribusi/view&id=69', '2016-01-20 09:49:07'),
(1117, '198412092009012001', '192.168.9.45', 'pegawai', 'index', '/eoffice/index.php?r=pegawai/index', '2016-01-20 09:49:10'),
(1118, '199006302015012001', '192.168.9.20', 'pegawai', 'index', '/eoffice/index.php?r=pegawai/index', '2016-01-20 09:49:27'),
(1119, '199006302015012001', '192.168.9.20', 'pegawai', 'profil', '/eoffice/index.php?r=pegawai/profil', '2016-01-20 09:49:42'),
(1120, '198308172015011001', '192.168.8.12', 'pegawai', 'profil', '/eoffice/index.php?r=pegawai/profil', '2016-01-20 09:49:46'),
(1121, '198412092009012001', '192.168.9.45', 'pegawai', 'index', '/eoffice/index.php?r=pegawai/index', '2016-01-20 09:49:53'),
(1122, '196904211996031005', '192.168.4.190', 'distribusi', 'view', '/eoffice/index.php?r=distribusi/view&id=69', '2016-01-20 09:49:56'),
(1123, '199006302015012001', '192.168.9.20', 'pegawai', 'profil', '/eoffice/index.php?r=pegawai/profil', '2016-01-20 09:49:56'),
(1124, '198412092009012001', '192.168.9.45', 'pegawai', 'distribusi', '/eoffice/index.php?r=pegawai/distribusi&id_distribusi_jenis=1&baru=1', '2016-01-20 09:49:57'),
(1125, '199006302015012001', '192.168.9.20', 'pegawai', 'profil', '/eoffice/index.php?r=pegawai/profil', '2016-01-20 09:49:59'),
(1126, '198412092009012001', '192.168.9.45', 'distribusi', 'view', '/eoffice/index.php?r=distribusi/view&id=134', '2016-01-20 09:50:04'),
(1127, '196904211996031005', '192.168.4.190', 'distribusi', 'create', '/eoffice/index.php?r=distribusi/create&id_surat=85&id_distribusi_jenis=3', '2016-01-20 09:50:08'),
(1128, '199006302015012001', '192.168.9.20', 'pegawai', 'profil', '/eoffice/index.php?r=pegawai/profil', '2016-01-20 09:50:37'),
(1129, '196904211996031005', '192.168.4.190', 'surat', 'view', '/eoffice/index.php?r=surat/view&id=85', '2016-01-20 09:51:51'),
(1130, '196904211996031005', '192.168.4.190', 'distribusi', 'view', '/eoffice/index.php?r=distribusi/view&id=516', '2016-01-20 09:52:24'),
(1131, '196904062009011001', '192.168.9.37', 'pegawai', 'index', '/eoffice/index.php?r=pegawai/index', '2016-01-20 09:53:17'),
(1132, '196904062009011001', '192.168.9.37', 'pegawai', 'distribusi', '/eoffice/index.php?r=pegawai/distribusi&id_distribusi_jenis=1&baru=1', '2016-01-20 09:53:35'),
(1133, '196904211996031005', '192.168.4.190', 'distribusi', 'create', '/eoffice/index.php?r=distribusi/create&id_surat=85&id_distribusi_jenis=4', '2016-01-20 09:53:46'),
(1134, '198412092009012001', '192.168.9.45', 'pegawai', 'siapTerbit', '/eoffice/index.php?r=pegawai/siapTerbit', '2016-01-20 09:54:05'),
(1135, '196904062009011001', '192.168.9.37', 'distribusi', 'view', '/eoffice/index.php?r=distribusi/view&id=154', '2016-01-20 09:54:07'),
(1136, '198412092009012001', '192.168.9.45', 'surat', 'disetujui', '/eoffice/index.php?r=surat/disetujui&id=28', '2016-01-20 09:54:23'),
(1137, '198412092009012001', '192.168.9.45', 'surat', 'cetakMemo', '/eoffice/index.php?r=surat/cetakMemo&id=28', '2016-01-20 09:54:27'),
(1138, '196904062009011001', '192.168.9.37', 'distribusi', 'create', '/eoffice/index.php?r=distribusi/create&id_surat=85&id_distribusi_jenis=4', '2016-01-20 09:55:06'),
(1139, '196904211996031005', '192.168.4.190', 'surat', 'view', '/eoffice/index.php?r=surat/view&id=85', '2016-01-20 09:55:39'),
(1140, '197411302010122001', '192.168.8.13', 'pegawai', 'distribusi', '/eoffice/index.php?r=pegawai/distribusi&id_distribusi_jenis=1', '2016-01-20 09:55:47'),
(1141, '198412092009012001', '192.168.9.45', 'pegawai', 'siapTerbit', '/eoffice/index.php?r=pegawai/siapTerbit', '2016-01-20 09:55:52'),
(1142, '198412092009012001', '192.168.9.45', 'surat', 'disetujui', '/eoffice/index.php?r=surat/disetujui&id=77', '2016-01-20 09:56:03'),
(1143, '198412092009012001', '192.168.9.45', 'surat', 'disetujui', '/eoffice/index.php?r=surat/disetujui&id=77', '2016-01-20 09:56:05'),
(1144, '196904211996031005', '192.168.4.190', 'pegawai', 'pemberitahuan', '/eoffice/index.php?r=pegawai/pemberitahuan', '2016-01-20 09:56:07'),
(1145, 'bakamla', '192.168.8.12', 'admin', 'index', '/eoffice/index.php?r=admin/index', '2016-01-20 09:56:33'),
(1146, '196904211996031005', '192.168.4.190', 'distribusi', 'view', '/eoffice/index.php?r=distribusi/view&id=516', '2016-01-20 09:56:33'),
(1147, '198412092009012001', '192.168.9.45', 'surat', 'disetujui', '/eoffice/index.php?r=surat/disetujui&id=77', '2016-01-20 09:56:37'),
(1148, '197411302010122001', '192.168.8.13', 'distribusi', 'view', '/eoffice/index.php?r=distribusi/view&id=244', '2016-01-20 09:56:38'),
(1149, 'bakamla', '192.168.8.12', 'pegawai', 'admin', '/eoffice/index.php?r=pegawai/admin', '2016-01-20 09:56:42'),
(1150, '198412092009012001', '192.168.9.45', 'surat', 'publish', '/eoffice/index.php?r=surat/publish&id=77', '2016-01-20 09:56:44'),
(1151, 'bakamla', '192.168.8.12', 'pegawai', 'admin', '/eoffice/index.php?Pegawai%5Bnama%5D=Sherly&Pegawai%5Bnip%5D=&Pegawai%5Busername%5D=&Pegawai%5Bid_jabatan%5D=&Pegawai%5Blogin_terakhir%5D=&Pegawai_page=1&ajax=pegawai-grid&r=pegawai%2Fadmin', '2016-01-20 09:56:48'),
(1152, '196904211996031005', '192.168.4.190', 'pegawai', 'pemberitahuan', '/eoffice/index.php?r=pegawai/pemberitahuan', '2016-01-20 09:56:59'),
(1153, '197411302010122001', '192.168.8.13', 'pegawai', 'index', '/eoffice/index.php?r=pegawai/index', '2016-01-20 09:57:06'),
(1154, '198412092009012001', '192.168.9.45', 'surat', 'view', '/eoffice/index.php?r=surat/view&id=77', '2016-01-20 09:57:07'),
(1155, '196904211996031005', '192.168.4.190', 'distribusi', 'view', '/eoffice/index.php?r=distribusi/view&id=69', '2016-01-20 09:57:10'),
(1156, '198412092009012001', '192.168.9.45', 'pegawai', 'siapTerbit', '/eoffice/index.php?r=pegawai/siapTerbit', '2016-01-20 09:57:23'),
(1157, '198412092009012001', '192.168.9.45', 'surat', 'disetujui', '/eoffice/index.php?r=surat/disetujui&id=28', '2016-01-20 09:57:44'),
(1158, '198412092009012001', '192.168.9.45', 'surat', 'publish', '/eoffice/index.php?r=surat/publish&id=28', '2016-01-20 09:57:53'),
(1159, '198412092009012001', '192.168.9.45', 'surat', 'view', '/eoffice/index.php?r=surat/view&id=28', '2016-01-20 09:58:32'),
(1160, '198412092009012001', '192.168.9.45', 'surat', 'cetakMemo', '/eoffice/index.php?r=surat/cetakMemo&id=28', '2016-01-20 09:58:36'),
(1161, '198412092009012001', '192.168.9.45', 'pegawai', 'distribusi', '/eoffice/index.php?r=pegawai/distribusi&id_distribusi_jenis=1', '2016-01-20 09:58:48'),
(1162, '198106112010122001', '192.168.2.254', 'pegawai', 'index', '/eoffice/index.php?r=pegawai/index', '2016-01-20 09:58:59'),
(1163, '198412092009012001', '192.168.9.45', 'pegawai', 'distribusi', '/eoffice/index.php?r=pegawai/distribusi&id_distribusi_jenis=1&baru=1', '2016-01-20 09:59:03'),
(1164, '198412092009012001', '192.168.9.45', 'pegawai', 'distribusi', '/eoffice/index.php?r=pegawai/distribusi&id_distribusi_jenis=1&baru=1', '2016-01-20 09:59:10'),
(1165, '198412092009012001', '192.168.9.45', 'distribusi', 'view', '/eoffice/index.php?r=distribusi/view&id=519', '2016-01-20 09:59:14'),
(1166, '198412092009012001', '192.168.9.45', 'pegawai', 'distribusi', '/eoffice/index.php?r=pegawai/distribusi&id_distribusi_jenis=1', '2016-01-20 09:59:28'),
(1167, '198412092009012001', '192.168.9.45', 'pegawai', 'index', '/eoffice/index.php?r=pegawai/index', '2016-01-20 09:59:31'),
(1168, '198106112010122001', '192.168.2.254', 'pegawai', 'distribusi', '/eoffice/index.php?r=pegawai/distribusi&id_distribusi_jenis=1&baru=1', '2016-01-20 09:59:53'),
(1169, '198412092009012001', '192.168.9.45', 'distribusi', 'view', '/eoffice/index.php?r=distribusi/view&id=134', '2016-01-20 10:00:19'),
(1170, '196904062009011001', '192.168.9.37', 'surat', 'view', '/eoffice/index.php?r=surat/view&id=85', '2016-01-20 10:00:37'),
(1171, '198412092009012001', '192.168.9.45', 'distribusi', 'view', '/eoffice/index.php?r=distribusi/view&id=519', '2016-01-20 10:00:38'),
(1172, '198609172009122001', '192.168.6.253', 'pegawai', 'index', '/eoffice/index.php?r=pegawai/index', '2016-01-20 10:00:50'),
(1173, '198412092009012001', '192.168.9.45', 'distribusi', 'view', '/eoffice/index.php?r=distribusi/view&id=134', '2016-01-20 10:00:50'),
(1174, '198106112010122001', '192.168.2.254', 'surat', 'create', '/eoffice/index.php?r=surat/create', '2016-01-20 10:01:02'),
(1175, '198412092009012001', '192.168.9.45', 'distribusi', 'view', '/eoffice/index.php?r=distribusi/view&id=519', '2016-01-20 10:01:02'),
(1176, '196904062009011001', '192.168.9.37', 'distribusi', 'view', '/eoffice/index.php?r=distribusi/view&id=154', '2016-01-20 10:01:06'),
(1177, '198609172009122001', '192.168.6.253', 'pegawai', 'distribusi', '/eoffice/index.php?r=pegawai/distribusi&id_distribusi_jenis=1&baru=1', '2016-01-20 10:01:11'),
(1178, '196904062009011001', '192.168.9.37', 'distribusi', 'view', '/eoffice/index.php?r=distribusi/view&id=154', '2016-01-20 10:01:23'),
(1179, '198106112010122001', '192.168.2.254', 'distribusi', 'view', '/eoffice/index.php?r=distribusi/view&id=83', '2016-01-20 10:01:27'),
(1180, '198609172009122001', '192.168.6.253', 'distribusi', 'view', '/eoffice/index.php?r=distribusi/view&id=152', '2016-01-20 10:01:37'),
(1181, '196904062009011001', '192.168.9.37', 'pegawai', 'index', '/eoffice/index.php?r=pegawai/index', '2016-01-20 10:01:58'),
(1182, '198609172009122001', '192.168.6.253', 'surat', 'view', '/eoffice/index.php?r=surat/view&id=85', '2016-01-20 10:02:18'),
(1183, '198412092009012001', '192.168.9.45', 'pegawai', 'index', '/eoffice/index.php?r=pegawai/index', '2016-01-20 10:03:11'),
(1184, 'bakamla', '192.168.8.12', 'pegawai', 'update', '/eoffice/index.php?r=pegawai/update&id=392', '2016-01-20 10:03:15'),
(1185, '198412092009012001', '192.168.9.45', 'surat', 'create', '/eoffice/index.php?r=surat/create', '2016-01-20 10:03:23'),
(1186, '198106112010122001', '192.168.2.254', 'distribusi', 'view', '/eoffice/index.php?r=distribusi/view&id=83', '2016-01-20 10:03:27'),
(1187, '198106112010122001', '192.168.2.254', 'distribusi', 'view', '/eoffice/index.php?r=distribusi/view&id=83', '2016-01-20 10:03:30'),
(1188, 'bakamla', '192.168.8.12', 'pegawai', 'admin', '/eoffice/index.php?r=pegawai/admin', '2016-01-20 10:03:30'),
(1189, '197411302010122001', '192.168.8.13', 'surat', 'create', '/eoffice/index.php?r=surat/create', '2016-01-20 10:03:37'),
(1190, 'bakamla', '192.168.8.12', 'pegawai', 'admin', '/eoffice/index.php?Pegawai%5Bnama%5D=sherly&Pegawai%5Bnip%5D=&Pegawai%5Busername%5D=&Pegawai%5Bid_jabatan%5D=&Pegawai%5Blogin_terakhir%5D=&Pegawai_page=1&ajax=pegawai-grid&r=pegawai%2Fadmin', '2016-01-20 10:03:38'),
(1191, 'bakamla', '192.168.8.12', 'pegawai', 'update', '/eoffice/index.php?r=pegawai/update&id=364', '2016-01-20 10:03:41'),
(1192, '198106112010122001', '192.168.2.254', 'pegawai', 'index', '/eoffice/index.php?r=pegawai/index', '2016-01-20 10:04:01'),
(1193, '198412092009012001', '192.168.9.45', 'surat', 'konsep', '/eoffice/index.php?r=surat/konsep&id=89', '2016-01-20 10:04:26'),
(1194, '198412092009012001', '192.168.9.45', 'surat', 'cetakMemo', '/eoffice/index.php?r=surat/cetakMemo&id=89', '2016-01-20 10:04:35'),
(1195, '198106112010122001', '192.168.2.254', 'pegawai', 'index', '/eoffice/index.php?r=pegawai/index', '2016-01-20 10:04:51'),
(1196, '198412092009012001', '192.168.9.45', 'surat', 'konsep', '/eoffice/index.php?r=surat/konsep&id=89', '2016-01-20 10:04:57'),
(1197, '198106112010122001', '192.168.2.254', 'pegawai', 'profil', '/eoffice/index.php?r=pegawai/profil', '2016-01-20 10:05:08'),
(1198, '198106112010122001', '192.168.2.254', 'pegawai', 'gantiPassword', '/eoffice/index.php?r=pegawai/gantiPassword', '2016-01-20 10:05:17'),
(1199, '198412092009012001', '192.168.9.45', 'surat', 'konsep', '/eoffice/index.php?r=surat/konsep&id=89', '2016-01-20 10:05:30'),
(1200, '197411302010122001', '192.168.8.13', 'surat', 'konsep', '/eoffice/index.php?r=surat/konsep&id=90', '2016-01-20 10:05:56'),
(1201, '197411302010122001', '192.168.8.13', 'surat', 'cetakMemoKepala', '/eoffice/index.php?r=surat/cetakMemoKepala&id=90', '2016-01-20 10:06:02'),
(1202, '198412092009012001', '192.168.9.45', 'surat', 'create', '/eoffice/index.php?r=surat/create', '2016-01-20 10:06:11'),
(1203, '198412092009012001', '192.168.9.45', 'surat', 'konsep', '/eoffice/index.php?r=surat/konsep&id=91', '2016-01-20 10:06:26'),
(1204, '197411302010122001', '192.168.8.13', 'surat', 'konsep', '/eoffice/index.php?r=surat/konsep&id=90', '2016-01-20 10:06:30'),
(1205, '198106112010122001', '192.168.2.254', 'pegawai', 'gantiPassword', '/eoffice/index.php?r=pegawai/gantiPassword', '2016-01-20 10:06:30'),
(1206, '198412092009012001', '192.168.9.45', 'surat', 'cetakMemo', '/eoffice/index.php?r=surat/cetakMemo&id=91', '2016-01-20 10:06:31'),
(1207, '198808302015041001', '192.168.9.54', 'pegawai', 'index', '/eoffice/index.php?r=pegawai/index', '2016-01-20 10:06:58'),
(1208, '198808302015041001', '192.168.9.54', 'pegawai', 'distribusi', '/eoffice/index.php?r=pegawai/distribusi&id_distribusi_jenis=1', '2016-01-20 10:07:00'),
(1209, '198808302015041001', '192.168.9.54', 'pegawai', 'distribusi', '/eoffice/index.php?r=pegawai/distribusi&id_distribusi_jenis=2', '2016-01-20 10:07:03'),
(1210, '198808302015041001', '192.168.9.54', 'pegawai', 'index', '/eoffice/index.php?r=pegawai/index', '2016-01-20 10:07:08'),
(1211, '198808302015041001', '192.168.9.54', 'pegawai', 'index', '/eoffice/index.php?r=pegawai/index', '2016-01-20 10:07:13'),
(1212, '198808302015041001', '192.168.9.54', 'pegawai', 'distribusi', '/eoffice/index.php?r=pegawai/distribusi&id_distribusi_jenis=2', '2016-01-20 10:07:18'),
(1213, '198808302015041001', '192.168.9.54', 'pegawai', 'distribusi', '/eoffice/index.php?r=pegawai/distribusi&id_distribusi_jenis=3', '2016-01-20 10:07:21'),
(1214, '198609172009122001', '192.168.6.253', 'pegawai', 'index', '/eoffice/index.php?r=pegawai/index', '2016-01-20 10:07:44'),
(1215, '198609172009122001', '192.168.6.253', 'pegawai', 'draf', '/eoffice/index.php?r=pegawai/draf&status=konsep', '2016-01-20 10:07:49'),
(1216, '198609172009122001', '192.168.6.253', 'surat', 'konsep', '/eoffice/index.php?r=surat/konsep&id=53', '2016-01-20 10:08:00'),
(1217, '198609172009122001', '192.168.6.253', 'surat', 'cetakMemo', '/eoffice/index.php?r=surat/cetakMemo&id=53', '2016-01-20 10:08:08'),
(1218, '198609172009122001', '192.168.6.253', 'distribusi', 'view', '/eoffice/index.php?r=distribusi/view&id=152', '2016-01-20 10:08:59'),
(1219, '3515071810940002', '192.168.9.37', 'pegawai', 'index', '/eoffice/index.php?r=pegawai/index', '2016-01-20 10:09:00'),
(1220, '198609172009122001', '192.168.6.253', 'distribusi', 'view', '/eoffice/index.php?r=distribusi/view&id=152', '2016-01-20 10:09:08'),
(1221, '198609172009122001', '192.168.6.253', 'pegawai', 'index', '/eoffice/index.php?r=pegawai/index', '2016-01-20 10:09:11'),
(1222, '198609172009122001', '192.168.6.253', 'distribusi', 'view', '/eoffice/index.php?r=distribusi/view&id=152', '2016-01-20 10:09:22'),
(1223, '3515071810940002', '192.168.9.37', 'pegawai', 'distribusi', '/eoffice/index.php?r=pegawai/distribusi&id_distribusi_jenis=1&baru=1', '2016-01-20 10:09:23'),
(1224, '198609172009122001', '192.168.6.253', 'distribusi', 'view', '/eoffice/index.php?r=distribusi/view&id=152', '2016-01-20 10:09:25'),
(1225, '198609172009122001', '192.168.6.253', 'pegawai', 'index', '/eoffice/index.php?r=pegawai/index', '2016-01-20 10:09:32'),
(1226, '198412092009012001', '192.168.9.45', 'surat', 'konsep', '/eoffice/index.php?r=surat/konsep&id=91', '2016-01-20 10:09:33'),
(1227, '198412092009012001', '192.168.9.45', 'surat', 'cetakMemo', '/eoffice/index.php?r=surat/cetakMemo&id=91', '2016-01-20 10:09:38'),
(1228, '198609172009122001', '192.168.6.253', 'surat', 'create', '/eoffice/index.php?r=surat/create', '2016-01-20 10:09:41'),
(1229, '3515071810940002', '192.168.9.37', 'pegawai', 'distribusi', '/eoffice/index.php?r=pegawai/distribusi&id_distribusi_jenis=1&baru=1', '2016-01-20 10:09:45'),
(1230, '3515071810940002', '192.168.9.37', 'distribusi', 'view', '/eoffice/index.php?r=distribusi/view&id=461', '2016-01-20 10:09:59'),
(1231, '3515071810940002', '192.168.9.37', 'pegawai', 'distribusi', '/eoffice/index.php?r=pegawai/distribusi&id_distribusi_jenis=1', '2016-01-20 10:10:32'),
(1232, '3515071810940002', '192.168.9.37', 'pegawai', 'distribusi', '/eoffice/index.php?r=pegawai/distribusi&id_distribusi_jenis=1&baru=1', '2016-01-20 10:10:38'),
(1233, '3515071810940002', '192.168.9.37', 'pegawai', 'distribusi', '/eoffice/index.php?r=pegawai/distribusi&id_distribusi_jenis=1&baru=1', '2016-01-20 10:10:39'),
(1234, '3515071810940002', '192.168.9.37', 'pegawai', 'distribusi', '/eoffice/index.php?r=pegawai/distribusi&id_distribusi_jenis=1&baru=1', '2016-01-20 10:10:41'),
(1235, '3515071810940002', '192.168.9.37', 'pegawai', 'distribusi', '/eoffice/index.php?r=pegawai/distribusi&id_distribusi_jenis=1&baru=1', '2016-01-20 10:10:44'),
(1236, '197411302010122001', '192.168.8.13', 'pegawai', 'distribusi', '/eoffice/index.php?r=pegawai/distribusi&id_distribusi_jenis=1', '2016-01-20 10:10:48'),
(1237, '3515071810940002', '192.168.9.37', 'pegawai', 'profil', '/eoffice/index.php?r=pegawai/profil', '2016-01-20 10:11:20'),
(1238, '3515071810940002', '192.168.9.37', 'pegawai', 'suntingProfil', '/eoffice/index.php?r=pegawai/suntingProfil', '2016-01-20 10:11:35'),
(1239, '3515071810940002', '192.168.9.37', 'pegawai', 'profil', '/eoffice/index.php?r=pegawai/profil', '2016-01-20 10:12:09'),
(1240, '3515071810940002', '192.168.9.37', 'pegawai', 'distribusi', '/eoffice/index.php?r=pegawai/distribusi&id_distribusi_jenis=1', '2016-01-20 10:12:18'),
(1241, '3515071810940002', '192.168.9.37', 'pegawai', 'distribusi', '/eoffice/index.php?r=pegawai/distribusi&id_distribusi_jenis=1&baru=1', '2016-01-20 10:12:21'),
(1242, '3515071810940002', '192.168.9.37', 'distribusi', 'view', '/eoffice/index.php?r=distribusi/view&id=461', '2016-01-20 10:12:31'),
(1243, '3515071810940002', '192.168.9.37', 'pegawai', 'index', '/eoffice/index.php?r=pegawai/index', '2016-01-20 10:12:56'),
(1244, '76923', '192.168.6.253', 'pegawai', 'draf', '/eoffice/index.php?Surat%5Bid_surat_jenis%5D=2&Surat%5Bringkasan%5D=sprin+ops&Surat%5Bwaktu_dibuat%5D=20-02-2016&Surat_page=1&ajax=surat-grid&r=pegawai%2Fdraf&status=konsep', '2016-01-20 10:13:18'),
(1245, '76923', '192.168.6.253', 'pegawai', 'distribusi', '/eoffice/index.php?r=pegawai/distribusi&id_distribusi_jenis=1', '2016-01-20 10:13:50'),
(1246, '76923', '192.168.6.253', 'pegawai', 'profil', '/eoffice/index.php?r=pegawai/profil', '2016-01-20 10:14:10'),
(1247, '76923', '192.168.6.253', 'pegawai', 'distribusi', '/eoffice/index.php?r=pegawai/distribusi&id_distribusi_jenis=1', '2016-01-20 10:14:20'),
(1248, '199211052015011001', '192.168.8.18', 'pegawai', 'index', '/eoffice/index.php?r=pegawai/index', '2016-01-20 10:14:31'),
(1249, '198109192015011001', '192.168.8.12', 'pegawai', 'index', '/eoffice/index.php?r=pegawai/index', '2016-01-20 10:14:36'),
(1250, '76923', '192.168.6.253', 'pegawai', 'profil', '/eoffice/index.php?r=pegawai/profil', '2016-01-20 10:14:45'),
(1251, '76923', '192.168.6.253', 'pegawai', 'distribusi', '/eoffice/index.php?r=pegawai/distribusi&id_distribusi_jenis=1', '2016-01-20 10:14:49'),
(1252, '76923', '192.168.6.253', 'pegawai', 'draf', '/eoffice/index.php?r=pegawai/draf&status=konsep', '2016-01-20 10:14:51'),
(1253, '76923', '192.168.6.253', 'pegawai', 'distribusi', '/eoffice/index.php?r=pegawai/distribusi&id_distribusi_jenis=1', '2016-01-20 10:14:59'),
(1254, 'bakamla', '192.168.8.12', 'pegawai', 'admin', '/eoffice/index.php?r=pegawai/admin', '2016-01-20 10:15:20'),
(1255, '198109192015011001', '192.168.8.12', 'pegawai', 'gantiPassword', '/eoffice/index.php?r=pegawai/gantiPassword', '2016-01-20 10:15:20'),
(1256, 'bakamla', '192.168.8.12', 'pegawai', 'admin', '/eoffice/index.php?Pegawai%5Bnama%5D=rohaimin&Pegawai%5Bnip%5D=&Pegawai%5Busername%5D=&Pegawai%5Bid_jabatan%5D=&Pegawai%5Blogin_terakhir%5D=&Pegawai_page=1&ajax=pegawai-grid&r=pegawai%2Fadmin', '2016-01-20 10:15:31'),
(1257, 'bakamla', '192.168.8.12', 'pegawai', 'admin', '/eoffice/index.php?Pegawai%5Bnama%5D=rohaemin&Pegawai%5Bnip%5D=&Pegawai%5Busername%5D=&Pegawai%5Bid_jabatan%5D=&Pegawai%5Blogin_terakhir%5D=&Pegawai_page=1&ajax=pegawai-grid&r=pegawai%2Fadmin', '2016-01-20 10:15:44'),
(1258, 'bakamla', '192.168.8.12', 'pegawai', 'update', '/eoffice/index.php?r=pegawai/update&id=313', '2016-01-20 10:15:48'),
(1259, '198109192015011001', '192.168.8.12', 'pegawai', 'gantiPassword', '/eoffice/index.php?r=pegawai/gantiPassword', '2016-01-20 10:15:57'),
(1260, '199211052015011001', '192.168.8.18', 'pegawai', 'profil', '/eoffice/index.php?r=pegawai/profil', '2016-01-20 10:15:58'),
(1261, '199211052015011001', '192.168.8.18', 'pegawai', 'suntingProfil', '/eoffice/index.php?r=pegawai/suntingProfil', '2016-01-20 10:16:05'),
(1262, '198109192015011001', '192.168.8.12', 'pegawai', 'index', '/eoffice/index.php?r=pegawai/index', '2016-01-20 10:16:12'),
(1263, '199211052015011001', '192.168.8.18', 'pegawai', 'profil', '/eoffice/index.php?r=pegawai/profil', '2016-01-20 10:16:20'),
(1264, '199211052015011001', '192.168.8.18', 'pegawai', 'gantiPassword', '/eoffice/index.php?r=pegawai/gantiPassword', '2016-01-20 10:16:27'),
(1265, '198109192015011001', '192.168.8.12', 'pegawai', 'distribusi', '/eoffice/index.php?r=pegawai/distribusi&id_distribusi_jenis=4', '2016-01-20 10:16:33'),
(1266, '76923', '192.168.6.253', 'pegawai', 'profil', '/eoffice/index.php?r=pegawai/profil', '2016-01-20 10:16:34'),
(1267, '198109192015011001', '192.168.8.12', 'pegawai', 'distribusi', '/eoffice/index.php?r=pegawai/distribusi&id_distribusi_jenis=3', '2016-01-20 10:16:38'),
(1268, '76923', '192.168.6.253', 'pegawai', 'profil', '/eoffice/index.php?r=pegawai/profil', '2016-01-20 10:16:38'),
(1269, '76923', '192.168.6.253', 'pegawai', 'distribusi', '/eoffice/index.php?r=pegawai/distribusi&id_distribusi_jenis=1', '2016-01-20 10:16:45'),
(1270, '198109192015011001', '192.168.8.12', 'pegawai', 'distribusi', '/eoffice/index.php?r=pegawai/distribusi&id_distribusi_jenis=2', '2016-01-20 10:16:45'),
(1271, '76923', '192.168.6.253', 'pegawai', 'draf', '/eoffice/index.php?r=pegawai/draf&status=konsep', '2016-01-20 10:16:47'),
(1272, '198109192015011001', '192.168.8.12', 'pegawai', 'distribusi', '/eoffice/index.php?r=pegawai/distribusi&id_distribusi_jenis=1', '2016-01-20 10:16:48'),
(1273, '199211052015011001', '192.168.8.18', 'pegawai', 'gantiPassword', '/eoffice/index.php?r=pegawai/gantiPassword', '2016-01-20 10:16:55'),
(1274, '76923', '192.168.6.253', 'pegawai', 'draf', '/eoffice/index.php?Surat%5Bid_surat_jenis%5D=6&Surat%5Bringkasan%5D=&Surat%5Bwaktu_dibuat%5D=&Surat_page=1&ajax=surat-grid&r=pegawai%2Fdraf&status=konsep', '2016-01-20 10:16:55'),
(1275, '199211052015011001', '192.168.8.18', 'pegawai', 'index', '/eoffice/index.php?r=pegawai/index', '2016-01-20 10:17:10'),
(1276, '198109192015011001', '192.168.8.12', 'distribusi', 'view', '/eoffice/index.php?r=distribusi/view&id=453', '2016-01-20 10:17:16'),
(1277, '199211052015011001', '192.168.8.18', 'pegawai', 'distribusi', '/eoffice/index.php?r=pegawai/distribusi&id_distribusi_jenis=1&baru=1', '2016-01-20 10:17:34'),
(1278, '199211052015011001', '192.168.8.18', 'pegawai', 'distribusi', '/eoffice/index.php?r=pegawai/distribusi&id_distribusi_jenis=2', '2016-01-20 10:18:00'),
(1279, '199211052015011001', '192.168.8.18', 'pegawai', 'index', '/eoffice/index.php?r=pegawai/index', '2016-01-20 10:18:11'),
(1280, '199211052015011001', '192.168.8.18', 'pegawai', 'distribusi', '/eoffice/index.php?r=pegawai/distribusi&id_distribusi_jenis=1', '2016-01-20 10:18:21'),
(1281, '199211052015011001', '192.168.8.18', 'distribusi', 'view', '/eoffice/index.php?r=distribusi/view&id=409', '2016-01-20 10:18:46'),
(1282, '199211052015011001', '192.168.8.18', 'surat', 'view', '/eoffice/index.php?r=surat/view&id=85', '2016-01-20 10:19:10'),
(1283, '198507252015012001', '192.168.8.33', 'pegawai', 'index', '/eoffice/index.php?r=pegawai/index', '2016-01-20 10:19:25'),
(1284, '198507252015012001', '192.168.8.33', 'pegawai', 'distribusi', '/eoffice/index.php?r=pegawai/distribusi&id_distribusi_jenis=1&baru=1', '2016-01-20 10:19:44'),
(1285, '198507252015012001', '192.168.8.33', 'distribusi', 'view', '/eoffice/index.php?r=distribusi/view&id=256', '2016-01-20 10:20:20'),
(1286, '199211052015011001', '192.168.8.18', 'pegawai', 'index', '/eoffice/index.php?r=pegawai/index', '2016-01-20 10:20:37'),
(1287, '198507252015012001', '192.168.8.33', 'pegawai', 'index', '/eoffice/index.php?r=pegawai/index', '2016-01-20 10:20:54'),
(1288, '198507252015012001', '192.168.8.33', 'pegawai', 'gantiPassword', '/eoffice/index.php?r=pegawai/gantiPassword', '2016-01-20 10:20:55'),
(1289, '199211052015011001', '192.168.8.18', 'pegawai', 'distribusi', '/eoffice/index.php?r=pegawai/distribusi&id_distribusi_jenis=2&baru=1', '2016-01-20 10:21:03'),
(1290, '199211052015011001', '192.168.8.18', 'pegawai', 'distribusi', '/eoffice/index.php?r=pegawai/distribusi&id_distribusi_jenis=3&baru=1', '2016-01-20 10:21:06'),
(1291, '199211052015011001', '192.168.8.18', 'pegawai', 'distribusi', '/eoffice/index.php?r=pegawai/distribusi&id_distribusi_jenis=3&baru=1', '2016-01-20 10:21:10'),
(1292, '199211052015011001', '192.168.8.18', 'pegawai', 'distribusi', '/eoffice/index.php?r=pegawai/distribusi&id_distribusi_jenis=1', '2016-01-20 10:21:16'),
(1293, '198507252015012001', '192.168.8.33', 'pegawai', 'gantiPassword', '/eoffice/index.php?r=pegawai/gantiPassword', '2016-01-20 10:21:17'),
(1294, '199211052015011001', '192.168.8.18', 'pegawai', 'profil', '/eoffice/index.php?r=pegawai/profil', '2016-01-20 10:21:22'),
(1295, '198507252015012001', '192.168.8.33', 'pegawai', 'distribusi', '/eoffice/index.php?r=pegawai/distribusi&id_distribusi_jenis=1', '2016-01-20 10:21:23'),
(1296, '199211052015011001', '192.168.8.18', 'pegawai', 'index', '/eoffice/index.php?r=pegawai/index', '2016-01-20 10:21:29'),
(1297, '199211052015011001', '192.168.8.18', 'pegawai', 'distribusi', '/eoffice/index.php?r=pegawai/distribusi&id_distribusi_jenis=1', '2016-01-20 10:21:37'),
(1298, '199211052015011001', '192.168.8.18', 'pegawai', 'profil', '/eoffice/index.php?r=pegawai/profil', '2016-01-20 10:21:53'),
(1299, '199211052015011001', '192.168.8.18', 'pegawai', 'draf', '/eoffice/index.php?r=pegawai/draf&status=pemeriksaan', '2016-01-20 10:22:04'),
(1300, '199211052015011001', '192.168.8.18', 'pegawai', 'profil', '/eoffice/index.php?r=pegawai/profil', '2016-01-20 10:22:15'),
(1301, '199211052015011001', '192.168.8.18', 'pegawai', 'index', '/eoffice/index.php?r=pegawai/index', '2016-01-20 10:22:22'),
(1302, '199211052015011001', '192.168.8.18', 'pegawai', 'distribusi', '/eoffice/index.php?r=pegawai/distribusi&id_distribusi_jenis=1&baru=1', '2016-01-20 10:22:48'),
(1303, '199211052015011001', '192.168.8.18', 'distribusi', 'view', '/eoffice/index.php?r=distribusi/view&id=409', '2016-01-20 10:22:58'),
(1304, '199211052015011001', '192.168.8.18', 'distribusi', 'create', '/eoffice/index.php?r=distribusi/create&id_surat=85&id_distribusi_jenis=4', '2016-01-20 10:23:04'),
(1305, '199211052015011001', '192.168.8.18', 'pegawai', 'index', '/eoffice/index.php?r=pegawai/index', '2016-01-20 10:32:40'),
(1306, '199211052015011001', '192.168.8.18', 'pegawai', 'pemberitahuan', '/eoffice/index.php?r=pegawai/pemberitahuan', '2016-01-20 10:32:42'),
(1307, '199006302015012001', '192.168.9.20', 'pegawai', 'profil', '/eoffice/index.php?r=pegawai/profil', '2016-01-20 10:47:55'),
(1308, '199006302015012001', '192.168.9.20', 'pegawai', 'index', '/eoffice/index.php?r=pegawai/index', '2016-01-20 11:00:02'),
(1309, '198412092009012001', '192.168.9.45', 'pegawai', 'index', '/eoffice/index.php?r=pegawai/index', '2016-01-20 11:21:59'),
(1310, '198412092009012001', '192.168.9.45', 'surat', 'create', '/eoffice/index.php?r=surat/create', '2016-01-20 11:22:33'),
(1311, '198412092009012001', '192.168.9.45', 'pegawai', 'draf', '/eoffice/index.php?r=pegawai/draf&status=konsep', '2016-01-20 11:22:53'),
(1312, '198412092009012001', '192.168.9.45', 'surat', 'konsep', '/eoffice/index.php?r=surat/konsep&id=89', '2016-01-20 11:23:07'),
(1313, '198412092009012001', '192.168.9.45', 'pegawai', 'draf', '/eoffice/index.php?r=pegawai/draf&status=konsep', '2016-01-20 11:23:16'),
(1314, '198412092009012001', '192.168.9.45', 'surat', 'konsep', '/eoffice/index.php?r=surat/konsep&id=55', '2016-01-20 11:23:22'),
(1315, '198412092009012001', '192.168.9.45', 'surat', 'cetakMemo', '/eoffice/index.php?r=surat/cetakMemo&id=55', '2016-01-20 11:23:27'),
(1316, '198412092009012001', '192.168.9.45', 'pegawai', 'draf', '/eoffice/index.php?r=pegawai/draf&status=konsep', '2016-01-20 11:23:46'),
(1317, '198412092009012001', '192.168.9.45', 'surat', 'konsep', '/eoffice/index.php?r=surat/konsep&id=54', '2016-01-20 11:23:53'),
(1318, '198412092009012001', '192.168.9.45', 'surat', 'cetakMemo', '/eoffice/index.php?r=surat/cetakMemo&id=54', '2016-01-20 11:23:57'),
(1319, '198412092009012001', '192.168.9.45', 'pegawai', 'draf', '/eoffice/index.php?r=pegawai/draf&status=konsep', '2016-01-20 11:24:09'),
(1320, '198412092009012001', '192.168.9.45', 'surat', 'konsep', '/eoffice/index.php?r=surat/konsep&id=91', '2016-01-20 11:24:16'),
(1321, '198412092009012001', '192.168.9.45', 'surat', 'cetakMemo', '/eoffice/index.php?r=surat/cetakMemo&id=91', '2016-01-20 11:24:21'),
(1322, '196904211996031005', '192.168.4.190', 'distribusi', 'create', '/eoffice/index.php?r=distribusi/create&id_surat=85&id_distribusi_jenis=3', '2016-01-20 11:35:22'),
(1323, '196904211996031005', '192.168.4.190', 'surat', 'view', '/eoffice/index.php?r=surat/view&id=85', '2016-01-20 11:36:49'),
(1324, '196904211996031005', '192.168.4.190', 'distribusi', 'create', '/eoffice/index.php?r=distribusi/create&id_surat=85&id_distribusi_jenis=3', '2016-01-20 11:39:59'),
(1325, '198412092009012001', '192.168.9.45', 'surat', 'konsep', '/eoffice/index.php?r=surat/konsep&id=91', '2016-01-20 12:00:08'),
(1326, '198412092009012001', '192.168.9.45', 'surat', 'cetakMemo', '/eoffice/index.php?r=surat/cetakMemo&id=91', '2016-01-20 12:00:12'),
(1327, '198412092009012001', '192.168.9.45', 'surat', 'konsep', '/eoffice/index.php?r=surat/konsep&id=91', '2016-01-20 12:04:34'),
(1328, '198412092009012001', '192.168.9.45', 'surat', 'cetakMemo', '/eoffice/index.php?r=surat/cetakMemo&id=91', '2016-01-20 12:04:38'),
(1329, '198412092009012001', '192.168.9.45', 'surat', 'disetujui', '/eoffice/index.php?r=surat/disetujui&id=91', '2016-01-20 12:06:10'),
(1330, '198412092009012001', '192.168.9.45', 'surat', 'cetakMemo', '/eoffice/index.php?r=surat/cetakMemo&id=91', '2016-01-20 12:06:14'),
(1331, '198412092009012001', '192.168.9.45', 'surat', 'publish', '/eoffice/index.php?r=surat/publish&id=91', '2016-01-20 12:06:18'),
(1332, '198412092009012001', '192.168.9.45', 'surat', 'view', '/eoffice/index.php?r=surat/view&id=91', '2016-01-20 12:06:32'),
(1333, '198412092009012001', '192.168.9.45', 'surat', 'cetakMemo', '/eoffice/index.php?r=surat/cetakMemo&id=91', '2016-01-20 12:06:37'),
(1334, '196904211996031005', '192.168.4.190', 'pegawai', 'index', '/eoffice/index.php?r=pegawai/index', '2016-01-20 12:16:58'),
(1335, '196904211996031005', '192.168.4.190', 'distribusi', 'view', '/eoffice/index.php?r=distribusi/view&id=516', '2016-01-20 12:17:41'),
(1336, '196904211996031005', '192.168.4.190', 'distribusi', 'create', '/eoffice/index.php?r=distribusi/create&id_surat=85&id_distribusi_jenis=3', '2016-01-20 12:18:09'),
(1337, '196904211996031005', '192.168.4.190', 'pegawai', 'profil', '/eoffice/index.php?r=pegawai/profil', '2016-01-20 12:18:17'),
(1338, '196904211996031005', '192.168.4.190', 'pegawai', 'gantiPassword', '/eoffice/index.php?r=pegawai/gantiPassword', '2016-01-20 12:18:33'),
(1339, '196904211996031005', '192.168.4.190', 'pegawai', 'gantiPassword', '/eoffice/index.php?r=pegawai/gantiPassword', '2016-01-20 12:19:06'),
(1340, '196904211996031005', '192.168.4.190', 'pegawai', 'gantiPassword', '/eoffice/index.php?r=pegawai/gantiPassword', '2016-01-20 12:19:21'),
(1341, '196904211996031005', '192.168.4.190', 'pegawai', 'gantiPassword', '/eoffice/index.php?r=pegawai/gantiPassword', '2016-01-20 12:19:55'),
(1342, '196904211996031005', '192.168.4.190', 'pegawai', 'gantiPassword', '/eoffice/index.php?r=pegawai/gantiPassword', '2016-01-20 12:20:13'),
(1343, '196904211996031005', '192.168.4.190', 'pegawai', 'gantiPassword', '/eoffice/index.php?r=pegawai/gantiPassword', '2016-01-20 12:20:50'),
(1344, '196904211996031005', '192.168.4.190', 'pegawai', 'pemberitahuan', '/eoffice/index.php?r=pegawai/pemberitahuan', '2016-01-20 12:20:57'),
(1345, '196904211996031005', '192.168.4.190', 'distribusi', 'view', '/eoffice/index.php?r=distribusi/view&id=69', '2016-01-20 12:21:12'),
(1346, '196904211996031005', '192.168.4.190', 'surat', 'view', '/eoffice/index.php?r=surat/view&id=85', '2016-01-20 12:21:32'),
(1347, '196904211996031005', '192.168.4.190', 'pegawai', 'profil', '/eoffice/index.php?r=pegawai/profil', '2016-01-20 12:22:20'),
(1348, '196904211996031005', '192.168.4.190', 'pegawai', 'distribusi', '/eoffice/index.php?r=pegawai/distribusi&id_distribusi_jenis=3', '2016-01-20 12:22:30'),
(1349, '196904211996031005', '192.168.4.190', 'distribusi', 'view', '/eoffice/index.php?r=distribusi/view&id=516', '2016-01-20 12:22:44'),
(1350, '196904211996031005', '192.168.4.190', 'pegawai', 'pemberitahuan', '/eoffice/index.php?r=pegawai/pemberitahuan', '2016-01-20 12:23:11'),
(1351, '196904211996031005', '192.168.4.190', 'pegawai', 'distribusi', '/eoffice/index.php?r=pegawai/distribusi&id_distribusi_jenis=1', '2016-01-20 12:23:28'),
(1352, '196904211996031005', '192.168.4.190', 'pegawai', 'index', '/eoffice/index.php?r=pegawai/index', '2016-01-20 12:23:45'),
(1353, '198503212010121002', '192.168.4.217', 'pegawai', 'index', '/eoffice/index.php?r=pegawai/index', '2016-01-20 13:04:46'),
(1354, '198503212010121002', '192.168.4.217', 'pegawai', 'index', '/eoffice/index.php?r=pegawai/index', '2016-01-20 13:05:57'),
(1355, '198503212010121002', '192.168.4.217', 'pegawai', 'distribusi', '/eoffice/index.php?r=pegawai/distribusi&id_distribusi_jenis=2', '2016-01-20 13:06:41'),
(1356, '198503212010121002', '192.168.4.217', 'pegawai', 'distribusi', '/eoffice/index.php?r=pegawai/distribusi&id_distribusi_jenis=1&baru=1', '2016-01-20 13:06:47'),
(1357, '198503212010121002', '192.168.4.217', 'pegawai', 'distribusi', '/eoffice/index.php?r=pegawai/distribusi&id_distribusi_jenis=4', '2016-01-20 13:06:54'),
(1358, '198503212010121002', '192.168.4.217', 'pegawai', 'index', '/eoffice/index.php?r=pegawai/index', '2016-01-20 13:07:07'),
(1359, '198503212010121002', '192.168.4.217', 'pegawai', 'profil', '/eoffice/index.php?r=pegawai/profil', '2016-01-20 13:07:18'),
(1360, '198503212010121002', '192.168.4.217', 'pegawai', 'index', '/eoffice/index.php?r=pegawai/index', '2016-01-20 13:07:46'),
(1361, '79041543', '10.103.1.16', 'pegawai', 'index', '/eoffice/index.php?r=pegawai/index', '2016-01-20 13:08:08'),
(1362, '198503212010121002', '192.168.4.217', 'pegawai', 'index', '/eoffice/index.php?r=pegawai/index', '2016-01-20 13:08:48'),
(1363, '198503212010121002', '192.168.4.217', 'pegawai', 'profil', '/eoffice/index.php?r=pegawai/profil', '2016-01-20 13:09:07'),
(1364, '198503212010121002', '192.168.4.217', 'pegawai', 'suntingProfil', '/eoffice/index.php?r=pegawai/suntingProfil', '2016-01-20 13:09:20'),
(1365, '198503212010121002', '192.168.4.217', 'pegawai', 'profil', '/eoffice/index.php?r=pegawai/profil', '2016-01-20 13:09:34'),
(1366, '198503212010121002', '192.168.4.217', 'pegawai', 'suntingProfil', '/eoffice/index.php?r=pegawai/suntingProfil', '2016-01-20 13:09:42'),
(1367, '198503212010121002', '192.168.4.217', 'pegawai', 'profil', '/eoffice/index.php?r=pegawai/profil', '2016-01-20 13:09:50'),
(1368, '198503212010121002', '192.168.4.217', 'pegawai', 'gantiPassword', '/eoffice/index.php?r=pegawai/gantiPassword', '2016-01-20 13:10:00'),
(1369, '198503212010121002', '192.168.4.217', 'pegawai', 'index', '/eoffice/index.php?r=pegawai/index', '2016-01-20 13:10:20'),
(1370, '198503212010121002', '192.168.4.217', 'pegawai', 'profil', '/eoffice/index.php?r=pegawai/profil', '2016-01-20 13:10:39'),
(1371, '198503212010121002', '192.168.4.217', 'pegawai', 'index', '/eoffice/index.php?r=pegawai/index', '2016-01-20 13:11:11'),
(1372, '198503212010121002', '192.168.4.217', 'pegawai', 'profil', '/eoffice/index.php?r=pegawai/profil', '2016-01-20 13:11:39'),
(1373, '198503212010121002', '192.168.4.217', 'pegawai', 'gantiPassword', '/eoffice/index.php?r=pegawai/gantiPassword', '2016-01-20 13:11:47'),
(1374, '198503212010121002', '192.168.4.217', 'pegawai', 'gantiPassword', '/eoffice/index.php?r=pegawai/gantiPassword', '2016-01-20 13:12:27'),
(1375, '198503212010121002', '192.168.4.217', 'pegawai', 'gantiPassword', '/eoffice/index.php?r=pegawai/gantiPassword', '2016-01-20 13:13:12'),
(1376, '198503212010121002', '192.168.4.217', 'pegawai', 'gantiPassword', '/eoffice/index.php?r=pegawai/gantiPassword', '2016-01-20 13:13:49'),
(1377, '198503212010121002', '192.168.4.217', 'pegawai', 'index', '/eoffice/index.php?r=pegawai/index', '2016-01-20 13:14:09'),
(1378, '198503212010121002', '192.168.4.217', 'pegawai', 'profil', '/eoffice/index.php?r=pegawai/profil', '2016-01-20 13:14:20'),
(1379, '198503212010121002', '192.168.4.217', 'pegawai', 'profil', '/eoffice/index.php?r=pegawai/profil', '2016-01-20 13:14:22'),
(1380, '198503212010121002', '192.168.4.217', 'pegawai', 'index', '/eoffice/index.php?r=pegawai/index', '2016-01-20 13:15:00'),
(1381, '198503212010121002', '192.168.4.217', 'pegawai', 'profil', '/eoffice/index.php?r=pegawai/profil', '2016-01-20 13:15:12'),
(1382, '198503212010121002', '192.168.4.217', 'pegawai', 'suntingProfil', '/eoffice/index.php?r=pegawai/suntingProfil', '2016-01-20 13:15:21'),
(1383, '198503212010121002', '192.168.4.217', 'pegawai', 'profil', '/eoffice/index.php?r=pegawai/profil', '2016-01-20 13:15:33'),
(1384, '198503212010121002', '192.168.4.217', 'pegawai', 'pemberitahuan', '/eoffice/index.php?r=pegawai/pemberitahuan', '2016-01-20 13:15:46'),
(1385, '198503212010121002', '192.168.4.217', 'pegawai', 'profil', '/eoffice/index.php?r=pegawai/profil', '2016-01-20 13:15:51'),
(1386, '198412092009012001', '192.168.9.45', 'pegawai', 'distribusi', '/eoffice/index.php?r=pegawai/distribusi&id_distribusi_jenis=1', '2016-01-20 13:19:18'),
(1387, '198412092009012001', '192.168.9.45', 'pegawai', 'distribusi', '/eoffice/index.php?r=pegawai/distribusi&id_distribusi_jenis=1&baru=1', '2016-01-20 13:19:24'),
(1388, '198412092009012001', '192.168.9.45', 'pegawai', 'distribusi', '/eoffice/index.php?r=pegawai/distribusi&id_distribusi_jenis=1&baru=1', '2016-01-20 13:19:29'),
(1389, '198412092009012001', '192.168.9.45', 'distribusi', 'view', '/eoffice/index.php?r=distribusi/view&id=526', '2016-01-20 13:19:32'),
(1390, '198412092009012001', '192.168.9.45', 'surat', 'cetakMemo', '/eoffice/index.php?r=surat/cetakMemo&id=91', '2016-01-20 13:19:37'),
(1391, '198605202015011001', '192.168.2.254', 'pegawai', 'profil', '/eoffice/index.php?r=pegawai/profil', '2016-01-20 13:43:14'),
(1392, '198211292010122002', '10.103.1.7', 'pegawai', 'index', '/eoffice/index.php?r=pegawai/index', '2016-01-20 14:47:33'),
(1393, '198211292010122002', '10.103.1.7', 'pegawai', 'siapTerbit', '/eoffice/index.php?r=pegawai/siapTerbit', '2016-01-20 14:47:45'),
(1394, '198211292010122002', '10.103.1.7', 'surat', 'disetujui', '/eoffice/index.php?r=surat/disetujui&id=50', '2016-01-20 14:47:56'),
(1395, '198211292010122002', '10.103.1.7', 'surat', 'cetakMemo', '/eoffice/index.php?r=surat/cetakMemo&id=50', '2016-01-20 14:48:01'),
(1396, '198211292010122002', '10.103.1.7', 'pegawai', 'index', '/eoffice/index.php?r=pegawai/index', '2016-01-20 14:48:11'),
(1397, '198211292010122002', '10.103.1.7', 'distribusi', 'view', '/eoffice/index.php?r=distribusi/view&id=161', '2016-01-20 14:48:28'),
(1398, '198211292010122002', '10.103.1.7', 'surat', 'view', '/eoffice/index.php?r=surat/view&id=85', '2016-01-20 14:48:40'),
(1399, '198211292010122002', '10.103.1.7', 'pegawai', 'index', '/eoffice/index.php?r=pegawai/index', '2016-01-20 14:49:44'),
(1400, '198211292010122002', '10.103.1.7', 'pegawai', 'siapTerbit', '/eoffice/index.php?r=pegawai/siapTerbit', '2016-01-20 14:50:07'),
(1401, '198211292010122002', '10.103.1.7', 'pegawai', 'draf', '/eoffice/index.php?r=pegawai/draf&status=konsep', '2016-01-20 14:50:20'),
(1402, '198211292010122002', '10.103.1.7', 'surat', 'create', '/eoffice/index.php?r=surat/create', '2016-01-20 14:50:31'),
(1403, '198211292010122002', '10.103.1.7', 'pegawai', 'profil', '/eoffice/index.php?r=pegawai/profil', '2016-01-20 14:50:41'),
(1404, '198211292010122002', '10.103.1.7', 'pegawai', 'profil', '/eoffice/index.php?r=pegawai/profil', '2016-01-20 14:50:42'),
(1405, '198211292010122002', '10.103.1.7', 'pegawai', 'profil', '/eoffice/index.php?r=pegawai/profil', '2016-01-20 14:50:48'),
(1406, '198211292010122002', '10.103.1.7', 'pegawai', 'profil', '/eoffice/index.php?r=pegawai/profil', '2016-01-20 14:50:56'),
(1407, '198211292010122002', '10.103.1.7', 'pegawai', 'suntingProfil', '/eoffice/index.php?r=pegawai/suntingProfil', '2016-01-20 14:51:04'),
(1408, '198211292010122002', '10.103.1.7', 'pegawai', 'profil', '/eoffice/index.php?r=pegawai/profil', '2016-01-20 14:51:17'),
(1409, '198703122009121001', '10.103.2.178', 'pegawai', 'index', '/eoffice/index.php?r=pegawai/index', '2016-01-20 16:10:27'),
(1410, '198703122009121001', '10.103.2.178', 'pegawai', 'distribusi', '/eoffice/index.php?r=pegawai/distribusi&id_distribusi_jenis=1&baru=1', '2016-01-20 16:11:06'),
(1411, '198703122009121001', '10.103.2.178', 'pegawai', 'distribusi', '/eoffice/index.php?r=pegawai/distribusi&id_distribusi_jenis=1&baru=1', '2016-01-20 16:11:28'),
(1412, '198703122009121001', '10.103.2.178', 'distribusi', 'view', '/eoffice/index.php?r=distribusi/view&id=93', '2016-01-20 16:11:31'),
(1413, '198703122009121001', '10.103.2.178', 'distribusi', 'view', '/eoffice/index.php?r=distribusi/view&id=93', '2016-01-20 16:11:32'),
(1414, '198703122009121001', '10.103.2.178', 'distribusi', 'view', '/eoffice/index.php?r=distribusi/view&id=93', '2016-01-20 16:11:57'),
(1415, '198703122009121001', '10.103.2.178', 'distribusi', 'view', '/eoffice/index.php?r=distribusi/view&id=93', '2016-01-20 16:12:05'),
(1416, '198703122009121001', '10.103.2.178', 'distribusi', 'view', '/eoffice/index.php?r=distribusi/view&id=93', '2016-01-20 16:12:20'),
(1417, '198301162010121001', '::1', 'site', 'error', '/eoffice/index.php?r=surat/konsep&id=24', '2016-02-08 10:11:37'),
(1418, '198301162010121001', '::1', 'surat', 'create', '/eoffice/index.php?r=surat/create', '2016-02-08 10:11:42'),
(1419, '198301162010121001', '::1', 'surat', 'konsep', '/eoffice/index.php?r=surat/konsep&id=92', '2016-02-08 10:12:04'),
(1420, '198301162010121001', '::1', 'surat', 'cetakMemo', '/eoffice/index.php?r=surat/cetakMemo&id=92', '2016-02-08 10:12:14'),
(1421, '198301162010121001', '::1', 'surat', 'konsep', '/eoffice/index.php?r=surat/konsep&id=92', '2016-02-08 10:21:03'),
(1422, '198301162010121001', '::1', 'surat', 'cetakMemo', '/eoffice/index.php?r=surat/cetakMemo&id=92', '2016-02-08 10:21:10'),
(1423, '198301162010121001', '::1', 'surat', 'konsep', '/eoffice/index.php?r=surat/konsep&id=92', '2016-02-08 10:21:17'),
(1424, '198301162010121001', '::1', 'surat', 'cetakMemo', '/eoffice/index.php?r=surat/cetakMemo&id=92', '2016-02-08 10:21:23'),
(1425, '198301162010121001', '::1', 'surat', 'konsep', '/eoffice/index.php?r=surat/konsep&id=92', '2016-02-08 10:22:54'),
(1426, '198301162010121001', '::1', 'surat', 'cetakMemo', '/eoffice/index.php?r=surat/cetakMemo&id=92', '2016-02-08 10:23:00'),
(1427, '198301162010121001', '::1', 'surat', 'konsep', '/eoffice/index.php?r=surat/konsep&id=92', '2016-02-08 10:24:13'),
(1428, '198301162010121001', '::1', 'surat', 'cetakMemo', '/eoffice/index.php?r=surat/cetakMemo&id=92', '2016-02-08 10:24:19'),
(1429, '198301162010121001', '::1', 'surat', 'konsep', '/eoffice/index.php?r=surat/konsep&id=92', '2016-02-08 10:24:28'),
(1430, '198301162010121001', '::1', 'surat', 'cetakMemo', '/eoffice/index.php?r=surat/cetakMemo&id=92', '2016-02-08 10:24:34'),
(1431, '198301162010121001', '::1', 'surat', 'pemeriksaan', '/eoffice/index.php?r=surat/pemeriksaan&id=92', '2016-02-08 10:26:04'),
(1432, '198301162010121001', '::1', 'surat', 'cetakMemo', '/eoffice/index.php?r=surat/cetakMemo&id=92', '2016-02-08 10:26:10'),
(1433, '198301162010121001', '::1', 'surat', 'pemeriksaan', '/eoffice/index.php?r=surat/pemeriksaan&id=92', '2016-02-08 10:27:48'),
(1434, '198301162010121001', '::1', 'surat', 'cetakMemo', '/eoffice/index.php?r=surat/cetakMemo&id=92', '2016-02-08 10:27:54'),
(1435, '198301162010121001', '::1', 'surat', 'create', '/eoffice/index.php?r=surat/create', '2016-02-08 10:27:55'),
(1436, '198301162010121001', '::1', 'surat', 'create', '/eoffice/index.php?r=surat/create', '2016-02-08 10:28:39'),
(1437, '198301162010121001', '::1', 'surat', 'create', '/eoffice/index.php?r=surat/create', '2016-02-08 10:28:46'),
(1438, '198301162010121001', '::1', 'surat', 'create', '/eoffice/index.php?r=surat/create', '2016-02-08 10:29:10'),
(1439, '198301162010121001', '::1', 'pegawai', 'index', '/eoffice/index.php?r=pegawai/index', '2016-02-08 10:30:48'),
(1440, '198301162010121001', '::1', 'pegawai', 'index', '/eoffice/index.php?r=pegawai/index', '2016-02-08 10:34:15'),
(1441, '198301162010121001', '::1', 'pegawai', 'index', '/eoffice/index.php?r=pegawai/index', '2016-02-08 10:34:37'),
(1442, '198301162010121001', '::1', 'site', 'error', '/eoffice/index.php?r=pegawai/index', '2016-02-08 10:36:07'),
(1443, '198301162010121001', '::1', 'pegawai', 'index', '/eoffice/index.php?r=pegawai/index', '2016-02-08 10:36:12'),
(1444, '198301162010121001', '::1', 'pegawai', 'distribusi', '/eoffice/index.php?r=pegawai/distribusi&id_distribusi_jenis=1', '2016-02-08 10:36:23'),
(1445, '198301162010121001', '::1', 'pegawai', 'distribusi', '/eoffice/index.php?r=pegawai/distribusi&id_distribusi_jenis=2', '2016-02-08 10:36:31'),
(1446, '198301162010121001', '::1', 'pegawai', 'distribusi', '/eoffice/index.php?r=pegawai/distribusi&id_distribusi_jenis=3', '2016-02-08 10:36:35'),
(1447, '198301162010121001', '::1', 'pegawai', 'distribusi', '/eoffice/index.php?r=pegawai/distribusi&id_distribusi_jenis=4', '2016-02-08 10:36:38'),
(1448, '198301162010121001', '::1', 'pegawai', 'index', '/eoffice/index.php?r=pegawai/index', '2016-02-08 10:36:42'),
(1449, 'bakamla', '::1', 'pegawai', 'admin', '/eoffice/index.php?r=pegawai/admin', '2016-02-08 10:37:18'),
(1450, 'bakamla', '::1', 'pegawai', 'admin', '/eoffice/index.php?Pegawai%5Bnama%5D=tuti&Pegawai%5Bnip%5D=&Pegawai%5Busername%5D=&Pegawai%5Bid_jabatan%5D=&Pegawai%5Blogin_terakhir%5D=&Pegawai_page=1&ajax=pegawai-grid&r=pegawai%2Fadmin', '2016-02-08 10:37:23'),
(1451, '197509152009012001', '::1', 'pegawai', 'index', '/eoffice/index.php?r=pegawai/index', '2016-02-08 10:37:40'),
(1452, '197509152009012001', '::1', 'pegawai', 'draf', '/eoffice/index.php?r=pegawai/draf&status=konsep', '2016-02-08 10:38:12'),
(1453, '197509152009012001', '::1', 'surat', 'konsep', '/eoffice/index.php?r=surat/konsep&id=42', '2016-02-08 10:38:24'),
(1454, '197509152009012001', '::1', 'surat', 'cetakSuratUndangan', '/eoffice/index.php?r=surat/cetakSuratUndangan&id=42', '2016-02-08 10:38:31'),
(1455, '197509152009012001', '::1', 'surat', 'create', '/eoffice/index.php?r=surat/create', '2016-02-08 10:46:19'),
(1456, '197509152009012001', '::1', 'surat', 'konsep', '/eoffice/index.php?r=surat/konsep&id=93', '2016-02-08 10:46:35'),
(1457, '197509152009012001', '::1', 'surat', 'cetakSuratUndangan', '/eoffice/index.php?r=surat/cetakSuratUndangan&id=93', '2016-02-08 10:46:42'),
(1458, '197509152009012001', '::1', 'pegawai', 'draf', '/eoffice/index.php?r=pegawai/draf&status=konsep', '2016-02-08 10:47:06'),
(1459, 'bakamla', '::1', 'suratKop', 'admin', '/eoffice/index.php?r=suratKop/admin', '2016-02-08 10:48:18'),
(1460, 'bakamla', '::1', 'suratKop', 'view', '/eoffice/index.php?r=suratKop/view&id=1', '2016-02-08 10:48:23'),
(1461, '197509152009012001', '::1', 'pegawai', 'distribusi', '/eoffice/index.php?r=pegawai/distribusi&id_distribusi_jenis=1', '2016-02-08 10:48:33'),
(1462, '197509152009012001', '::1', 'pegawai', 'distribusi', '/eoffice/index.php?r=pegawai/distribusi&id_distribusi_jenis=2&baru=1', '2016-02-08 10:48:38'),
(1463, '197509152009012001', '::1', 'pegawai', 'distribusi', '/eoffice/index.php?r=pegawai/distribusi&id_distribusi_jenis=3&baru=1', '2016-02-08 10:48:42'),
(1464, '197509152009012001', '::1', 'pegawai', 'index', '/eoffice/index.php?r=pegawai/index', '2016-02-08 10:48:58'),
(1465, '197509152009012001', '::1', 'pegawai', 'draf', '/eoffice/index.php?r=pegawai/draf&status=konsep', '2016-02-08 10:51:05'),
(1466, '197509152009012001', '::1', 'surat', 'konsep', '/eoffice/index.php?r=surat/konsep&id=42', '2016-02-08 10:51:11'),
(1467, '197509152009012001', '::1', 'surat', 'cetakSuratUndangan', '/eoffice/index.php?r=surat/cetakSuratUndangan&id=42', '2016-02-08 10:51:17'),
(1468, '197509152009012001', '::1', 'surat', 'create', '/eoffice/index.php?r=surat/create', '2016-02-08 10:51:29'),
(1469, '197509152009012001', '::1', 'surat', 'create', '/eoffice/index.php?r=surat/create', '2016-02-08 10:51:53');
INSERT INTO `log` (`id`, `username`, `ip`, `controller`, `action`, `uri`, `waktu`) VALUES
(1470, '197509152009012001', '::1', 'surat', 'konsep', '/eoffice/index.php?r=surat/konsep&id=94', '2016-02-08 10:52:33'),
(1471, '197509152009012001', '::1', 'surat', 'cetakMemo', '/eoffice/index.php?r=surat/cetakMemo&id=94', '2016-02-08 10:52:39'),
(1472, 'bakamla', '::1', 'jabatan', 'index', '/eoffice/index.php?r=jabatan/index&id=1', '2016-02-08 10:53:56'),
(1473, 'bakamla', '::1', 'jabatan', 'update', '/eoffice/index.php?r=jabatan/update&id=1&id_kembali=1', '2016-02-08 10:59:55'),
(1474, 'bakamla', '::1', 'jabatan', 'index', '/eoffice/index.php?r=jabatan/index&id=1', '2016-02-08 11:00:07'),
(1475, '197509152009012001', '::1', 'surat', 'konsep', '/eoffice/index.php?r=surat/konsep&id=94', '2016-02-08 11:11:01'),
(1476, '197509152009012001', '::1', 'surat', 'cetakMemo', '/eoffice/index.php?r=surat/cetakMemo&id=94', '2016-02-08 11:11:07'),
(1477, '197509152009012001', '::1', 'surat', 'konsep', '/eoffice/index.php?r=surat/konsep&id=94', '2016-02-08 11:12:16'),
(1478, '197509152009012001', '::1', 'surat', 'cetakMemo', '/eoffice/index.php?r=surat/cetakMemo&id=94', '2016-02-08 11:12:22'),
(1479, '197509152009012001', '::1', 'surat', 'konsep', '/eoffice/index.php?Jabatan%5Bnama%5D=kepala&Jabatan_page=1&ajax=pegawai-grid&id=94&r=surat%2Fkonsep', '2016-02-08 11:34:42'),
(1480, '197509152009012001', '::1', 'surat', 'konsep', '/eoffice/index.php?r=surat/konsep&id=94', '2016-02-08 11:34:51'),
(1481, '197509152009012001', '::1', 'surat', 'cetakMemo', '/eoffice/index.php?r=surat/cetakMemo&id=94', '2016-02-08 11:34:57'),
(1482, '197509152009012001', '::1', 'surat', 'konsep', '/eoffice/index.php?r=surat/konsep&id=94', '2016-02-08 11:35:02'),
(1483, '197509152009012001', '::1', 'surat', 'cetakMemo', '/eoffice/index.php?r=surat/cetakMemo&id=94', '2016-02-08 11:35:09'),
(1484, '197509152009012001', '::1', 'surat', 'disetujui', '/eoffice/index.php?r=surat/disetujui&id=94', '2016-02-08 11:35:32'),
(1485, '197509152009012001', '::1', 'surat', 'cetakMemo', '/eoffice/index.php?r=surat/cetakMemo&id=94', '2016-02-08 11:35:38'),
(1486, '197509152009012001', '::1', 'pegawai', 'siapTerbit', '/eoffice/index.php?r=pegawai/siapTerbit', '2016-02-08 11:35:51'),
(1487, 'bakamla', '::1', 'penerbit', 'index', '/eoffice/index.php?r=penerbit/index', '2016-02-08 11:36:16'),
(1488, '197509152009012001', '::1', 'surat', 'disetujui', '/eoffice/index.php?r=surat/disetujui&id=94', '2016-02-08 11:36:39'),
(1489, '197509152009012001', '::1', 'surat', 'cetakMemo', '/eoffice/index.php?r=surat/cetakMemo&id=94', '2016-02-08 11:36:45'),
(1490, '197509152009012001', '::1', 'surat', 'publish', '/eoffice/index.php?r=surat/publish&id=94', '2016-02-08 11:36:54'),
(1491, '197509152009012001', '::1', 'site', 'error', '/eoffice/index.php?r=surat/publish&id=94', '2016-02-08 11:46:50'),
(1492, '197509152009012001', '::1', 'site', 'error', '/eoffice/index.php?r=surat/exportPdf&amp;id=94', '2016-02-08 11:47:20'),
(1493, '197509152009012001', '::1', 'site', 'error', '/eoffice/index.php?r=surat/publish&id=94', '2016-02-08 11:47:45'),
(1494, '197509152009012001', '::1', 'pegawai', 'index', '/eoffice/index.php?r=pegawai/index', '2016-02-08 11:48:07'),
(1495, '197509152009012001', '::1', 'surat', 'create', '/eoffice/index.php?r=surat/create', '2016-02-08 11:48:11'),
(1496, '197509152009012001', '::1', 'surat', 'konsep', '/eoffice/index.php?r=surat/konsep&id=95', '2016-02-08 11:48:25'),
(1497, '197509152009012001', '::1', 'surat', 'cetakMemo', '/eoffice/index.php?r=surat/cetakMemo&id=95', '2016-02-08 11:48:31'),
(1498, '197509152009012001', '::1', 'surat', 'disetujui', '/eoffice/index.php?r=surat/disetujui&id=95', '2016-02-08 11:48:42'),
(1499, '197509152009012001', '::1', 'surat', 'cetakMemo', '/eoffice/index.php?r=surat/cetakMemo&id=95', '2016-02-08 11:48:48'),
(1500, '197509152009012001', '::1', 'surat', 'publish', '/eoffice/index.php?r=surat/publish&id=95', '2016-02-08 11:48:50'),
(1501, '197509152009012001', '::1', 'site', 'error', '/eoffice/index.php?r=surat/publish&id=95', '2016-02-08 11:48:57'),
(1502, '197509152009012001', '::1', 'site', 'error', '/eoffice/index.php?r=surat/cetakPdf&amp;id=95', '2016-02-08 11:49:14'),
(1503, '197509152009012001', '::1', 'surat', 'cetakMemo', '/eoffice/index.php?r=surat/cetakMemo&id=95', '2016-02-08 11:49:29'),
(1504, '197509152009012001', '::1', 'pegawai', 'index', '/eoffice/index.php?r=pegawai/index', '2016-02-08 11:51:37'),
(1505, '197509152009012001', '::1', 'surat', 'create', '/eoffice/index.php?r=surat/create', '2016-02-08 11:51:41'),
(1506, '197509152009012001', '::1', 'surat', 'konsep', '/eoffice/index.php?r=surat/konsep&id=96', '2016-02-08 11:51:59'),
(1507, '197509152009012001', '::1', 'surat', 'cetakMemo', '/eoffice/index.php?r=surat/cetakMemo&id=96', '2016-02-08 11:52:06'),
(1508, '197509152009012001', '::1', 'surat', 'disetujui', '/eoffice/index.php?r=surat/disetujui&id=96', '2016-02-08 11:52:25'),
(1509, '197509152009012001', '::1', 'surat', 'cetakMemo', '/eoffice/index.php?r=surat/cetakMemo&id=96', '2016-02-08 11:52:31'),
(1510, '197509152009012001', '::1', 'surat', 'publish', '/eoffice/index.php?r=surat/publish&id=96', '2016-02-08 11:52:33'),
(1511, '197509152009012001', '::1', 'surat', 'view', '/eoffice/index.php?r=surat/view&id=96', '2016-02-08 11:52:41'),
(1512, '197509152009012001', '::1', 'surat', 'cetakMemo', '/eoffice/index.php?r=surat/cetakMemo&id=96', '2016-02-08 11:52:47'),
(1513, '197509152009012001', '::1', 'surat', 'create', '/eoffice/index.php?r=surat/create', '2016-02-08 11:58:11'),
(1514, '197509152009012001', '::1', 'surat', 'konsep', '/eoffice/index.php?r=surat/konsep&id=97', '2016-02-08 11:59:12'),
(1515, '197509152009012001', '::1', 'surat', 'cetakMemo', '/eoffice/index.php?r=surat/cetakMemo&id=97', '2016-02-08 11:59:18'),
(1516, '197509152009012001', '::1', 'surat', 'disetujui', '/eoffice/index.php?r=surat/disetujui&id=97', '2016-02-08 11:59:27'),
(1517, '197509152009012001', '::1', 'surat', 'cetakMemo', '/eoffice/index.php?r=surat/cetakMemo&id=97', '2016-02-08 11:59:33'),
(1518, '197509152009012001', '::1', 'pegawai', 'siapTerbit', '/eoffice/index.php?r=pegawai/siapTerbit', '2016-02-08 11:59:37'),
(1519, '197509152009012001', '::1', 'surat', 'disetujui', '/eoffice/index.php?r=surat/disetujui&id=97', '2016-02-08 11:59:45'),
(1520, '197509152009012001', '::1', 'surat', 'cetakMemo', '/eoffice/index.php?r=surat/cetakMemo&id=97', '2016-02-08 11:59:50'),
(1521, '197509152009012001', '::1', 'surat', 'publish', '/eoffice/index.php?r=surat/publish&id=97', '2016-02-08 11:59:52'),
(1522, '197509152009012001', '::1', 'site', 'error', '/eoffice/index.php?r=surat/publish&id=97', '2016-02-08 11:59:57'),
(1523, '197509152009012001', '::1', 'surat', 'create', '/eoffice/index.php?r=surat/create', '2016-02-08 12:01:40'),
(1524, '197509152009012001', '::1', 'surat', 'konsep', '/eoffice/index.php?r=surat/konsep&id=98', '2016-02-08 12:01:55'),
(1525, '197509152009012001', '::1', 'surat', 'cetakMemo', '/eoffice/index.php?r=surat/cetakMemo&id=98', '2016-02-08 12:02:01'),
(1526, '197509152009012001', '::1', 'surat', 'disetujui', '/eoffice/index.php?r=surat/disetujui&id=98', '2016-02-08 12:02:07'),
(1527, '197509152009012001', '::1', 'surat', 'cetakMemo', '/eoffice/index.php?r=surat/cetakMemo&id=98', '2016-02-08 12:02:13'),
(1528, '197509152009012001', '::1', 'surat', 'publish', '/eoffice/index.php?r=surat/publish&id=98', '2016-02-08 12:02:14'),
(1529, '197509152009012001', '::1', 'site', 'error', '/eoffice/index.php?r=surat/publish&id=98', '2016-02-08 12:04:21'),
(1530, '197509152009012001', '::1', 'site', 'error', '/eoffice/index.php?r=surat/cetakPdf&amp;id=98', '2016-02-08 12:04:35'),
(1531, '197509152009012001', '::1', 'surat', 'cetakMemo', '/eoffice/index.php?r=surat/cetakMemo&id=98', '2016-02-08 12:04:50'),
(1532, '197509152009012001', '::1', 'pegawai', 'index', '/eoffice/index.php?r=pegawai/index', '2016-02-08 12:55:19'),
(1533, '197509152009012001', '::1', 'surat', 'create', '/eoffice/index.php?r=surat/create', '2016-02-08 12:55:21'),
(1534, '197509152009012001', '::1', 'surat', 'konsep', '/eoffice/index.php?r=surat/konsep&id=99', '2016-02-08 12:55:38'),
(1535, '197509152009012001', '::1', 'surat', 'cetakMemo', '/eoffice/index.php?r=surat/cetakMemo&id=99', '2016-02-08 12:55:45'),
(1536, '197509152009012001', '::1', 'surat', 'disetujui', '/eoffice/index.php?r=surat/disetujui&id=99', '2016-02-08 12:55:52'),
(1537, '197509152009012001', '::1', 'surat', 'cetakMemo', '/eoffice/index.php?r=surat/cetakMemo&id=99', '2016-02-08 12:55:58'),
(1538, '197509152009012001', '::1', 'surat', 'publish', '/eoffice/index.php?r=surat/publish&id=99', '2016-02-08 12:56:08'),
(1539, '197509152009012001', '::1', 'site', 'error', '/eoffice/index.php?r=surat/publish&id=99', '2016-02-08 12:56:13'),
(1540, '197509152009012001', '::1', 'pegawai', 'index', '/eoffice/index.php?r=pegawai/index', '2016-02-08 12:59:42'),
(1541, '197509152009012001', '::1', 'pegawai', 'draf', '/eoffice/index.php?r=pegawai/draf&status=konsep', '2016-02-08 12:59:49'),
(1542, '197509152009012001', '::1', 'surat', 'konsep', '/eoffice/index.php?r=surat/konsep&id=42', '2016-02-08 12:59:57'),
(1543, '197509152009012001', '::1', 'surat', 'cetakSuratUndangan', '/eoffice/index.php?r=surat/cetakSuratUndangan&id=42', '2016-02-08 13:00:03'),
(1544, '197509152009012001', '::1', 'site', 'error', '/eoffice/index.php?r=surat/konsep&id=42', '2016-02-08 13:00:15'),
(1545, '197509152009012001', '::1', 'surat', 'konsep', '/eoffice/index.php?r=surat/konsep&id=42', '2016-02-08 13:00:25'),
(1546, '197509152009012001', '::1', 'surat', 'cetakSuratUndangan', '/eoffice/index.php?r=surat/cetakSuratUndangan&id=42', '2016-02-08 13:00:31'),
(1547, '197509152009012001', '::1', 'site', 'error', '/eoffice/index.php?r=surat/konsep&id=42', '2016-02-08 13:03:35'),
(1548, '197509152009012001', '::1', 'site', 'error', '/eoffice/index.php?r=surat/cetakPdf&amp;id=42', '2016-02-08 13:19:11'),
(1549, '197509152009012001', '::1', 'site', 'error', '/eoffice/index.php?r=surat/cetakPdf&amp;id=42', '2016-02-08 13:19:50'),
(1550, '197509152009012001', '::1', 'surat', 'konsep', '/eoffice/index.php?r=surat/konsep&id=42', '2016-02-08 13:19:55'),
(1551, '197509152009012001', '::1', 'surat', 'cetakSuratUndangan', '/eoffice/index.php?r=surat/cetakSuratUndangan&id=42', '2016-02-08 13:20:02'),
(1552, '197509152009012001', '::1', 'surat', 'konsep', '/eoffice/index.php?r=surat/konsep&id=42', '2016-02-08 13:20:42'),
(1553, '197509152009012001', '::1', 'surat', 'cetakSuratUndangan', '/eoffice/index.php?r=surat/cetakSuratUndangan&id=42', '2016-02-08 13:20:49'),
(1554, '197509152009012001', '::1', 'site', 'error', '/eoffice/index.php?r=surat/konsep&id=42', '2016-02-08 13:23:12'),
(1555, 'bakamla', '::1', 'penerbit', 'index', '/eoffice/index.php?r=penerbit/index', '2016-02-08 13:23:53'),
(1556, 'bakamla', '::1', 'penerbit', 'index', '/eoffice/index.php?r=penerbit/index', '2016-02-08 13:24:07'),
(1557, 'bakamla', '::1', 'penerbit', 'index', '/eoffice/index.php?r=penerbit/index', '2016-02-08 13:24:22'),
(1558, '197509152009012001', '::1', 'surat', 'konsep', '/eoffice/index.php?r=surat/konsep&id=42', '2016-02-08 13:25:55'),
(1559, '197509152009012001', '::1', 'surat', 'cetakSuratUndangan', '/eoffice/index.php?r=surat/cetakSuratUndangan&id=42', '2016-02-08 13:26:02'),
(1560, '197509152009012001', '::1', 'site', 'error', '/eoffice/index.php?r=surat/konsep&id=42', '2016-02-08 13:28:12'),
(1561, '197509152009012001', '::1', 'site', 'error', '/eoffice/index.php?r=surat/konsep&id=42', '2016-02-08 13:28:15'),
(1562, '197509152009012001', '::1', 'site', 'error', '/eoffice/index.php?r=surat/konsep&id=42', '2016-02-08 13:28:17'),
(1563, '197509152009012001', '::1', 'site', 'error', '/eoffice/index.php?r=surat/konsep&id=42', '2016-02-08 13:28:18'),
(1564, '197509152009012001', '::1', 'site', 'error', '/eoffice/index.php?r=surat/konsep&id=42', '2016-02-08 13:29:51'),
(1565, '197509152009012001', '::1', 'surat', 'konsep', '/eoffice/index.php?r=surat/konsep&id=42', '2016-02-08 13:33:21'),
(1566, '197509152009012001', '::1', 'surat', 'cetakSuratUndangan', '/eoffice/index.php?r=surat/cetakSuratUndangan&id=42', '2016-02-08 13:33:28'),
(1567, '197509152009012001', '::1', 'surat', 'konsep', '/eoffice/index.php?r=surat/konsep&id=42', '2016-02-08 13:35:49'),
(1568, '197509152009012001', '::1', 'surat', 'cetakSuratUndangan', '/eoffice/index.php?r=surat/cetakSuratUndangan&id=42', '2016-02-08 13:35:56'),
(1569, '197509152009012001', '::1', 'site', 'error', '/eoffice/index.php?r=surat/konsep&id=42', '2016-02-08 13:38:02'),
(1570, '197509152009012001', '::1', 'surat', 'konsep', '/eoffice/index.php?r=surat/konsep&id=42', '2016-02-08 13:51:00'),
(1571, '197509152009012001', '::1', 'surat', 'cetakSuratUndangan', '/eoffice/index.php?r=surat/cetakSuratUndangan&id=42', '2016-02-08 13:51:06'),
(1572, '197509152009012001', '::1', 'surat', 'konsep', '/eoffice/index.php?r=surat/konsep&id=42', '2016-02-08 13:51:39'),
(1573, '197509152009012001', '::1', 'surat', 'cetakSuratUndangan', '/eoffice/index.php?r=surat/cetakSuratUndangan&id=42', '2016-02-08 13:51:45'),
(1574, '197509152009012001', '::1', 'surat', 'konsep', '/eoffice/index.php?r=surat/konsep&id=42', '2016-02-08 13:52:43'),
(1575, '197509152009012001', '::1', 'surat', 'cetakSuratUndangan', '/eoffice/index.php?r=surat/cetakSuratUndangan&id=42', '2016-02-08 13:52:49'),
(1576, '197509152009012001', '::1', 'surat', 'konsep', '/eoffice/index.php?r=surat/konsep&id=42', '2016-02-08 13:52:57'),
(1577, '197509152009012001', '::1', 'surat', 'cetakSuratUndangan', '/eoffice/index.php?r=surat/cetakSuratUndangan&id=42', '2016-02-08 13:53:04'),
(1578, '197509152009012001', '::1', 'surat', 'konsep', '/eoffice/index.php?r=surat/konsep&id=42', '2016-02-08 13:53:31'),
(1579, '197509152009012001', '::1', 'surat', 'cetakSuratUndangan', '/eoffice/index.php?r=surat/cetakSuratUndangan&id=42', '2016-02-08 13:53:38'),
(1580, '197509152009012001', '::1', 'surat', 'konsep', '/eoffice/index.php?r=surat/konsep&id=42', '2016-02-08 13:55:31'),
(1581, '197509152009012001', '::1', 'surat', 'cetakSuratUndangan', '/eoffice/index.php?r=surat/cetakSuratUndangan&id=42', '2016-02-08 13:55:38'),
(1582, '197509152009012001', '::1', 'site', 'error', '/eoffice/index.php?r=surat/cetakPdf&amp;id=42', '2016-02-08 13:58:57'),
(1583, '197509152009012001', '::1', 'surat', 'cetakSuratUndangan', '/eoffice/index.php?r=surat/cetakSuratUndangan&id=42', '2016-02-08 13:59:07'),
(1584, '197509152009012001', '::1', 'surat', 'konsep', '/eoffice/index.php?r=surat/konsep&id=42', '2016-02-08 13:59:50'),
(1585, '197509152009012001', '::1', 'surat', 'cetakSuratUndangan', '/eoffice/index.php?r=surat/cetakSuratUndangan&id=42', '2016-02-08 13:59:56'),
(1586, '197509152009012001', '::1', 'pegawai', 'index', '/eoffice/index.php?r=pegawai/index', '2016-02-08 14:00:30'),
(1587, '197509152009012001', '::1', 'pegawai', 'index', '/eoffice/index.php?r=pegawai/index', '2016-02-08 14:01:50'),
(1588, '197509152009012001', '::1', 'pegawai', 'distribusi', '/eoffice/index.php?r=pegawai/distribusi&id_distribusi_jenis=1', '2016-02-08 14:02:41'),
(1589, '197509152009012001', '::1', 'pegawai', 'draf', '/eoffice/index.php?r=pegawai/draf&status=konsep', '2016-02-08 14:02:51'),
(1590, '197509152009012001', '::1', 'surat', 'konsep', '/eoffice/index.php?r=surat/konsep&id=42', '2016-02-08 14:02:59'),
(1591, '197509152009012001', '::1', 'surat', 'cetakSuratUndangan', '/eoffice/index.php?r=surat/cetakSuratUndangan&id=42', '2016-02-08 14:03:05'),
(1592, '197509152009012001', '::1', 'surat', 'cetakSuratUndangan', '/eoffice/index.php?r=surat/cetakSuratUndangan&id=42', '2016-02-08 14:03:33'),
(1593, '197509152009012001', '::1', 'surat', 'cetakSuratUndangan', '/eoffice/index.php?r=surat/cetakSuratUndangan&id=42', '2016-02-08 14:04:00'),
(1594, '197509152009012001', '::1', 'surat', 'cetakSuratUndangan', '/eoffice/index.php?r=surat/cetakSuratUndangan&id=42', '2016-02-08 14:06:43'),
(1595, '197509152009012001', '::1', 'surat', 'cetakSuratUndangan', '/eoffice/index.php?r=surat/cetakSuratUndangan&id=42', '2016-02-08 14:06:55'),
(1596, '197509152009012001', '::1', 'surat', 'cetakSuratUndangan', '/eoffice/index.php?r=surat/cetakSuratUndangan&id=42', '2016-02-08 14:08:18'),
(1597, '197509152009012001', '::1', 'surat', 'cetakSuratUndangan', '/eoffice/index.php?r=surat/cetakSuratUndangan&id=42', '2016-02-08 14:10:35'),
(1598, '197509152009012001', '::1', 'surat', 'cetakSuratUndangan', '/eoffice/index.php?r=surat/cetakSuratUndangan&id=42', '2016-02-08 14:10:55'),
(1599, '197509152009012001', '::1', 'surat', 'cetakSuratUndangan', '/eoffice/index.php?r=surat/cetakSuratUndangan&id=42', '2016-02-08 14:11:22'),
(1600, '197509152009012001', '::1', 'surat', 'konsep', '/eoffice/index.php?r=surat/konsep&id=42', '2016-02-08 14:12:12'),
(1601, '197509152009012001', '::1', 'surat', 'cetakSuratUndangan', '/eoffice/index.php?r=surat/cetakSuratUndangan&id=42', '2016-02-08 14:12:19'),
(1602, '197509152009012001', '::1', 'surat', 'konsep', '/eoffice/index.php?r=surat/konsep&id=42', '2016-02-08 14:13:16'),
(1603, '197509152009012001', '::1', 'surat', 'konsep', '/eoffice/index.php?r=surat/konsep&id=42', '2016-02-08 14:13:19'),
(1604, '197509152009012001', '::1', 'surat', 'cetakSuratUndangan', '/eoffice/index.php?r=surat/cetakSuratUndangan&id=42', '2016-02-08 14:13:28'),
(1605, '197509152009012001', '::1', 'surat', 'konsep', '/eoffice/index.php?r=surat/konsep&id=42', '2016-02-08 14:16:19'),
(1606, '197509152009012001', '::1', 'surat', 'cetakSuratUndangan', '/eoffice/index.php?r=surat/cetakSuratUndangan&id=42', '2016-02-08 14:16:27'),
(1607, '197509152009012001', '::1', 'surat', 'konsep', '/eoffice/index.php?r=surat/konsep&id=42', '2016-02-08 14:17:00'),
(1608, '197509152009012001', '::1', 'surat', 'cetakSuratUndangan', '/eoffice/index.php?r=surat/cetakSuratUndangan&id=42', '2016-02-08 14:17:09'),
(1609, '197509152009012001', '::1', 'surat', 'konsep', '/eoffice/index.php?r=surat/konsep&id=42', '2016-02-08 14:19:48'),
(1610, '197509152009012001', '::1', 'surat', 'konsep', '/eoffice/index.php?r=surat/konsep&id=42', '2016-02-08 14:19:58'),
(1611, '197509152009012001', '::1', 'site', 'error', '/eoffice/index.php?r=surat/konsep&id=42', '2016-02-08 14:21:50'),
(1612, '197509152009012001', '::1', 'surat', 'cetakSuratUndangan', '/eoffice/index.php?r=surat/cetakSuratUndangan&id=42', '2016-02-08 14:25:12'),
(1613, '197509152009012001', '::1', 'surat', 'konsep', '/eoffice/index.php?r=surat/konsep&id=42', '2016-02-08 14:25:47'),
(1614, '197509152009012001', '::1', 'surat', 'konsep', '/eoffice/index.php?r=surat/konsep&id=42', '2016-02-08 14:25:56'),
(1615, '197509152009012001', '::1', 'surat', 'konsep', '/eoffice/index.php?r=surat/konsep&id=42', '2016-02-08 14:27:24'),
(1616, '197509152009012001', '::1', 'surat', 'konsep', '/eoffice/index.php?r=surat/konsep&id=42', '2016-02-08 14:27:31'),
(1617, '197509152009012001', '::1', 'pegawai', 'index', '/eoffice/index.php?r=pegawai/index', '2016-02-08 14:27:52'),
(1618, '197509152009012001', '::1', 'surat', 'konsep', '/eoffice/index.php?r=surat/konsep&id=42', '2016-02-08 14:28:08'),
(1619, '197509152009012001', '::1', 'surat', 'cetakSuratUndangan', '/eoffice/index.php?r=surat/cetakSuratUndangan&id=42', '2016-02-08 14:28:16'),
(1620, '197509152009012001', '::1', 'surat', 'konsep', '/eoffice/index.php?r=surat/konsep&id=42', '2016-02-08 14:32:28'),
(1621, '197509152009012001', '::1', 'surat', 'cetakSuratUndangan', '/eoffice/index.php?r=surat/cetakSuratUndangan&id=42', '2016-02-08 14:32:35'),
(1622, '197509152009012001', '::1', 'surat', 'konsep', '/eoffice/index.php?r=surat/konsep&id=42', '2016-02-08 14:36:57'),
(1623, '197509152009012001', '::1', 'surat', 'cetakSuratUndangan', '/eoffice/index.php?r=surat/cetakSuratUndangan&id=42', '2016-02-08 14:37:03'),
(1624, '197509152009012001', '::1', 'surat', 'create', '/eoffice/index.php?r=surat/create', '2016-02-08 14:38:45'),
(1625, '197509152009012001', '::1', 'surat', 'konsep', '/eoffice/index.php?r=surat/konsep&id=100', '2016-02-08 14:39:08'),
(1626, '197509152009012001', '::1', 'surat', 'cetakSuratPerintah', '/eoffice/index.php?r=surat/cetakSuratPerintah&id=100', '2016-02-08 14:39:15'),
(1627, '197509152009012001', '::1', 'surat', 'konsep', '/eoffice/index.php?r=surat/konsep&id=100', '2016-02-08 14:39:23'),
(1628, '197509152009012001', '::1', 'surat', 'cetakSuratPerintah', '/eoffice/index.php?r=surat/cetakSuratPerintah&id=100', '2016-02-08 14:39:29'),
(1629, '197509152009012001', '::1', 'surat', 'konsep', '/eoffice/index.php?r=surat/konsep&id=100', '2016-02-08 14:39:34'),
(1630, '197509152009012001', '::1', 'surat', 'cetakSuratPerintah', '/eoffice/index.php?r=surat/cetakSuratPerintah&id=100', '2016-02-08 14:39:40'),
(1631, '197509152009012001', '::1', 'surat', 'pemeriksaan', '/eoffice/index.php?r=surat/pemeriksaan&id=100', '2016-02-08 14:39:52'),
(1632, '197509152009012001', '::1', 'surat', 'cetakSuratPerintah', '/eoffice/index.php?r=surat/cetakSuratPerintah&id=100', '2016-02-08 14:39:58'),
(1633, '197509152009012001', '::1', 'surat', 'pemeriksaan', '/eoffice/index.php?r=surat/pemeriksaan&id=100', '2016-02-08 14:40:31'),
(1634, '197509152009012001', '::1', 'surat', 'cetakSuratPerintah', '/eoffice/index.php?r=surat/cetakSuratPerintah&id=100', '2016-02-08 14:40:37'),
(1635, '197509152009012001', '::1', 'surat', 'pemeriksaan', '/eoffice/index.php?r=surat/pemeriksaan&id=100', '2016-02-08 14:40:44'),
(1636, '197509152009012001', '::1', 'surat', 'cetakSuratPerintah', '/eoffice/index.php?r=surat/cetakSuratPerintah&id=100', '2016-02-08 14:40:51'),
(1637, '197509152009012001', '::1', 'surat', 'pemeriksaan', '/eoffice/index.php?r=surat/pemeriksaan&id=100', '2016-02-08 14:40:58'),
(1638, '197509152009012001', '::1', 'surat', 'cetakSuratPerintah', '/eoffice/index.php?r=surat/cetakSuratPerintah&id=100', '2016-02-08 14:41:04'),
(1639, '197509152009012001', '::1', 'surat', 'create', '/eoffice/index.php?r=surat/create', '2016-02-08 14:41:14'),
(1640, '197509152009012001', '::1', 'surat', 'konsep', '/eoffice/index.php?r=surat/konsep&id=101', '2016-02-08 14:41:29'),
(1641, '197509152009012001', '::1', 'surat', 'cetakSuratPerintah', '/eoffice/index.php?r=surat/cetakSuratPerintah&id=101', '2016-02-08 14:41:36'),
(1642, '197509152009012001', '::1', 'surat', 'create', '/eoffice/index.php?r=surat/create', '2016-02-08 14:44:40'),
(1643, '197509152009012001', '::1', 'surat', 'create', '/eoffice/index.php?r=surat/create', '2016-02-08 14:45:18'),
(1644, '197509152009012001', '::1', 'surat', 'create', '/eoffice/index.php?r=surat/create', '2016-02-08 14:46:47'),
(1645, '197509152009012001', '::1', 'surat', 'create', '/eoffice/index.php?r=surat/create', '2016-02-08 14:48:45'),
(1646, '197509152009012001', '::1', 'surat', 'create', '/eoffice/index.php?r=surat/create', '2016-02-08 14:49:41'),
(1647, '197509152009012001', '::1', 'surat', 'create', '/eoffice/index.php?r=surat/create', '2016-02-08 14:50:20'),
(1648, '197509152009012001', '::1', 'surat', 'create', '/eoffice/index.php?r=surat/create', '2016-02-08 14:53:44'),
(1649, '197509152009012001', '::1', 'surat', 'create', '/eoffice/index.php?r=surat/create', '2016-02-08 14:54:03'),
(1650, '197509152009012001', '::1', 'surat', 'create', '/eoffice/index.php?r=surat/create', '2016-02-08 14:54:25'),
(1651, '197509152009012001', '::1', 'surat', 'create', '/eoffice/index.php?r=surat/create', '2016-02-08 14:54:39'),
(1652, '197509152009012001', '::1', 'surat', 'create', '/eoffice/index.php?r=surat/create', '2016-02-08 14:54:59'),
(1653, '197509152009012001', '::1', 'surat', 'create', '/eoffice/index.php?r=surat/create', '2016-02-08 14:55:14'),
(1654, '197509152009012001', '::1', 'surat', 'konsep', '/eoffice/index.php?r=surat/konsep&id=102', '2016-02-08 14:55:28'),
(1655, '197509152009012001', '::1', 'surat', 'cetakSuratDinas', '/eoffice/index.php?r=surat/cetakSuratDinas&id=102', '2016-02-08 14:55:34'),
(1656, '197509152009012001', '::1', 'surat', 'create', '/eoffice/index.php?r=surat/create', '2016-02-08 15:01:53'),
(1657, '197509152009012001', '::1', 'surat', 'konsep', '/eoffice/index.php?r=surat/konsep&id=103', '2016-02-08 15:02:12'),
(1658, '197509152009012001', '::1', 'surat', 'cetakSuratPerintah', '/eoffice/index.php?r=surat/cetakSuratPerintah&id=103', '2016-02-08 15:02:18'),
(1659, '197509152009012001', '::1', 'surat', 'create', '/eoffice/index.php?r=surat/create', '2016-02-08 15:04:03'),
(1660, '197509152009012001', '::1', 'surat', 'konsep', '/eoffice/index.php?r=surat/konsep&id=104', '2016-02-08 15:04:23'),
(1661, '197509152009012001', '::1', 'surat', 'cetakSuratPerintah', '/eoffice/index.php?r=surat/cetakSuratPerintah&id=104', '2016-02-08 15:04:29'),
(1662, '197509152009012001', '::1', 'surat', 'create', '/eoffice/index.php?r=surat/create', '2016-02-08 15:06:34'),
(1663, '197509152009012001', '::1', 'surat', 'konsep', '/eoffice/index.php?r=surat/konsep&id=105', '2016-02-08 15:06:56'),
(1664, '197509152009012001', '::1', 'surat', 'cetakSuratPerintah', '/eoffice/index.php?r=surat/cetakSuratPerintah&id=105', '2016-02-08 15:07:03'),
(1665, '197509152009012001', '::1', 'surat', 'konsep', '/eoffice/index.php?r=surat/konsep&id=105', '2016-02-08 15:07:14'),
(1666, '197509152009012001', '::1', 'surat', 'cetakSuratPerintah', '/eoffice/index.php?r=surat/cetakSuratPerintah&id=105', '2016-02-08 15:07:19'),
(1667, '197509152009012001', '::1', 'surat', 'konsep', '/eoffice/index.php?Jabatan%5Bnama%5D=data&Jabatan_page=1&ajax=pegawai-grid&id=105&r=surat%2Fkonsep', '2016-02-08 15:07:35'),
(1668, '197509152009012001', '::1', 'surat', 'create', '/eoffice/index.php?r=surat/create', '2016-02-08 15:07:51'),
(1669, '197509152009012001', '::1', 'surat', 'konsep', '/eoffice/index.php?r=surat/konsep&id=106', '2016-02-08 15:08:05'),
(1670, '197509152009012001', '::1', 'surat', 'cetakMemo', '/eoffice/index.php?r=surat/cetakMemo&id=106', '2016-02-08 15:08:11'),
(1671, '197509152009012001', '::1', 'surat', 'konsep', '/eoffice/index.php?r=surat/konsep&id=106', '2016-02-08 15:15:38'),
(1672, '197509152009012001', '::1', 'surat', 'cetakMemo', '/eoffice/index.php?r=surat/cetakMemo&id=106', '2016-02-08 15:15:44'),
(1673, '197509152009012001', '::1', 'pegawai', 'draf', '/eoffice/index.php?r=pegawai/draf&status=konsep', '2016-02-08 15:18:50'),
(1674, '197509152009012001', '::1', 'surat', 'konsep', '/eoffice/index.php?r=surat/konsep&id=104', '2016-02-08 15:19:11'),
(1675, '197509152009012001', '::1', 'surat', 'cetakSuratPerintah', '/eoffice/index.php?r=surat/cetakSuratPerintah&id=104', '2016-02-08 15:19:17'),
(1676, '197509152009012001', '::1', 'surat', 'konsep', '/eoffice/index.php?r=surat/konsep&id=104', '2016-02-08 15:24:01'),
(1677, '197509152009012001', '::1', 'surat', 'cetakSuratPerintah', '/eoffice/index.php?r=surat/cetakSuratPerintah&id=104', '2016-02-08 15:24:08'),
(1678, '197509152009012001', '::1', 'surat', 'konsep', '/eoffice/index.php?r=surat/konsep&id=104', '2016-02-08 15:24:28'),
(1679, '197509152009012001', '::1', 'surat', 'cetakSuratPerintah', '/eoffice/index.php?r=surat/cetakSuratPerintah&id=104', '2016-02-08 15:24:34'),
(1680, '197509152009012001', '::1', 'surat', 'konsep', '/eoffice/index.php?r=surat/konsep&id=104', '2016-02-08 15:25:26'),
(1681, '197509152009012001', '::1', 'surat', 'cetakSuratPerintah', '/eoffice/index.php?r=surat/cetakSuratPerintah&id=104', '2016-02-08 15:25:33'),
(1682, '197509152009012001', '::1', 'surat', 'konsep', '/eoffice/index.php?r=surat/konsep&id=104', '2016-02-08 15:34:57'),
(1683, '197509152009012001', '::1', 'surat', 'cetakSuratPerintah', '/eoffice/index.php?r=surat/cetakSuratPerintah&id=104', '2016-02-08 15:35:03'),
(1684, '197509152009012001', '::1', 'surat', 'konsep', '/eoffice/index.php?r=surat/konsep&id=104', '2016-02-08 15:36:05'),
(1685, '197509152009012001', '::1', 'surat', 'cetakSuratPerintah', '/eoffice/index.php?r=surat/cetakSuratPerintah&id=104', '2016-02-08 15:36:12'),
(1686, '197509152009012001', '::1', 'surat', 'konsep', '/eoffice/index.php?r=surat/konsep&id=104', '2016-02-08 15:38:36'),
(1687, '197509152009012001', '::1', 'surat', 'cetakSuratPerintah', '/eoffice/index.php?r=surat/cetakSuratPerintah&id=104', '2016-02-08 15:38:43'),
(1688, '197509152009012001', '::1', 'surat', 'konsep', '/eoffice/index.php?r=surat/konsep&id=104', '2016-02-08 15:40:21'),
(1689, '197509152009012001', '::1', 'surat', 'cetakSuratPerintah', '/eoffice/index.php?r=surat/cetakSuratPerintah&id=104', '2016-02-08 15:40:28'),
(1690, '197509152009012001', '::1', 'surat', 'konsep', '/eoffice/index.php?r=surat/konsep&id=104', '2016-02-08 15:40:54'),
(1691, '197509152009012001', '::1', 'surat', 'cetakSuratPerintah', '/eoffice/index.php?r=surat/cetakSuratPerintah&id=104', '2016-02-08 15:41:01'),
(1692, '197509152009012001', '::1', 'surat', 'konsep', '/eoffice/index.php?r=surat/konsep&id=104', '2016-02-08 15:42:24'),
(1693, '197509152009012001', '::1', 'surat', 'cetakSuratPerintah', '/eoffice/index.php?r=surat/cetakSuratPerintah&id=104', '2016-02-08 15:42:31'),
(1694, '197509152009012001', '::1', 'surat', 'konsep', '/eoffice/index.php?r=surat/konsep&id=104', '2016-02-08 15:42:38'),
(1695, '197509152009012001', '::1', 'surat', 'cetakSuratPerintah', '/eoffice/index.php?r=surat/cetakSuratPerintah&id=104', '2016-02-08 15:42:44'),
(1696, '197509152009012001', '::1', 'surat', 'konsep', '/eoffice/index.php?r=surat/konsep&id=104', '2016-02-08 15:42:51'),
(1697, '197509152009012001', '::1', 'surat', 'cetakSuratPerintah', '/eoffice/index.php?r=surat/cetakSuratPerintah&id=104', '2016-02-08 15:42:58'),
(1698, '197509152009012001', '::1', 'surat', 'konsep', '/eoffice/index.php?r=surat/konsep&id=104', '2016-02-08 15:43:03'),
(1699, '197509152009012001', '::1', 'surat', 'cetakSuratPerintah', '/eoffice/index.php?r=surat/cetakSuratPerintah&id=104', '2016-02-08 15:43:10'),
(1700, '197509152009012001', '::1', 'surat', 'konsep', '/eoffice/index.php?r=surat/konsep&id=104', '2016-02-08 15:43:46'),
(1701, '197509152009012001', '::1', 'surat', 'cetakSuratPerintah', '/eoffice/index.php?r=surat/cetakSuratPerintah&id=104', '2016-02-08 15:43:53'),
(1702, '197509152009012001', '::1', 'surat', 'konsep', '/eoffice/index.php?r=surat/konsep&id=104', '2016-02-08 15:46:23'),
(1703, '197509152009012001', '::1', 'surat', 'cetakSuratPerintah', '/eoffice/index.php?r=surat/cetakSuratPerintah&id=104', '2016-02-08 15:46:29'),
(1704, '197509152009012001', '::1', 'surat', 'konsep', '/eoffice/index.php?r=surat/konsep&id=104', '2016-02-08 15:47:23'),
(1705, '197509152009012001', '::1', 'surat', 'cetakSuratPerintah', '/eoffice/index.php?r=surat/cetakSuratPerintah&id=104', '2016-02-08 15:47:30'),
(1706, '197509152009012001', '::1', 'surat', 'konsep', '/eoffice/index.php?r=surat/konsep&id=104', '2016-02-08 15:48:16'),
(1707, '197509152009012001', '::1', 'surat', 'cetakSuratPerintah', '/eoffice/index.php?r=surat/cetakSuratPerintah&id=104', '2016-02-08 15:48:23'),
(1708, '197509152009012001', '::1', 'surat', 'konsep', '/eoffice/index.php?r=surat/konsep&id=104', '2016-02-08 15:49:21'),
(1709, '197509152009012001', '::1', 'surat', 'cetakSuratPerintah', '/eoffice/index.php?r=surat/cetakSuratPerintah&id=104', '2016-02-08 15:49:28'),
(1710, '197509152009012001', '::1', 'surat', 'konsep', '/eoffice/index.php?r=surat/konsep&id=104', '2016-02-08 15:51:21'),
(1711, '197509152009012001', '::1', 'surat', 'cetakSuratPerintah', '/eoffice/index.php?r=surat/cetakSuratPerintah&id=104', '2016-02-08 15:51:29'),
(1712, '197509152009012001', '::1', 'surat', 'konsep', '/eoffice/index.php?r=surat/konsep&id=104', '2016-02-08 15:52:51'),
(1713, '197509152009012001', '::1', 'surat', 'cetakSuratPerintah', '/eoffice/index.php?r=surat/cetakSuratPerintah&id=104', '2016-02-08 15:52:58'),
(1714, '197509152009012001', '::1', 'surat', 'konsep', '/eoffice/index.php?r=surat/konsep&id=104', '2016-02-08 15:55:02'),
(1715, '197509152009012001', '::1', 'surat', 'cetakSuratPerintah', '/eoffice/index.php?r=surat/cetakSuratPerintah&id=104', '2016-02-08 15:55:08'),
(1716, '197509152009012001', '::1', 'surat', 'konsep', '/eoffice/index.php?r=surat/konsep&id=104', '2016-02-08 15:55:39'),
(1717, '197509152009012001', '::1', 'surat', 'cetakSuratPerintah', '/eoffice/index.php?r=surat/cetakSuratPerintah&id=104', '2016-02-08 15:55:47'),
(1718, '197509152009012001', '::1', 'surat', 'konsep', '/eoffice/index.php?r=surat/konsep&id=104', '2016-02-08 15:56:45'),
(1719, '197509152009012001', '::1', 'surat', 'cetakSuratPerintah', '/eoffice/index.php?r=surat/cetakSuratPerintah&id=104', '2016-02-08 15:56:53'),
(1720, '197509152009012001', '::1', 'surat', 'konsep', '/eoffice/index.php?r=surat/konsep&id=104', '2016-02-08 15:58:55'),
(1721, '197509152009012001', '::1', 'surat', 'cetakSuratPerintah', '/eoffice/index.php?r=surat/cetakSuratPerintah&id=104', '2016-02-08 15:59:03'),
(1722, '197509152009012001', '::1', 'surat', 'konsep', '/eoffice/index.php?r=surat/konsep&id=104', '2016-02-08 15:59:35'),
(1723, '197509152009012001', '::1', 'surat', 'cetakSuratPerintah', '/eoffice/index.php?r=surat/cetakSuratPerintah&id=104', '2016-02-08 15:59:42'),
(1724, '197509152009012001', '::1', 'surat', 'konsep', '/eoffice/index.php?r=surat/konsep&id=104', '2016-02-08 16:00:20'),
(1725, '197509152009012001', '::1', 'surat', 'cetakSuratPerintah', '/eoffice/index.php?r=surat/cetakSuratPerintah&id=104', '2016-02-08 16:00:28'),
(1726, '197509152009012001', '::1', 'surat', 'konsep', '/eoffice/index.php?r=surat/konsep&id=104', '2016-02-08 16:00:59'),
(1727, '197509152009012001', '::1', 'surat', 'cetakSuratPerintah', '/eoffice/index.php?r=surat/cetakSuratPerintah&id=104', '2016-02-08 16:01:08'),
(1728, '197509152009012001', '::1', 'surat', 'konsep', '/eoffice/index.php?r=surat/konsep&id=104', '2016-02-08 16:01:36'),
(1729, '197509152009012001', '::1', 'surat', 'cetakSuratPerintah', '/eoffice/index.php?r=surat/cetakSuratPerintah&id=104', '2016-02-08 16:01:45'),
(1730, '197509152009012001', '::1', 'surat', 'konsep', '/eoffice/index.php?r=surat/konsep&id=104', '2016-02-08 16:04:53'),
(1731, '197509152009012001', '::1', 'surat', 'cetakSuratPerintah', '/eoffice/index.php?r=surat/cetakSuratPerintah&id=104', '2016-02-08 16:05:00'),
(1732, '197509152009012001', '::1', 'surat', 'konsep', '/eoffice/index.php?r=surat/konsep&id=104', '2016-02-08 16:06:10'),
(1733, '197509152009012001', '::1', 'surat', 'cetakSuratPerintah', '/eoffice/index.php?r=surat/cetakSuratPerintah&id=104', '2016-02-08 16:06:18'),
(1734, '197509152009012001', '::1', 'surat', 'konsep', '/eoffice/index.php?r=surat/konsep&id=104', '2016-02-08 16:07:25'),
(1735, '197509152009012001', '::1', 'surat', 'cetakSuratPerintah', '/eoffice/index.php?r=surat/cetakSuratPerintah&id=104', '2016-02-08 16:07:32'),
(1736, '197509152009012001', '::1', 'surat', 'konsep', '/eoffice/index.php?r=surat/konsep&id=104', '2016-02-08 16:07:40'),
(1737, '197509152009012001', '::1', 'surat', 'cetakSuratPerintah', '/eoffice/index.php?r=surat/cetakSuratPerintah&id=104', '2016-02-08 16:07:54'),
(1738, '197509152009012001', '::1', 'surat', 'konsep', '/eoffice/index.php?r=surat/konsep&id=104', '2016-02-08 16:10:23'),
(1739, '197509152009012001', '::1', 'surat', 'cetakSuratPerintah', '/eoffice/index.php?r=surat/cetakSuratPerintah&id=104', '2016-02-08 16:10:33'),
(1740, '197509152009012001', '::1', 'surat', 'konsep', '/eoffice/index.php?r=surat/konsep&id=104', '2016-02-08 16:10:47'),
(1741, '197509152009012001', '::1', 'surat', 'cetakSuratPerintah', '/eoffice/index.php?r=surat/cetakSuratPerintah&id=104', '2016-02-08 16:10:55'),
(1742, '197509152009012001', '::1', 'surat', 'konsep', '/eoffice/index.php?r=surat/konsep&id=104', '2016-02-08 16:11:27'),
(1743, '197509152009012001', '::1', 'surat', 'cetakSuratPerintah', '/eoffice/index.php?r=surat/cetakSuratPerintah&id=104', '2016-02-08 16:11:35'),
(1744, '197509152009012001', '::1', 'surat', 'konsep', '/eoffice/index.php?r=surat/konsep&id=104', '2016-02-08 16:12:02'),
(1745, '197509152009012001', '::1', 'surat', 'cetakSuratPerintah', '/eoffice/index.php?r=surat/cetakSuratPerintah&id=104', '2016-02-08 16:12:11'),
(1746, '197509152009012001', '::1', 'surat', 'konsep', '/eoffice/index.php?r=surat/konsep&id=104', '2016-02-08 16:14:42'),
(1747, '197509152009012001', '::1', 'surat', 'cetakSuratPerintah', '/eoffice/index.php?r=surat/cetakSuratPerintah&id=104', '2016-02-08 16:14:51'),
(1748, '197509152009012001', '::1', 'surat', 'konsep', '/eoffice/index.php?r=surat/konsep&id=104', '2016-02-08 16:16:48'),
(1749, '197509152009012001', '::1', 'surat', 'cetakSuratPerintah', '/eoffice/index.php?r=surat/cetakSuratPerintah&id=104', '2016-02-08 16:16:56'),
(1750, '197509152009012001', '::1', 'surat', 'konsep', '/eoffice/index.php?r=surat/konsep&id=104', '2016-02-08 16:19:52'),
(1751, '197509152009012001', '::1', 'surat', 'cetakSuratPerintah', '/eoffice/index.php?r=surat/cetakSuratPerintah&id=104', '2016-02-08 16:20:00'),
(1752, '197509152009012001', '::1', 'surat', 'konsep', '/eoffice/index.php?r=surat/konsep&id=104', '2016-02-08 16:22:02'),
(1753, '197509152009012001', '::1', 'surat', 'cetakSuratPerintah', '/eoffice/index.php?r=surat/cetakSuratPerintah&id=104', '2016-02-08 16:22:11'),
(1754, '197509152009012001', '::1', 'surat', 'konsep', '/eoffice/index.php?r=surat/konsep&id=104', '2016-02-08 16:22:34'),
(1755, '197509152009012001', '::1', 'surat', 'cetakSuratPerintah', '/eoffice/index.php?r=surat/cetakSuratPerintah&id=104', '2016-02-08 16:22:43'),
(1756, '197509152009012001', '::1', 'surat', 'konsep', '/eoffice/index.php?r=surat/konsep&id=104', '2016-02-08 16:24:30'),
(1757, '197509152009012001', '::1', 'surat', 'cetakSuratPerintah', '/eoffice/index.php?r=surat/cetakSuratPerintah&id=104', '2016-02-08 16:24:40'),
(1758, '197509152009012001', '::1', 'surat', 'konsep', '/eoffice/index.php?r=surat/konsep&id=104', '2016-02-08 16:25:01'),
(1759, '197509152009012001', '::1', 'surat', 'cetakSuratPerintah', '/eoffice/index.php?r=surat/cetakSuratPerintah&id=104', '2016-02-08 16:25:09'),
(1760, '197509152009012001', '::1', 'surat', 'konsep', '/eoffice/index.php?r=surat/konsep&id=104', '2016-02-08 16:26:25'),
(1761, '197509152009012001', '::1', 'surat', 'cetakSuratPerintah', '/eoffice/index.php?r=surat/cetakSuratPerintah&id=104', '2016-02-08 16:26:32'),
(1762, '197509152009012001', '::1', 'surat', 'konsep', '/eoffice/index.php?r=surat/konsep&id=104', '2016-02-08 16:29:50'),
(1763, '197509152009012001', '::1', 'surat', 'cetakSuratPerintah', '/eoffice/index.php?r=surat/cetakSuratPerintah&id=104', '2016-02-08 16:29:59'),
(1764, '197509152009012001', '::1', 'surat', 'konsep', '/eoffice/index.php?r=surat/konsep&id=104', '2016-02-08 16:30:36'),
(1765, '197509152009012001', '::1', 'surat', 'cetakSuratPerintah', '/eoffice/index.php?r=surat/cetakSuratPerintah&id=104', '2016-02-08 16:30:45'),
(1766, '197509152009012001', '::1', 'surat', 'konsep', '/eoffice/index.php?r=surat/konsep&id=104', '2016-02-08 16:31:15'),
(1767, '197509152009012001', '::1', 'surat', 'cetakSuratPerintah', '/eoffice/index.php?r=surat/cetakSuratPerintah&id=104', '2016-02-08 16:31:23'),
(1768, '197509152009012001', '::1', 'surat', 'konsep', '/eoffice/index.php?r=surat/konsep&id=104', '2016-02-08 16:31:55'),
(1769, '197509152009012001', '::1', 'surat', 'cetakSuratPerintah', '/eoffice/index.php?r=surat/cetakSuratPerintah&id=104', '2016-02-08 16:32:02'),
(1770, '197509152009012001', '::1', 'surat', 'konsep', '/eoffice/index.php?r=surat/konsep&id=104', '2016-02-08 16:32:41'),
(1771, '197509152009012001', '::1', 'surat', 'cetakSuratPerintah', '/eoffice/index.php?r=surat/cetakSuratPerintah&id=104', '2016-02-08 16:32:49'),
(1772, '197509152009012001', '::1', 'surat', 'konsep', '/eoffice/index.php?r=surat/konsep&id=104', '2016-02-08 16:34:27'),
(1773, '197509152009012001', '::1', 'surat', 'konsep', '/eoffice/index.php?r=surat/konsep&id=104', '2016-02-08 16:34:30'),
(1774, '197509152009012001', '::1', 'surat', 'cetakSuratPerintah', '/eoffice/index.php?r=surat/cetakSuratPerintah&id=104', '2016-02-08 16:34:38'),
(1775, '197509152009012001', '::1', 'surat', 'konsep', '/eoffice/index.php?r=surat/konsep&id=104', '2016-02-08 16:35:55'),
(1776, '197509152009012001', '::1', 'surat', 'cetakSuratPerintah', '/eoffice/index.php?r=surat/cetakSuratPerintah&id=104', '2016-02-08 16:36:03'),
(1777, '197509152009012001', '::1', 'surat', 'konsep', '/eoffice/index.php?r=surat/konsep&id=104', '2016-02-08 16:36:36'),
(1778, '197509152009012001', '::1', 'surat', 'cetakSuratPerintah', '/eoffice/index.php?r=surat/cetakSuratPerintah&id=104', '2016-02-08 16:36:43'),
(1779, '197509152009012001', '::1', 'surat', 'konsep', '/eoffice/index.php?r=surat/konsep&id=104', '2016-02-08 16:38:20'),
(1780, '197509152009012001', '::1', 'surat', 'cetakSuratPerintah', '/eoffice/index.php?r=surat/cetakSuratPerintah&id=104', '2016-02-08 16:38:27'),
(1781, 'bakamla', '::1', 'admin', 'index', '/eoffice/index.php?r=admin/index', '2016-02-08 20:41:04'),
(1782, '197509152009012001', '::1', 'surat', 'konsep', '/eoffice/index.php?r=surat/konsep&id=104', '2016-02-08 20:41:44'),
(1783, '197509152009012001', '::1', 'surat', 'cetakSuratPerintah', '/eoffice/index.php?r=surat/cetakSuratPerintah&id=104', '2016-02-08 20:41:50'),
(1784, '197509152009012001', '::1', 'surat', 'konsep', '/eoffice/index.php?r=surat/konsep&id=104', '2016-02-08 20:41:58'),
(1785, '197509152009012001', '::1', 'surat', 'cetakSuratPerintah', '/eoffice/index.php?r=surat/cetakSuratPerintah&id=104', '2016-02-08 20:42:05'),
(1786, '197509152009012001', '::1', 'surat', 'paraf', '/eoffice/index.php?r=surat/paraf&id=92', '2016-02-08 20:42:51'),
(1787, '197509152009012001', '::1', 'surat', 'cetakMemo', '/eoffice/index.php?r=surat/cetakMemo&id=92', '2016-02-08 20:42:57'),
(1788, '197509152009012001', '::1', 'distribusi', 'view', '/eoffice/index.php?r=distribusi/view&id=87', '2016-02-08 20:43:00'),
(1789, '197509152009012001', '::1', 'surat', 'create', '/eoffice/index.php?r=surat/create', '2016-02-08 20:43:24'),
(1790, '197509152009012001', '::1', 'surat', 'konsep', '/eoffice/index.php?r=surat/konsep&id=107', '2016-02-08 20:43:41'),
(1791, '197509152009012001', '::1', 'surat', 'cetakMemo', '/eoffice/index.php?r=surat/cetakMemo&id=107', '2016-02-08 20:43:47'),
(1792, '197509152009012001', '::1', 'surat', 'konsep', '/eoffice/index.php?r=surat/konsep&id=107', '2016-02-08 20:44:40'),
(1793, '197509152009012001', '::1', 'surat', 'cetakMemo', '/eoffice/index.php?r=surat/cetakMemo&id=107', '2016-02-08 20:44:51'),
(1794, '197509152009012001', '::1', 'surat', 'konsep', '/eoffice/index.php?r=surat/konsep&id=107', '2016-02-08 20:44:55'),
(1795, '197509152009012001', '::1', 'surat', 'cetakMemo', '/eoffice/index.php?r=surat/cetakMemo&id=107', '2016-02-08 20:45:01'),
(1796, '197509152009012001', '::1', 'surat', 'konsep', '/eoffice/index.php?r=surat/konsep&id=107', '2016-02-08 20:45:30'),
(1797, '197509152009012001', '::1', 'surat', 'cetakMemo', '/eoffice/index.php?r=surat/cetakMemo&id=107', '2016-02-08 20:45:36'),
(1798, '197509152009012001', '::1', 'surat', 'konsep', '/eoffice/index.php?r=surat/konsep&id=107', '2016-02-08 20:45:49'),
(1799, '197509152009012001', '::1', 'surat', 'cetakMemo', '/eoffice/index.php?r=surat/cetakMemo&id=107', '2016-02-08 20:45:55'),
(1800, '197509152009012001', '::1', 'surat', 'disetujui', '/eoffice/index.php?r=surat/disetujui&id=107', '2016-02-08 20:47:36'),
(1801, '197509152009012001', '::1', 'surat', 'cetakMemo', '/eoffice/index.php?r=surat/cetakMemo&id=107', '2016-02-08 20:47:42'),
(1802, '197509152009012001', '::1', 'surat', 'publish', '/eoffice/index.php?r=surat/publish&id=107', '2016-02-08 20:47:58'),
(1803, '197509152009012001', '::1', 'surat', 'view', '/eoffice/index.php?r=surat/view&id=107', '2016-02-08 20:48:08'),
(1804, '197509152009012001', '::1', 'surat', 'cetakMemo', '/eoffice/index.php?r=surat/cetakMemo&id=107', '2016-02-08 20:48:14'),
(1805, '197509152009012001', '::1', 'pegawai', 'surat', '/eoffice/index.php?r=pegawai/surat&sumber=dibuat', '2016-02-08 20:55:25'),
(1806, '197509152009012001', '::1', 'surat', 'view', '/eoffice/index.php?r=surat/view&id=107', '2016-02-08 20:55:32'),
(1807, '197509152009012001', '::1', 'pegawai', 'distribusi', '/eoffice/index.php?r=pegawai/distribusi&id_distribusi_jenis=2', '2016-02-08 20:55:41'),
(1808, '197509152009012001', '::1', 'pegawai', 'distribusi', '/eoffice/index.php?r=pegawai/distribusi&id_distribusi_jenis=1', '2016-02-08 20:55:48'),
(1809, '197509152009012001', '::1', 'pegawai', 'distribusi', '/eoffice/index.php?r=pegawai/distribusi&id_distribusi_jenis=1', '2016-02-08 20:56:34'),
(1810, '197509152009012001', '::1', 'pegawai', 'distribusi', '/eoffice/index.php?r=pegawai/distribusi&id_distribusi_jenis=1', '2016-02-08 20:57:25'),
(1811, '197509152009012001', '::1', 'pegawai', 'index', '/eoffice/index.php?r=pegawai/index', '2016-02-08 20:58:14'),
(1812, '197509152009012001', '::1', 'pegawai', 'index', '/eoffice/index.php?r=pegawai/index', '2016-02-08 20:58:35'),
(1813, '197509152009012001', '::1', 'pegawai', 'index', '/eoffice/index.php?r=pegawai/index', '2016-02-08 20:59:09'),
(1814, '197509152009012001', '::1', 'pegawai', 'distribusi', '/eoffice/index.php?r=pegawai/distribusi&id_distribusi_jenis=1', '2016-02-08 21:01:15'),
(1815, '197509152009012001', '::1', 'distribusi', 'view', '/eoffice/index.php?r=distribusi/view&id=87', '2016-02-08 21:01:20'),
(1816, '197509152009012001', '::1', 'surat', 'view', '/eoffice/index.php?r=surat/view&id=85', '2016-02-08 21:01:35'),
(1817, '197509152009012001', '::1', 'pegawai', 'surat', '/eoffice/index.php?r=pegawai/surat&sumber=dibuat', '2016-02-08 21:01:45'),
(1818, '197509152009012001', '::1', 'surat', 'view', '/eoffice/index.php?r=surat/view&id=85', '2016-02-08 21:01:53'),
(1819, '197509152009012001', '::1', 'surat', 'view', '/eoffice/index.php?r=surat/view&id=85', '2016-02-08 21:02:19'),
(1820, '197509152009012001', '::1', 'pegawai', 'distribusi', '/eoffice/index.php?r=pegawai/distribusi&id_distribusi_jenis=1', '2016-02-08 21:02:48'),
(1821, '197509152009012001', '::1', 'pegawai', 'profil', '/eoffice/index.php?r=pegawai/profil', '2016-02-08 21:03:49'),
(1822, '197509152009012001', '::1', 'pegawai', 'distribusi', '/eoffice/index.php?r=pegawai/distribusi&id_distribusi_jenis=2', '2016-02-08 21:03:52'),
(1823, '197509152009012001', '::1', 'pegawai', 'distribusi', '/eoffice/index.php?r=pegawai/distribusi&id_distribusi_jenis=3', '2016-02-08 21:03:56'),
(1824, '197509152009012001', '::1', 'pegawai', 'distribusi', '/eoffice/index.php?r=pegawai/distribusi&id_distribusi_jenis=1', '2016-02-08 21:06:45'),
(1825, '197509152009012001', '::1', 'pegawai', 'paraf', '/eoffice/index.php?r=pegawai/paraf', '2016-02-08 21:06:49'),
(1826, '197509152009012001', '::1', 'surat', 'paraf', '/eoffice/index.php?r=surat/paraf&id=92', '2016-02-08 21:06:54'),
(1827, '197509152009012001', '::1', 'surat', 'cetakMemo', '/eoffice/index.php?r=surat/cetakMemo&id=92', '2016-02-08 21:06:59'),
(1828, '197509152009012001', '::1', 'pegawai', 'paraf', '/eoffice/index.php?r=pegawai/paraf', '2016-02-08 21:07:14'),
(1829, '197509152009012001', '::1', 'pegawai', 'paraf', '/eoffice/index.php?r=pegawai/paraf', '2016-02-08 21:07:58'),
(1830, '197509152009012001', '::1', 'pegawai', 'siapTerbit', '/eoffice/index.php?r=pegawai/siapTerbit', '2016-02-08 21:08:10'),
(1831, '197509152009012001', '::1', 'pegawai', 'distribusi', '/eoffice/index.php?r=pegawai/distribusi&id_distribusi_jenis=3', '2016-02-08 21:08:18'),
(1832, '197509152009012001', '::1', 'pegawai', 'distribusi', '/eoffice/index.php?r=pegawai/distribusi&id_distribusi_jenis=2', '2016-02-08 21:08:21'),
(1833, '197509152009012001', '::1', 'pegawai', 'distribusi', '/eoffice/index.php?r=pegawai/distribusi&id_distribusi_jenis=1', '2016-02-08 21:08:25'),
(1834, '197509152009012001', '::1', 'pegawai', 'distribusi', '/eoffice/index.php?r=pegawai/distribusi&id_distribusi_jenis=2', '2016-02-08 21:08:37'),
(1835, '197509152009012001', '::1', 'pegawai', 'distribusi', '/eoffice/index.php?r=pegawai/distribusi&id_distribusi_jenis=3', '2016-02-08 21:08:40');

-- --------------------------------------------------------

--
-- Struktur dari tabel `memo`
--

CREATE TABLE IF NOT EXISTS `memo` (
  `id` int(11) NOT NULL AUTO_INCREMENT,
  `perihal` varchar(255) DEFAULT NULL,
  `isi` text,
  `id_jabatan_pembuat` int(11) DEFAULT NULL,
  `username_pembuat` varchar(255) DEFAULT NULL,
  `waktu_dibuat` datetime DEFAULT NULL,
  PRIMARY KEY (`id`)
) ENGINE=InnoDB DEFAULT CHARSET=latin1 AUTO_INCREMENT=1 ;

-- --------------------------------------------------------

--
-- Struktur dari tabel `paraf`
--

CREATE TABLE IF NOT EXISTS `paraf` (
  `id` int(11) NOT NULL AUTO_INCREMENT,
  `id_surat` int(11) DEFAULT NULL,
  `urutan` int(11) DEFAULT NULL,
  `urutan_tampil` int(11) DEFAULT NULL,
  `id_jabatan` int(11) DEFAULT NULL,
  `username_pemaraf` varchar(255) DEFAULT NULL,
  `keterangan` text,
  `id_paraf_status` int(11) DEFAULT NULL,
  `waktu_dilihat` datetime DEFAULT NULL,
  `waktu_disetujui` datetime DEFAULT NULL,
  PRIMARY KEY (`id`)
) ENGINE=InnoDB  DEFAULT CHARSET=latin1 AUTO_INCREMENT=259 ;

--
-- Dumping data untuk tabel `paraf`
--

INSERT INTO `paraf` (`id`, `id_surat`, `urutan`, `urutan_tampil`, `id_jabatan`, `username_pemaraf`, `keterangan`, `id_paraf_status`, `waktu_dilihat`, `waktu_disetujui`) VALUES
(1, 1, 1, 40, 39, '198204252009121001', NULL, 2, NULL, NULL),
(2, 1, 2, 30, 38, '197110211991101001', NULL, 2, NULL, NULL),
(3, 1, 3, 20, 20, '8326/P', NULL, 2, NULL, NULL),
(4, 1, 4, 84, 73, '196904062009011001', NULL, 2, NULL, NULL),
(5, 1, 5, 10, 5, '196003151980031002', NULL, 2, NULL, NULL),
(6, 1, 6, 80, 63, '198305012009012001', NULL, 2, NULL, NULL),
(7, 1, 7, 11, 15, '195812181979032001', NULL, 2, NULL, NULL),
(8, 1, 8, 82, 70, NULL, NULL, 2, NULL, NULL),
(9, 1, 9, 9, 2, '196105271985031001', NULL, 2, NULL, NULL),
(10, 1, 10, 81, 69, NULL, NULL, 2, NULL, NULL),
(11, 1, 11, 8, 1, '8312/P', NULL, 2, NULL, NULL),
(12, 2, 1, 40, 39, '198204252009121001', NULL, 2, NULL, NULL),
(13, 2, 2, 30, 38, '197110211991101001', NULL, 2, NULL, NULL),
(14, 2, 3, 20, 20, '8326/P', NULL, 2, NULL, NULL),
(15, 2, 4, 84, 73, '196904062009011001', NULL, 2, NULL, NULL),
(16, 2, 5, 10, 5, '196003151980031002', NULL, 2, NULL, NULL),
(17, 2, 6, 80, 63, '198305012009012001', NULL, 2, NULL, NULL),
(18, 2, 7, 11, 15, '195812181979032001', NULL, 2, NULL, NULL),
(19, 2, 8, 82, 70, NULL, NULL, 2, NULL, NULL),
(20, 2, 9, 9, 2, '196105271985031001', NULL, 2, NULL, NULL),
(21, 5, 1, 30, 45, NULL, NULL, 2, NULL, NULL),
(22, 5, 2, 20, 15, '195812181979032001', NULL, 2, NULL, NULL),
(23, 5, 3, 80, 63, '198305012009012001', NULL, 2, NULL, NULL),
(24, 5, 4, 11, 15, '195812181979032001', NULL, 2, NULL, NULL),
(25, 5, 5, 82, 70, NULL, NULL, 2, NULL, NULL),
(26, 5, 6, 9, 2, '196105271985031001', NULL, 2, NULL, NULL),
(27, 8, 1, 40, 145, '197805242009121001', NULL, 5, NULL, NULL),
(28, 8, 2, 30, 28, '61050798', NULL, 3, NULL, NULL),
(29, 8, 3, 20, 22, '10864/P', NULL, 2, NULL, NULL),
(30, 8, 4, 84, 73, '196904062009011001', NULL, 2, NULL, NULL),
(31, 8, 5, 10, 5, '196003151980031002', NULL, 2, NULL, NULL),
(32, 8, 6, 80, 63, '198305012009012001', NULL, 2, NULL, NULL),
(33, 8, 7, 11, 15, '195812181979032001', NULL, 2, NULL, NULL),
(34, 8, 8, 82, 70, NULL, NULL, 2, NULL, NULL),
(35, 8, 9, 9, 2, '196105271985031001', NULL, 2, NULL, NULL),
(36, 11, 1, 84, 74, NULL, NULL, 2, NULL, NULL),
(37, 11, 2, 10, 6, '60010951', NULL, 2, NULL, NULL),
(38, 11, 3, 80, 63, '198305012009012001', NULL, 2, NULL, NULL),
(39, 11, 4, 11, 15, '195812181979032001', NULL, 2, NULL, NULL),
(40, 11, 5, 82, 70, NULL, NULL, 2, NULL, NULL),
(41, 11, 6, 9, 2, '196105271985031001', NULL, 2, NULL, NULL),
(42, 15, 1, 40, 63, '198305012009012001', NULL, 2, NULL, NULL),
(43, 15, 2, 30, 45, '196301031983031001', NULL, 2, NULL, NULL),
(44, 15, 3, 20, 15, '195812181979032001', NULL, 2, NULL, NULL),
(45, 15, 4, 80, 63, '198305012009012001', NULL, 2, NULL, NULL),
(46, 15, 5, 11, 15, '195812181979032001', NULL, 2, NULL, NULL),
(47, 15, 6, 82, 70, NULL, NULL, 2, NULL, NULL),
(48, 15, 7, 9, 2, '196105271985031001', NULL, 2, NULL, NULL),
(49, 16, 1, 40, 63, '198305012009012001', NULL, 2, NULL, NULL),
(50, 16, 2, 30, 45, '196301031983031001', NULL, 2, NULL, NULL),
(51, 16, 3, 20, 15, '195812181979032001', NULL, 2, NULL, NULL),
(52, 16, 4, 80, 63, '198305012009012001', NULL, 2, NULL, NULL),
(53, 16, 5, 11, 15, '195812181979032001', NULL, 2, NULL, NULL),
(54, 16, 6, 82, 70, NULL, NULL, 2, NULL, NULL),
(55, 16, 7, 9, 2, '196105271985031001', NULL, 2, NULL, NULL),
(56, 17, 1, 40, 56, '198601192010121002', NULL, 2, NULL, NULL),
(57, 17, 2, 30, 42, '10091/P', NULL, 2, NULL, NULL),
(58, 17, 3, 20, 14, NULL, NULL, 2, NULL, NULL),
(59, 17, 4, 80, 63, '198305012009012001', NULL, 2, NULL, NULL),
(60, 17, 5, 11, 15, '195812181979032001', NULL, 2, NULL, NULL),
(61, 17, 6, 82, 70, NULL, NULL, 2, NULL, NULL),
(62, 17, 7, 9, 2, '196105271985031001', NULL, 2, NULL, NULL),
(63, 19, 1, 40, 39, '198204252009121001', NULL, 2, NULL, NULL),
(64, 19, 2, 30, 38, '197110211991101001', NULL, 2, NULL, NULL),
(65, 29, 1, 40, 146, '198003062009012001', NULL, 2, NULL, NULL),
(66, 30, 1, 30, 143, '197409082000031001', NULL, 2, NULL, NULL),
(67, 31, 1, 40, 150, '62010624', NULL, 2, NULL, NULL),
(68, 32, 1, 30, 144, '195909291995031001', NULL, 2, NULL, NULL),
(69, 33, 1, 30, 144, '195909291995031001', NULL, 2, NULL, NULL),
(70, 34, 1, 30, 144, '195909291995031001', NULL, 2, NULL, NULL),
(71, 35, 1, 30, 144, '195909291995031001', NULL, 2, NULL, NULL),
(72, 35, 2, 20, 22, '10864/P', NULL, 2, NULL, NULL),
(73, 35, 3, 84, 73, '196904062009011001', NULL, 2, NULL, NULL),
(74, 35, 4, 10, 5, '196003151980031002', NULL, 2, NULL, NULL),
(75, 35, 5, 80, 63, '198305012009012001', NULL, 2, NULL, NULL),
(76, 35, 6, 11, 15, '195812181979032001', NULL, 2, NULL, NULL),
(77, 35, 7, 82, 70, NULL, NULL, 2, NULL, NULL),
(78, 35, 8, 9, 2, '196105271985031001', NULL, 2, NULL, NULL),
(79, 35, 9, 81, 69, NULL, NULL, 2, NULL, NULL),
(80, 35, 10, 8, 1, '8312/P', NULL, 2, NULL, NULL),
(81, 36, 1, 30, 144, '195909291995031001', NULL, 2, NULL, NULL),
(82, 37, 1, 40, 146, '198003062009012001', NULL, 2, NULL, NULL),
(83, 38, 1, 30, 122, '9231/P', NULL, 2, NULL, NULL),
(84, 38, 2, 40, 24, '62080934', NULL, 2, NULL, NULL),
(85, 38, 3, 84, 74, '198412092009012001', NULL, 2, NULL, NULL),
(86, 38, 4, 10, 6, '60010951', NULL, 2, NULL, NULL),
(87, 38, 5, 80, 63, '198305012009012001', NULL, 2, NULL, NULL),
(88, 38, 6, 11, 15, '195812181979032001', NULL, 2, NULL, NULL),
(89, 38, 7, 82, 70, NULL, NULL, 2, NULL, NULL),
(90, 38, 8, 9, 2, '196105271985031001', NULL, 2, NULL, NULL),
(91, 39, 1, 40, 123, '198703122009121001', NULL, 2, NULL, NULL),
(92, 39, 2, 30, 120, '70060343', NULL, 2, NULL, NULL),
(93, 39, 3, 40, 24, '62080934', NULL, 2, NULL, NULL),
(94, 39, 4, 84, 74, '198412092009012001', NULL, 2, NULL, NULL),
(95, 39, 5, 10, 6, '60010951', NULL, 2, NULL, NULL),
(96, 39, 6, 80, 63, '198305012009012001', NULL, 2, NULL, NULL),
(97, 39, 7, 11, 15, '195812181979032001', NULL, 2, NULL, NULL),
(98, 39, 8, 82, 70, NULL, NULL, 2, NULL, NULL),
(99, 39, 9, 9, 2, '196105271985031001', NULL, 2, NULL, NULL),
(100, 40, 1, 40, 123, '198703122009121001', NULL, 2, NULL, NULL),
(101, 40, 2, 30, 120, '70060343', NULL, 2, NULL, NULL),
(102, 40, 3, 40, 24, '62080934', NULL, 2, NULL, NULL),
(103, 40, 4, 84, 74, '198412092009012001', NULL, 2, NULL, NULL),
(104, 40, 5, 10, 6, '60010951', NULL, 2, NULL, NULL),
(105, 40, 6, 80, 63, '198305012009012001', NULL, 2, NULL, NULL),
(106, 40, 7, 11, 15, '195812181979032001', NULL, 2, NULL, NULL),
(107, 40, 8, 82, 70, NULL, NULL, 2, NULL, NULL),
(108, 40, 9, 9, 2, '196105271985031001', NULL, 2, NULL, NULL),
(109, 41, 1, 40, 123, '198703122009121001', NULL, 2, NULL, NULL),
(110, 41, 2, 30, 120, '70060343', NULL, 2, NULL, NULL),
(111, 42, 1, 30, 25, '71100504', NULL, 2, NULL, NULL),
(112, 42, 2, 20, 20, '8326/P', NULL, 2, NULL, NULL),
(113, 42, 3, 84, 73, '196904062009011001', NULL, 2, NULL, NULL),
(114, 42, 4, 10, 5, '196003151980031002', NULL, 2, NULL, NULL),
(115, 42, 5, 80, 63, '198305012009012001', NULL, 2, NULL, NULL),
(116, 42, 6, 11, 15, '195812181979032001', NULL, 2, NULL, NULL),
(117, 42, 7, 82, 70, NULL, NULL, 2, NULL, NULL),
(118, 42, 8, 9, 2, '196105271985031001', NULL, 2, NULL, NULL),
(119, 43, 1, 30, 144, '195909291995031001', NULL, 2, NULL, NULL),
(120, 43, 2, 20, 22, '10864/P', NULL, 2, NULL, NULL),
(121, 43, 3, 84, 73, '196904062009011001', NULL, 2, NULL, NULL),
(122, 43, 4, 10, 5, '196003151980031002', NULL, 2, NULL, NULL),
(123, 43, 5, 80, 63, '198305012009012001', NULL, 2, NULL, NULL),
(124, 43, 6, 11, 15, '195812181979032001', NULL, 2, NULL, NULL),
(125, 43, 7, 82, 70, NULL, NULL, 2, NULL, NULL),
(126, 43, 8, 9, 2, '196105271985031001', NULL, 2, NULL, NULL),
(127, 43, 9, 81, 69, NULL, NULL, 2, NULL, NULL),
(128, 43, 10, 8, 1, '8312/P', NULL, 2, NULL, NULL),
(129, 44, 1, 40, 148, '198511142010122001', NULL, 2, NULL, NULL),
(130, 44, 2, 30, 143, '197409082000031001', NULL, 2, NULL, NULL),
(131, 45, 1, 40, 146, '198003062009012001', NULL, 2, NULL, NULL),
(132, 47, 1, 40, 150, '62010624', NULL, 2, NULL, NULL),
(133, 47, 2, 30, 144, '195909291995031001', NULL, 2, NULL, NULL),
(134, 47, 3, 20, 22, '10864/P', NULL, 2, NULL, NULL),
(135, 47, 4, 84, 73, '196904062009011001', NULL, 2, NULL, NULL),
(136, 47, 5, 10, 5, '196003151980031002', NULL, 2, NULL, NULL),
(137, 47, 6, 80, 63, '198305012009012001', NULL, 2, NULL, NULL),
(138, 47, 7, 11, 15, '195812181979032001', NULL, 2, NULL, NULL),
(139, 47, 8, 82, 70, NULL, NULL, 2, NULL, NULL),
(140, 47, 9, 9, 2, '196105271985031001', NULL, 2, NULL, NULL),
(141, 49, 1, 40, 66, '197509152009012001', NULL, 5, NULL, NULL),
(142, 49, 2, 30, 25, '71100504', NULL, 3, NULL, NULL),
(143, 55, 1, 84, 74, '198412092009012001', NULL, 2, NULL, NULL),
(144, 55, 2, 10, 6, '60010951', NULL, 2, NULL, NULL),
(145, 58, 1, 40, 108, '197510302009011002', NULL, 2, NULL, NULL),
(146, 58, 2, 30, 104, '197001171991101001', NULL, 2, NULL, NULL),
(147, 58, 3, 20, 103, '8904/P', NULL, 2, NULL, NULL),
(148, 58, 4, 84, 72, '198303132010121001', NULL, 2, NULL, NULL),
(149, 58, 5, 10, 4, '8655/P', NULL, 2, NULL, NULL),
(150, 58, 6, 80, 63, '198305012009012001', NULL, 2, NULL, NULL),
(151, 58, 7, 11, 15, '195812181979032001', NULL, 2, NULL, NULL),
(152, 58, 8, 82, 70, NULL, NULL, 2, NULL, NULL),
(153, 58, 9, 9, 2, '196105271985031001', NULL, 2, NULL, NULL),
(154, 61, 1, 40, 108, '197510302009011002', NULL, 2, NULL, NULL),
(155, 61, 2, 30, 104, '197001171991101001', NULL, 2, NULL, NULL),
(156, 61, 3, 20, 103, '8904/P', NULL, 2, NULL, NULL),
(157, 62, 1, 40, 108, '197510302009011002', NULL, 1, '2016-01-07 11:33:08', '2016-01-07 11:41:11'),
(158, 62, 2, 30, 104, '197001171991101001', NULL, 5, '2016-01-07 11:42:23', NULL),
(159, 62, 3, 20, 103, '8904/P', NULL, 1, '2016-01-07 11:48:19', '2016-01-07 11:48:32'),
(160, 65, 1, 40, 134, '197807182010121002', NULL, 1, '2016-01-08 14:02:25', '2016-01-08 14:09:56'),
(161, 65, 2, 30, 38, '197110211991101001', NULL, 3, '2016-01-08 14:31:36', NULL),
(162, 65, 3, 20, 20, '8326/P', NULL, 2, NULL, NULL),
(163, 65, 4, 84, 73, '196904062009011001', NULL, 2, NULL, NULL),
(164, 65, 5, 10, 5, '196003151980031002', NULL, 2, NULL, NULL),
(165, 72, 1, 40, 66, '197509152009012001', NULL, 2, NULL, NULL),
(166, 72, 2, 30, 25, '71100504', NULL, 2, NULL, NULL),
(167, 72, 3, 20, 20, '8326/P', NULL, 2, NULL, NULL),
(168, 72, 4, 84, 73, '196904062009011001', NULL, 2, NULL, NULL),
(169, 72, 5, 10, 5, '196003151980031002', NULL, 2, NULL, NULL),
(170, 72, 6, 80, 63, '198305012009012001', NULL, 2, NULL, NULL),
(171, 72, 7, 11, 15, '195812181979032001', NULL, 2, NULL, NULL),
(172, 72, 8, 82, 70, NULL, NULL, 2, NULL, NULL),
(173, 72, 9, 9, 2, '196105271985031001', NULL, 2, NULL, NULL),
(174, 73, 1, 40, 134, '197807182010121002', NULL, 2, NULL, NULL),
(175, 73, 2, 30, 38, '197110211991101001', NULL, 2, NULL, NULL),
(176, 73, 3, 20, 20, '8326/P', NULL, 2, NULL, NULL),
(177, 73, 4, 84, 73, '196904062009011001', NULL, 2, NULL, NULL),
(178, 73, 5, 10, 5, '196003151980031002', NULL, 2, NULL, NULL),
(179, 80, 1, 30, 144, '195909291995031001', NULL, 2, NULL, NULL),
(180, 80, 2, 30, 144, '195909291995031001', NULL, 2, NULL, NULL),
(181, 80, 3, 30, 144, '195909291995031001', NULL, 2, NULL, NULL),
(182, 80, 4, 30, 144, '195909291995031001', NULL, 2, NULL, NULL),
(183, 80, 5, 30, 144, '195909291995031001', NULL, 2, NULL, NULL),
(184, 87, 1, 40, 39, '198204252009121001', NULL, 1, '2016-01-19 11:13:52', '2016-01-19 11:15:29'),
(185, 87, 2, 30, 38, '197110211991101001', NULL, 3, NULL, NULL),
(186, 87, 3, 20, 20, '8326/P', NULL, 5, NULL, NULL),
(187, 87, 4, 84, 73, '196904062009011001', NULL, 2, NULL, NULL),
(188, 87, 5, 10, 5, '196003151980031002', NULL, 5, NULL, NULL),
(189, 87, 6, 80, 63, '198305012009012001', NULL, 2, NULL, NULL),
(190, 87, 7, 11, 15, '195812181979032001', NULL, 5, NULL, NULL),
(191, 87, 8, 82, 70, NULL, NULL, 2, NULL, NULL),
(192, 87, 9, 9, 2, '196105271985031001', NULL, 5, NULL, NULL),
(193, 90, 1, 40, 133, '198109212009011002', NULL, 2, NULL, NULL),
(194, 90, 2, 30, 26, '11215/P', NULL, 2, NULL, NULL),
(195, 90, 3, 20, 20, '8326/P', NULL, 2, NULL, NULL),
(196, 90, 4, 84, 73, '196904062009011001', NULL, 2, NULL, NULL),
(197, 90, 5, 10, 5, '196003151980031002', NULL, 2, NULL, NULL),
(198, 90, 6, 80, 63, '198305012009012001', NULL, 2, NULL, NULL),
(199, 90, 7, 11, 15, '195812181979032001', NULL, 2, NULL, NULL),
(200, 90, 8, 82, 70, NULL, NULL, 2, NULL, NULL),
(201, 90, 9, 9, 2, '196105271985031001', NULL, 2, NULL, NULL),
(202, 90, 10, 81, 69, NULL, NULL, 2, NULL, NULL),
(203, 90, 11, 8, 1, '8312/P', NULL, 2, NULL, NULL),
(204, 92, 1, 40, 66, '197509152009012001', NULL, 1, '2016-02-08 20:42:50', '2016-02-08 21:07:12'),
(205, 92, 2, 30, 25, '71100504', NULL, 3, NULL, NULL),
(206, 92, 3, 20, 20, '8326/P', NULL, 2, NULL, NULL),
(208, 92, 5, 10, 5, '196003151980031002', NULL, 2, NULL, NULL),
(211, 100, 1, 30, 25, '71100504', NULL, 5, NULL, NULL),
(212, 100, 2, 20, 20, '8326/P', NULL, 5, NULL, NULL),
(213, 100, 3, 84, 73, '196904062009011001', NULL, 5, NULL, NULL),
(214, 100, 4, 10, 5, '196003151980031002', NULL, 3, NULL, NULL),
(215, 100, 5, 80, 63, '198305012009012001', NULL, 2, NULL, NULL),
(218, 100, 8, 9, 2, '196105271985031001', NULL, 2, NULL, NULL),
(219, 101, 1, 30, 25, '71100504', NULL, 2, NULL, NULL),
(220, 101, 2, 20, 20, '8326/P', NULL, 2, NULL, NULL),
(221, 101, 3, 84, 73, '196904062009011001', NULL, 2, NULL, NULL),
(222, 101, 4, 10, 5, '196003151980031002', NULL, 2, NULL, NULL),
(223, 101, 5, 80, 63, '198305012009012001', NULL, 2, NULL, NULL),
(224, 101, 6, 11, 15, '195812181979032001', NULL, 2, NULL, NULL),
(225, 101, 7, 82, 70, NULL, NULL, 2, NULL, NULL),
(226, 101, 8, 9, 2, '196105271985031001', NULL, 2, NULL, NULL),
(227, 102, 1, 30, 25, '71100504', NULL, 2, NULL, NULL),
(228, 102, 2, 20, 20, '8326/P', NULL, 2, NULL, NULL),
(229, 102, 3, 84, 73, '196904062009011001', NULL, 2, NULL, NULL),
(230, 102, 4, 10, 5, '196003151980031002', NULL, 2, NULL, NULL),
(231, 102, 5, 80, 63, '198305012009012001', NULL, 2, NULL, NULL),
(232, 102, 6, 11, 15, '195812181979032001', NULL, 2, NULL, NULL),
(233, 102, 7, 82, 70, NULL, NULL, 2, NULL, NULL),
(234, 102, 8, 9, 2, '196105271985031001', NULL, 2, NULL, NULL),
(235, 103, 1, 40, 66, '197509152009012001', NULL, 2, NULL, NULL),
(236, 103, 2, 30, 25, '71100504', NULL, 2, NULL, NULL),
(237, 103, 3, 20, 20, '8326/P', NULL, 2, NULL, NULL),
(238, 103, 4, 84, 73, '196904062009011001', NULL, 2, NULL, NULL),
(239, 103, 5, 10, 5, '196003151980031002', NULL, 2, NULL, NULL),
(240, 103, 6, 80, 63, '198305012009012001', NULL, 2, NULL, NULL),
(241, 103, 7, 11, 15, '195812181979032001', NULL, 2, NULL, NULL),
(242, 103, 8, 82, 70, NULL, NULL, 2, NULL, NULL),
(243, 103, 9, 9, 2, '196105271985031001', NULL, 2, NULL, NULL),
(244, 104, 1, 84, 72, '198303132010121001', NULL, 2, NULL, NULL),
(245, 104, 2, 10, 4, '8655/P', NULL, 2, NULL, NULL),
(246, 104, 3, 30, 25, '71100504', NULL, 2, NULL, NULL),
(248, 105, 2, 10, 5, '196003151980031002', NULL, 2, NULL, NULL),
(249, 105, 3, 30, 25, '71100504', NULL, 2, NULL, NULL),
(250, 105, 4, 20, 20, '8326/P', NULL, 2, NULL, NULL),
(251, 106, 1, 30, 25, '71100504', NULL, 2, NULL, NULL),
(252, 106, 2, 20, 20, '8326/P', NULL, 2, NULL, NULL),
(253, 106, 3, 84, 73, '196904062009011001', NULL, 2, NULL, NULL),
(254, 106, 4, 10, 5, '196003151980031002', NULL, 2, NULL, NULL),
(255, 106, 5, 80, 63, '198305012009012001', NULL, 2, NULL, NULL),
(256, 106, 6, 11, 15, '195812181979032001', NULL, 2, NULL, NULL),
(257, 106, 7, 82, 70, NULL, NULL, 2, NULL, NULL),
(258, 106, 8, 9, 2, '196105271985031001', NULL, 2, NULL, NULL);

-- --------------------------------------------------------

--
-- Struktur dari tabel `paraf_status`
--

CREATE TABLE IF NOT EXISTS `paraf_status` (
  `id` int(11) NOT NULL AUTO_INCREMENT,
  `nama` varchar(255) NOT NULL,
  PRIMARY KEY (`id`)
) ENGINE=InnoDB  DEFAULT CHARSET=latin1 AUTO_INCREMENT=6 ;

--
-- Dumping data untuk tabel `paraf_status`
--

INSERT INTO `paraf_status` (`id`, `nama`) VALUES
(1, 'Disetujui'),
(2, 'Tunggu'),
(3, 'Review'),
(4, 'Perbaikan'),
(5, 'Dilewati');

-- --------------------------------------------------------

--
-- Struktur dari tabel `pegawai`
--

CREATE TABLE IF NOT EXISTS `pegawai` (
  `id` int(11) NOT NULL AUTO_INCREMENT,
  `nama` varchar(255) DEFAULT NULL,
  `nip` varchar(255) DEFAULT NULL,
  `struktural` int(11) DEFAULT '2',
  `id_jabatan` int(11) DEFAULT NULL,
  `id_jabatan_induk` int(11) DEFAULT NULL,
  `username` varchar(255) DEFAULT NULL,
  `password` varchar(255) DEFAULT NULL,
  `email` varchar(255) DEFAULT NULL,
  `login_terakhir` datetime DEFAULT NULL,
  PRIMARY KEY (`id`)
) ENGINE=InnoDB  DEFAULT CHARSET=latin1 AUTO_INCREMENT=728 ;

--
-- Dumping data untuk tabel `pegawai`
--

INSERT INTO `pegawai` (`id`, `nama`, `nip`, `struktural`, `id_jabatan`, `id_jabatan_induk`, `username`, `password`, `email`, `login_terakhir`) VALUES
(1, 'Dr. Desi Albert Mamahit, M.Sc.', '8312/P', 2, 1, NULL, '8312/P', '$2y$13$6Y/fHN2jix9Q.WGh.UkwJuNq.6mCCXZVleSoTq7XUzbXYDwIdXyBC', '', NULL),
(2, 'Dr. Ir. Dicky R. Munaf', '196105271985031001', 2, 2, NULL, '196105271985031001', '$2y$13$WMsJl7TLr6g9..F3NKH0muo/GKE57J6o8A/0xd70TdzXYZxYLxSsi', '', '2016-01-18 15:40:46'),
(3, 'Drs. Satria Firdaus Maseo, S.H., M.H.', '60010951', 2, 6, NULL, '60010951', '$2y$13$t0C8l9FOPF0WSU5BVl9pQuVSroZKrc7D72pr.3fI15cPd8VBu2aEu', '', NULL),
(4, 'Wuspo Lukito, S.E., M.M.', '8655/P', 2, 4, NULL, '8655/P', '$2y$13$i1gk88xcEfrJDOiNFQzPtOxp6MqwN0Nwr7XKvn338Rw.6aEk/Tmii', '', '2016-01-07 11:56:36'),
(5, 'Eko Susilo Hadi, S.H., M.H.', '196003151980031002', 2, 5, NULL, '196003151980031002', '$2y$13$ASjkkf2Y0ZVlSP8o0A9IbO1j3BIBaztUddV28iG8advw0qL2dV9tm', '', NULL),
(6, 'Drs. Anang Syarif Hidayat', '64080827', 2, 166, NULL, '64080827', '$2y$13$j3vkbUqljrI7THWI55jaHOeX5A.qksykpwOvYW5Iz.TpAzqT9DGDq', '', NULL),
(7, 'Royani, S.H.', '196109181993101001', 2, 21, NULL, '196109181993101001', '$2y$13$vQq9dLvhAIZPJ6OsqxwhyeX0GxyYl9GXFxMm4ubyoL0U332dJBqGe', '', NULL),
(8, 'Yuli Dharmawanto, S.H.,M.H.', '10864/P', 2, 22, NULL, '10864/P', '$2y$13$CpOrKDXxUv1iKQMcGCR0KeSsJHJ.lckZcayrv1pbUnEH4a5CtELOi', '', NULL),
(9, 'Dr. Drs. Abdul Gofur, S.H.,M.H.', '61121076', 2, 129, NULL, '61121076', '$2y$13$y2JAR5TdbJj5QaWKYrmHY.oBEdxhnK3xqbzGnSNfhePLCq3AAn2hq', '', NULL),
(10, 'Drs. Ferdie Fomalhout Jermias Mirah', '62080934', 2, 24, NULL, '62080934', '$2y$13$SICJCXXyVhnNe8x6HIbXfuPSoeBElUA2lpt0w7cIhqXJohBo3/Vea', '', '2015-12-29 13:34:59'),
(11, 'Sri Lestari Ujianti., S.H., M.H.', '196006101980022002', 2, 23, NULL, '196006101980022002', '$2y$13$uPKWqfYI7yuKLPIB6r45rO4/a1kIsnlEQEymNliP0LrXeS5iiassG', '', NULL),
(12, 'Andi Achdar', '9552/P', 2, 18, NULL, '9552/P', '$2y$13$wtA/tApEGhRvxe8YD7YqU.F.l.ivvMaRtbIxV06TDjWOhQWRdLGha', '', NULL),
(13, 'Drs. Djoko Subroto,S.H.,M.M.', '58100766', 2, 3, NULL, '58100766', '$2y$13$wuR0gWGa78hOO77Z/AsSdO8pswkqe7ifso9k7T6VR6wV6WcULpQD6', '', NULL),
(14, 'Udjang Kerdjawan Agung, S.M.', '10555/P', 2, 155, NULL, '10555/P', '$2y$13$eiVmHivI2BRrDIX/316n8.Er1Wnc2WA0C97WQp3hsx9qVZn2ykrD6', '', NULL),
(15, 'Erna Dustiraningsih S.S.P., S.Sos', '195812181979032001', 2, 15, NULL, '195812181979032001', '$2y$13$3LU/Gqg6AWXWo1SY8GOz2.XWt4VmNHXr.zgWdM.y3kNBuv719MwLO', '', NULL),
(16, 'Ir. Suroyo', '8117/P', 2, 16, NULL, '8117/P', '$2y$13$k.5WsSQeSadTdm.ZYv3iju8Cp0M93An4fAm9hMKOz5zvopO7ZPU2C', '', NULL),
(17, 'Vetty Viona Salakay, S.H., M.Si.', '196102071981032005', 2, 177, NULL, '196102071981032005', '$2y$13$d3biRefagUTseL8REtXF2elBQwOyWvnuVLiNjnn0HXob330DLbYV.', '', NULL),
(18, 'Amir Rachman Lubis', '58010731', 2, 19, NULL, '58010731', '$2y$13$keBxzdCX1tULv78jsi2VSeOh5E8lcqccQcVvoeroLo7y1xNj97xVO', '', NULL),
(19, 'Agung Mardiwibowo, S.H', '197409082000031001', 2, 143, NULL, '197409082000031001', '$2y$13$H7q70RjNHKWaGlMDIpIT0OGVxzlTmy41wPC6cGlqNU4r.4gbgc0uK', '', NULL),
(20, 'Ambar Indra Kusuma, S.H.', '196008201989031001', 2, 27, NULL, '196008201989031001', '$2y$13$GCl2uLqgpp4PJ1nIn85BJOkNtFJvPdLGoUeMfn//ORQEtYBOlVaN2', '', NULL),
(21, 'Arief Meidyanto', '11705/P', 2, 151, NULL, '11705/P', '$2y$13$CqmAdouAPHikd4rDWU7h9e.3SmHXTiEupYnl.XwNTKjdIt0/hd7TS', '', NULL),
(22, 'Drs. Edi Fernandi', '11215/P', 2, 26, NULL, '11215/P', '$2y$13$cnnvfnW7Xke5vxVU5tWMrOUbyoA8mTEuiGHGjyGmJOIWlI1BQr7Ue', '', NULL),
(23, 'Drs. Raja Surya Darma M., M.Si', '195909291995031001', 2, 144, NULL, '195909291995031001', '$2y$13$8NQqSikuzKbGmr7L9wC5neopFIC58KCvXJwyxkFvi/ARGjBLLujy6', '', '2016-01-05 12:20:42'),
(24, 'Imran, S.H., M.H.', '196911151994031003', 2, 135, NULL, '196911151994031003', '$2y$13$PybLaIpmhqCYuig0g5I/vO9f7guHY/xXJpCNsGnhE.3MTo4BfXzEO', '', NULL),
(25, 'Muhammad Ali, S.H.', '71100504', 2, 25, NULL, '71100504', '$2y$13$n4QnGM8X01QtS9vTy.YeEevxzL4A.7PWawDYUzGTQRKa/lhoGuv0u', '', NULL),
(26, 'Nyoto Saptono, S.H.', '74080892', 2, 136, NULL, '74080892', '$2y$13$8fivbkRMqHMirWaEPOYyl.qkzXTHGBa8uD8XFgPBP19CFG7uYl6NG', '', NULL),
(27, 'Yansen Angkuw, S.ST., M.K., S.H.', '61050798', 2, 28, NULL, '61050798', '$2y$13$TNnMHGvOh7vyS8mNOfyLY.82lHaAAq5F1TmlFKjLn1M82lk/ZYtmy', '', NULL),
(28, 'Bambang Widiatmoko, S.A.P.', '196210291983031002', 2, 130, NULL, '196210291983031002', '$2y$13$TIPukJmZtVUBLayhORLRAOAHTnI.n2lvotLpy6PXrHOUUv.cc61Si', '', NULL),
(29, 'Dedi Setiadi, BA', '195906271985031001', 2, 132, NULL, '195906271985031001', '$2y$13$LleKhwrdT03ieTiJsE08Wewy2R78UBYV6Sx3mCl5OZiSyt8fH1hbC', '', NULL),
(30, 'Drs. Miswan Hampatha', '196610091995011001', 2, 113, NULL, '196610091995011001', '$2y$13$1HV1q32LVJapQ7kZOW7wFetbnBiINkBqV1eISLFosAahYlacyguvm', '', NULL),
(31, 'Dwi Kardono, S.Sos, M.A.', '197102181991101001', 2, NULL, NULL, '197102181991101001', '$2y$13$gM6qml.9Mi3eiDvuT1IzfOzPlRUsylSbEaMYN5ipOXeO0dWeFzrKq', NULL, '2015-12-29 13:39:43'),
(32, 'Eli Susiyanti, S.H., M.H., M.M.', '197004082001122001', 2, NULL, NULL, '197004082001122001', '$2y$13$P0FCudDwhF6N4WsyEQomceuk0MaFlpXLdCZMqUA3TcR/u985TyqOq', NULL, NULL),
(33, 'Joko Sutrisno, M.Si.', '9231/P', 2, 122, NULL, '9231/P', '$2y$13$HAKE5tPh65OPsnSV1tPKRup/1S5g8PnRLfAhXVCIlw6XB9XrL2UTW', '', NULL),
(34, 'Rachmi Machmud, S.H.', '196104291983032001', 2, 37, NULL, '196104291983032001', '$2y$13$/e.1nlnSGr4.bkNLXcJtReQZkiLtwxsy29a4hBBHFXAwfBTtDH2gC', '', NULL),
(35, 'Sutikno., S.H. M.H.', '196809211994031001', 2, NULL, NULL, '196809211994031001', '$2y$13$PE/WcacXsawsbkUv.qsUX.NvcOfzvwwll4Vt7TFzpQ6GE3A94Gd9y', NULL, NULL),
(36, 'Agus Haryanto Ikhsanudin', '516362', 2, 96, NULL, '516362', '$2y$13$lktTnkrjpetPL9pMwONfxuV2A91z7yOHz1E2yVN4HuhIVOujGZ2xK', '', NULL),
(37, 'Atmu Edi', '10086/P', 2, 105, NULL, '10086/P', '$2y$13$iXC.f5eEf9OAazg6DQkOzu57fo9ZGe2I5GkJJZSgfcPzP1HWG/vDi', '', NULL),
(38, 'Dodi Fernando, S.E.', '515543', 2, 94, NULL, '515543', '$2y$13$e71pgvh2jTh0fftMAIPqaeVpY6CHdkk4RSokm1wmvb2px/o8z2Obm', '', NULL),
(39, 'Joni Junaidi, A.Pi., M.Si.', '196805311992031001', 2, 87, NULL, '196805311992031001', '$2y$13$RmWXnjDfaJOjHIyGeOsvIupo3pBpc.sjZtLP8ak6vUmxKTDw5IYrC', '', NULL),
(40, 'Raden Prasetyo', '65070791', 2, 106, NULL, '65070791', '$2y$13$arbJCZejvVHOElY899myUOiYRcqJV8GZDxIxYrXLtoUoDA6QQxuhu', '', NULL),
(41, 'Asep Damas', '196301031983031001', 2, 45, NULL, '196301031983031001', '$2y$13$9D13kSpZ/yTJdjKx6PnDQ.7heHpywnS/B2gtcD.NoGae9n0QNXM7i', '', NULL),
(42, 'Budi Mulyadi', '10091/P', 2, 42, NULL, '10091/P', '$2y$13$5CDhx5/63nLllujxHjSUGOaGAFssqiA0MOHDccXD0KLBZVbHo5GZi', '', NULL),
(43, 'Kartiko Dwi Hartanto, S.H.', '197011171998031001', 2, 40, NULL, '197011171998031001', '$2y$13$jdUn3S.JA.0qYp1UVHoCXuA.ZJdXhJJXuceiHu653v5nTSPE4AGiK', '', NULL),
(44, 'Mira Hamiranti, S.E., Ak.', '196905241996032002', 2, 41, NULL, '196905241996032002', '$2y$13$TMEXAGrhb5TWPu/QNI/sa.zzUj5rh/xbSwbgVSzv7HTtgdTVRYxTm', '', NULL),
(45, 'Robby Darwin S., S.E.,M.M.', '9916/P', 2, 48, NULL, '9916/P', '$2y$13$ULeYfrgfTTUkHbepmluZA.cq3Uk9r.lIxOOIGzTm3yd5gtGbUYIbe', '', NULL),
(46, 'Waryoto, S.E.', '196904211996031005', 2, 46, NULL, '196904211996031005', '$2y$13$thpmp6O2PET8.S6CTHbaS.8mCYr3qNBnkpWUw2a13MkVrAL91Cs3C', '', '2016-01-20 09:34:20'),
(47, 'Usman Bakar', '515589', 2, 47, NULL, '515589', '$2y$13$IHkIuWBR7jgFCznNATboi.n6N27mqwox1WyPOAoHMisu9ybXYvmTe', '', NULL),
(48, 'Rizkal, S.Sos.,M.M.', '197110211991101001', 2, 38, NULL, '197110211991101001', '$2y$13$siMieOKvCK.jsqSXw14MzevIQBMBxyxphVtwHvM2iijD6W8mfJNqa', '', '2016-01-08 14:00:09'),
(49, 'Novita Sari Dewi', '198811272010122002', 2, 77, NULL, '198811272010122002', '$2y$13$oyptzygFtOYiCKcjvg8M5ujGIPTrLTusiDUDHyPw5FuC6u/rcpAdW', 'novita.dewi@bakamla.go.id', '2015-12-29 15:58:59'),
(50, 'Kurnialis Bakti Ajeng Chairani, S.H.', '198511142010122001', 2, 148, NULL, '198511142010122001', '$2y$13$VrqnsOwbA.ZodV3sZnPNw.aszbM4xhcaZ1ukt.SbLVJFhVLQjjKUG', '', '2016-01-04 11:14:28'),
(51, 'Adriansyah Putra Harahap, S.Si., MS.', '198308032010121001', 2, 67, NULL, '198308032010121001', '$2y$13$YWMmyh.o2QXN5.TN7RcGUefu0cL5DaxUwp5L13sxWRsBwZZ6w64Pq', 'adriansyahp@gmail.com', '2016-01-19 13:30:20'),
(52, 'Akhmad Firdaus, S.IP., M.Si.', '197805242009121001', 2, 145, NULL, '197805242009121001', '$2y$13$7aRfjxaYJB/EoDBtA5vonuSYRSzI318lnUNN.ZlCyQZjvck/Sy0GS', '', '2016-01-04 11:27:27'),
(53, 'Andy Apriyanto, S.H.', '198304072009011001', 2, 137, NULL, '198304072009011001', '$2y$13$6oLa1XVyJviiyM5VYqLfu.ujo3wyOd8B7bGYZ/T21CsMsvim.IuaG', '', NULL),
(54, 'Anton Hilman Fatoni, S.H.', '197506012010121001', 2, 138, NULL, '197506012010121001', '$2y$13$XkcxYT7IzCjSKVx/2XZ7CeS3xkgZySyxtxZEPJdWNqyaNpS9dT0pG', '', NULL),
(55, 'Dikki Triwasananda, S.Kom', '198204252009121001', 2, 39, NULL, '198204252009121001', '$2y$13$SAEAgZ9Fa64daAIgebrd9OggnvJ0hJ4mQNkyK75ZcYs2iRruEkoFm', '', '2016-01-19 11:12:12'),
(56, 'Eko Pudji Laksana, S.T.', '14156/P', 2, 75, NULL, '14156/P', '$2y$13$zZDqSErd/OrfqSasVH1R3OEM5hMC7/LuHNEd/jBzwZnsiyYy7yhb2', '', '2016-01-06 08:00:49'),
(57, 'Fenny Sefhirany, S.S.', '198109242009122002', 2, 147, NULL, '198109242009122002', '$2y$13$1q6oa7.6a4re3doXmq567O17Wn8ttlEdh.JrIsHt0a4UgRxBbJt16', '', NULL),
(58, 'Ferry Rindo Dolfa, S.H., M.H.', '198002142009011002', 2, 139, NULL, '198002142009011002', '$2y$13$032l1TEGJyu6GOPYFW.sC.mBqiWgyRykNfq6jwp9Ebsq5jDukd/re', '', NULL),
(59, 'Fery Haryanto, S.T.', '197612022009011002', 2, 154, NULL, '197612022009011002', '$2y$13$zihTA9bI9BrTKD8gfeBaReVQptZxLxy3NDKC54zc/DAMKiK4.gpya', '', '2016-01-05 10:46:40'),
(60, 'Haerunnufus, S.Kom', '198106112010122001', 2, 152, NULL, '198106112010122001', '$2y$13$zCBehUtxpJsN/.ZIhQfNi.7ghvCxBL8atvjD0wk52AUS65u75MW.q', 'abim_81@yahoo.com', '2016-01-20 09:58:55'),
(61, 'Hudiansyah Is Nursal, S.H., M.I.L.I.R.', '198308232009011002', 2, 141, NULL, '198308232009011002', '$2y$13$v7HJebvpPiUaLXYaN93BlOn8XbOYL27LpqELA7bdbCcKTSzpWhFiu', '', NULL),
(62, 'Maya Veraningsih, S.Sos.', '198003062009012001', 2, 146, NULL, '198003062009012001', '$2y$13$6.I9OWLiVKywI9Y4jg6jX.MbCwhAkTUVcdaAKKBI8EjH1QVKiohBC', '', NULL),
(63, 'Muhamad Azhari, S.H.', '198305012010121002', 2, 142, NULL, '198305012010121002', '$2y$13$DUsnKWAe5TgcSnILdBRfNOKzrjy2Fp4ZCL8HlXn2QXHSBHsFt8REe', '', NULL),
(64, 'Tuti Ida Halida, S.T., M.I.T.M', '197509152009012001', 2, 66, NULL, '197509152009012001', '$2y$13$UhWwKJC3EZBtjaD9v4jb..gMDly8gyMC2/.Tp89iPOoAsLfplpK2C', 'tutiidahalida@bakamla.go.id', '2016-02-08 10:37:37'),
(65, 'Wahyu Sigit Purwoko, S.Kom', '198109212009011002', 2, 133, NULL, '198109212009011002', '$2y$13$u3tS.ouAqX/Z0X1MA5NeQu/qrZKXWC3xBw4rNbJTmSRtqJB4ho9B.', 'wspurwoko@bakamla.go.id', '2016-01-19 09:22:37'),
(66, 'Y. M. Vianney Niko D.S., S.T.', '197807182010121002', 2, 134, NULL, '197807182010121002', '$2y$13$DQ9PmiuN0AXVK22Tm6CoQuDqs4UInzgzZPafcMgL7sq0nIkPkiJom', '', '2016-01-19 09:11:13'),
(67, 'Agustina Pamelya Puji A., S.E., M.M.', '198704232010122001', 2, 114, NULL, '198704232010122001', '$2y$13$LXc.BjPnzzOOsfvwJsltUOnDMPyuzpD.4IGCOb1arGJmBDZ3rAH.W', '', NULL),
(68, 'Ahmad Afandi Wijaya, S.H.I.', '198405262010121001', 2, 126, NULL, '198405262010121001', '$2y$13$mfrKXzpA.KzNLNHNYxCbMOYcfy/bnFMsZz7Bbk3vdHOkOagx5pSFS', 'fandymumtaz2@gmail.com; aa.wijaya@bakamla.go.id', '2015-12-30 07:49:41'),
(69, 'Andre Bayu Widiyanto, S.H.', '198102092009011001', 2, 115, NULL, '198102092009011001', '$2y$13$fOcWMpQDITNV6RM0o70n1efCIaH7qr7LIdYbRvZhgUZxCZYime51S', '', NULL),
(70, 'Angga Reza Prabowo, S.H.', '198703122009121001', 2, 123, NULL, '198703122009121001', '$2y$13$QnuoOgQ.3WBs72jYmILOn.qrzX37oaItNCG7qBmu7sKbhdyAGs5E6', '', '2016-01-20 16:10:23'),
(71, 'Blandina Wardhani, S.H.', '198706022010122002', 2, 116, NULL, '198706022010122002', '$2y$13$rRlDY2UaNcMGtyKaWRgIyexSvB5udkbDQcBqZdPjM8rCLEu9UwNB2', '', NULL),
(72, 'Dicky Yuniar Rushartanto, S.E.', '198206122010121001', 2, 127, NULL, '198206122010121001', '$2y$13$A11801uVFWj27deh99c4L.E123DRZ7PdxK.ZT8IFTGfce5RVpKMqy', 'dickyyuniar@gmail.com', '2015-12-30 07:24:11'),
(73, 'Elva Susanti, S.E.', '197503202009122001', 2, 128, NULL, '197503202009122001', '$2y$13$zAxTcXQzboYmb.Ygn/EiR.rXyKugoAT7QKXsoy1xBC7jgbgf.sgoi', '3lvasusanti@gmail.com', '2016-01-04 13:27:30'),
(74, 'Gampang S', '17379/P', 2, 119, NULL, '17379/P', '$2y$13$HAPsqoq6oHehgcK/EFR6vOOnmYQZD1PPBIoVo/mWl9M4gLsJLx5yq', '', NULL),
(75, 'Suprapto, S.E., M.M.', '62010624', 2, 150, NULL, '62010624', '$2y$13$kpNey880r4GFbCaIpEIm/Oanp8bOLlNaqX8yQK7Bq6FO0BMjTSc6i', '', '2016-01-04 11:37:15'),
(76, 'Lukman Nurhakim, S.Kom', '198510292009011001', 2, 118, NULL, '198510292009011001', '$2y$13$jQ48j40uMdmFjFOGrmVd2OxGDMLUQzOM7SUXa.SMamPuCjvy3NAcS', 'elookemen@gmail.com', '2016-01-06 08:12:15'),
(77, 'Muhammad Ibnu Sina, S.T., M.M.', '198111202010121001', 2, 117, NULL, '198111202010121001', '$2y$13$JdxvaBj.l7OyX7dYSb74N.XLr8axiEAR8roLo39R9.0HrPfJ/X4Qu', '', NULL),
(78, 'Muhammad Ichlasul Amal, S.T., M.M.', '197511282009121001', 2, 124, NULL, '197511282009121001', '$2y$13$Ser3PDpzEVAmlVkA2AvoPOSouKjyKEDw.cgqzbVB/noqc3BDOXe8e', '', NULL),
(79, 'Nara Nazimuddin, S.Kom', '197512162009121001', 2, 125, NULL, '197512162009121001', '$2y$13$8v6p61p.St6nLDBhyxS0Eu4zF8TQI4Hysw.yI6b/M5/74ANSDM4iC', '', NULL),
(80, 'Abriadi, S.H.', '13630/P', 2, 89, NULL, '13630/P', '$2y$13$ob0WviGHb0L7v5lgyB2x.u7GoXJKEnS/ITMbRDl2hwrr57dM6lhte', '', NULL),
(81, 'Angga Heryana, S.T.', '198403102010121001', 2, 111, NULL, '198403102010121001', '$2y$13$Hdi7DQKfu.APoMZjM55MXO0YPIbyq3reInxZAgx3VMkvaq656Kzl6', '', NULL),
(82, 'Asep saepulloh', '18615/P', 2, 91, NULL, '18615/P', '$2y$13$WrgHfDEZAC3rhqWRxxkuFe6jGyo5Y1vOuqMG0Xd9vE1c1ouOmTMIa', '', NULL),
(83, 'Dwi Herdian Saputra', '16001/P', 2, 110, NULL, '16001/P', '$2y$13$NQPNvwVF5bPHdhIZq2WJdOWuMkr70y/Fibp.NC85iugUXU5ybpc4a', '', NULL),
(84, 'Fatkhurrokhman, S.Kom', '198308242009011001', 2, 112, NULL, '198308242009011001', '$2y$13$9srfqCaFp4OtRrsC2eDodea9Bfq3V6MZjyOQgSdoApeR7NJnBwspK', '', NULL),
(85, 'Irma Sahara, S.E.', '198211212009012001', 2, 107, NULL, '198211212009012001', '$2y$13$WDl4CnvHWX17/faMDeHbFujUxDoUACQDDgHBQO1r/KfxaGNdJu1cS', '', NULL),
(86, 'Kustriyani, S.T.', '198512212010122001', 2, 93, NULL, '198512212010122001', '$2y$13$rz1Lbd91IuAW1Xejie8rveIM4PIiobu0.R8bZmd.YhbdxQdDeifv6', '', NULL),
(87, 'Mukhlis, S.St.Pi', '198001152009011002', 2, 88, NULL, '198001152009011002', '$2y$13$Fof2hrYKnT9UNTaMiuIT2eS508UQTK9y9BJNOpYWQeuYuZqatZ/le', '', NULL),
(88, 'Octavianus Yuda Satyanegara, S.E.', '198310312009121001', 2, 100, NULL, '198310312009121001', '$2y$13$PL1WWgy1agwyd.E7vjx2WubATewVQfVFM0RYKsea5uiQMIi7mPg/.', '', NULL),
(89, 'Prabu Airlangga, S.Kom', '198208022009011001', 2, 90, NULL, '198208022009011001', '$2y$13$k6Gl2i4IITlOKDI550OljOCO9F16HnbjijsSP3Qam/pv96lrJK0ga', '', '2015-12-29 16:02:05'),
(90, 'Sahlani, S.T.', '197510302009011002', 2, 108, NULL, '197510302009011002', '$2y$13$fmlLCzVpoRDtL0E6LiomVuke0IqF8ZParfQpyiDCGqHS.Y0EQJt2G', 'sahlan3010@gmail.com', '2016-01-07 11:40:13'),
(91, 'Susilo Anggoro', '14725/P', 2, 97, NULL, '14725/P', '$2y$13$3Z.P0UU5LZFNZ8thu/Wnh.7MM2F9KMQOdfSei2vKsiw/dgfRQ8RpW', '', NULL),
(92, 'Waskito Alim Hadi Prabowo, S.T.', '198501022010121001', 2, 109, NULL, '198501022010121001', '$2y$13$5jSDx10dXkUQlpPMyGZYi.c0mpj3XYUxXP8t9ca.RrKtpuaahUwku', '', NULL),
(93, 'Wiyoto', '16484/P', 2, 64, NULL, '16484/P', '$2y$13$udGuWcvJxbBjoGH9q0juwOZO0tNGWrhvANyZg.NoxVbsR/pCkUvMW', '', NULL),
(94, 'Agus Indrianto', '79041543', 2, NULL, NULL, '79041543', '$2y$13$M20HbnaWJW6eVEYD4W1uBuFP2NclLCliIIqasjmLuHBhGAwKWQ61K', NULL, '2016-01-20 13:08:06'),
(95, 'David Hastiadi', '13309/P', 2, 161, NULL, '13309/P', '$2y$13$qjpuAbDTOxkkqRREFOBM0.AHZwqkcAGVzVhRGsXbU2GPR6AfiNeNe', '', NULL),
(96, 'Gompar Hasibuan', '62030485', 2, 165, NULL, '62030485', '$2y$13$uvxqelPtn3RL1KL8yCtObOCjSFddcO6uBcLF.08agwCMOv6hOGuCG', '', NULL),
(97, 'Heryanto, S.E.', '751101021', 2, 160, NULL, '751101021', '$2y$13$3.Nyky.4/qfhoqN2XkANWOGvMdvlee0ZIl10y8nyJ0ru8CI3BwXi.', '', NULL),
(98, 'Margaretha Kirana Lestari, S.E.', '198503052010122001', 2, NULL, NULL, '198503052010122001', '$2y$13$Z1myPTEMQoVJEM3mYteSium8UtQIJu0biK7fDz50wzW1Bv8am7Pd.', NULL, NULL),
(99, 'Rudi Kristianto', '19394/P', 2, NULL, NULL, '19394/P', '$2y$13$exwcPG6wwmQyeAk1FuByDOIJDjYoeQ7jTLkeCom3Dz61fXPdjS.Cy', NULL, NULL),
(100, 'Basar Poltak O. Simanjuntak', '12046/P', 2, 176, NULL, '12046/P', '$2y$13$6y/4xsGdELWZNUiZri8M3OTI6dE3X6hUz7X/l41tm6oxJKQu0rQPq', '', NULL),
(101, 'Heriwansyah Putra, S.T.,M.Si.', '10390/P', 2, 172, NULL, '10390/P', '$2y$13$RKEDJjM5AzfDavYMb.TdTuGVY59X4odi0MXnyqhIz1xgLXJcdHiTm', '', NULL),
(102, 'Sudarsawang, S.Sos', '198609202014021001', 2, 171, NULL, '198609202014021001', '$2y$13$KmOM7LiOrEn3nkUgGTLz9.ZtGEa3pBo.RIaH1WbDtSnVyFXCS/G7u', '', NULL),
(103, 'Sulaeman Rusdi, S.T.', '197505112010121001', 2, 175, NULL, '197505112010121001', '$2y$13$gP0w760jJ8lHqbB19cSFPuiIlXpHpqbpt2XpXAET587TxsayfmaXS', '', NULL),
(104, 'Wahyuddin Makka, S.E.', '198102192009011002', 2, NULL, NULL, '198102192009011002', '$2y$13$qg4WVR2JmX2Xrtba9IVwteKIbSFWj/J85LRrnM2fspr4wXmq5MnJG', NULL, NULL),
(105, 'David Ferdinandus', '196912191991031001', 2, NULL, NULL, '196912191991031001', '$2y$13$7aL422OVOb5jKBJqyWMQn.l/YdqxtNyTc6JvY2NXgPb5ZI/Hgdum.', NULL, NULL),
(106, 'Wahyu Hidayat', '11600/P', 2, 183, NULL, '11600/P', '$2y$13$UoyMBElRvKsw4ocO9is92.vuw4gKHciHRwChDSl3wUe2MctLTtjMq', '', NULL),
(107, 'Gary Grand Louhenapessy ,S.E.', '197412202009121001', 2, NULL, NULL, '197412202009121001', '$2y$13$pfAlbp9HX8/5sER2ryWZAuf4M7GYIEAfL/iJIbktWihnhhIEEPh4G', NULL, NULL),
(108, 'Sawal Perangin Angin,S.T.', '197710122009011003', 2, 201, NULL, '197710122009011003', '$2y$13$wzS9xRDsYTBF28E7Mx.a..GU.KjipzQzkJ1BjOyjoC7Y3ewgDZj6i', '', NULL),
(109, 'Ariana Listyawati, S.Pd.', '198305062009012002', 2, 51, NULL, '198305062009012002', '$2y$13$Uis0vBafqKAeaK1LXtuJyuw5mVWg6lB.TkpTrE6GfIqyXE6e6NYy2', '', '2016-01-19 11:50:09'),
(110, 'Aspin Utoyo, S. Kom', '197911032009011002', 2, 62, NULL, '197911032009011002', '$2y$13$RwY/.nP5PkFDPnHYUHIMkO5ZhXm72HRYReZX.r2aRi9Vw4q3M6URq', '', '2016-01-04 14:14:00'),
(111, 'Aulia Maulidina Badar, S.T.', '198412092009012001', 2, 74, NULL, '198412092009012001', '$2y$13$Q1uRe5LEM3efttgJuT7eyeeogBw9JkQVKWW/1CVD3.l2BseHC6maq', '', '2016-01-20 11:21:56'),
(112, 'Bagus Darmadi, S.E.', '197412042009011001', 2, 58, NULL, '197412042009011001', '$2y$13$GxCpD2aHZhJP13jSDc7IsuZbZWY3g8tKmIiBc1u.EwNbDYgXf5IIC', '', NULL),
(113, 'Bobby Maria Sembiring, S.E.', '198308112009012001', 2, 50, NULL, '198308112009012001', '$2y$13$nqHfjXosJs7h3mye/bJEsuv/RCW/p5mP.J/lLLWqqGhqKMvLeCX3S', '', NULL),
(114, 'Eko Prasetyo, S.H.', '198305022005011003', 2, 59, NULL, '198305022005011003', '$2y$13$LbEffYrc4LlN6blX9bAHEeN.tRlgGD6yCW0lojfrTzazhu21N6P/e', '', NULL),
(115, 'Eko Teguh Prayudianto, S.E.', '198605102009121001', 2, 54, NULL, '198605102009121001', '$2y$13$pDscMTjuQHjc.09zoyKi/uI90p4HppiGvFEiQbrGRrnzCxwN0Maqy', '', NULL),
(116, 'F.X. Joko Prasetyo', '16074/P', 2, 60, NULL, '16074/P', '$2y$13$GCXCrDEdYH.488APLhinreI4my5C0f/YmOwnra4zkr2RSwqy9iNn2', '', NULL),
(117, 'Ferry Darmawan, S.E.', '197908082009011001', 2, NULL, NULL, '197908082009011001', '$2y$13$xwREDvBU5lxqUd41FrAbg.m1qvWAQNj/hlPyULAvOSQ3HpTMCEmMa', NULL, NULL),
(118, 'Happy Maya Maharani, S.E., M.M.', '198210112010122001', 2, 55, NULL, '198210112010122001', '$2y$13$iuZJql67mX17sGnmSTkG1OTSSJGMGALcWOePpT.MRZOuwt.uqQIm2', '', NULL),
(119, 'Insan Aulia, S.T.', '198601192010121002', 2, 56, NULL, '198601192010121002', '$2y$13$9KOw7.ocl1pCOGwqSzFj3OygbStoOzUCsCrpBGTIO/HkZTy/yUwoK', '', NULL),
(120, 'Kartika Pusakaningrum, S.H.', '198507302009122001', 2, 80, NULL, '198507302009122001', '$2y$13$.hYdgBXl6VVLU0I3d2ypLeS9hjPkJklZ8iJ43h0l8PAejuaR4dKru', '', NULL),
(121, 'Leni Marlena Hasibuan, S.E.', '198509092009012001', 2, 84, NULL, '198509092009012001', '$2y$13$7UFfJ7hLJzde.3ggjp9ME.aALjoizK8ElwNKipcSVmqOGMyvLIbia', '', NULL),
(122, 'Leonardi Hilman, S.E.', '198410262010121002', 2, 78, NULL, '198410262010121002', '$2y$13$ITlvHFg29u/rzjvZI2gPPuO.d4w1A64GvWJIGWaFLpl8pJ0Mu6HYW', '', NULL),
(123, 'Mas`udi, S.AB.', '197901142006041014', 2, 61, NULL, '197901142006041014', '$2y$13$AKN3BlIekVjX/n16nT/bz.HBJyDTXC/C/zT7lev/VdIE9j27XLA4a', '', NULL),
(124, 'Nursakti Asia, S. Sos., MAP.', '198010012009012002', 2, 53, NULL, '198010012009012002', '$2y$13$pisuMN/anchoxXX/GFfv4OiroA9S7IYX/Qskxf04zk55DxtNqByA.', '', NULL),
(125, 'Rifan Apriantara, S.E.', '198404052010121001', 2, 52, NULL, '198404052010121001', '$2y$13$8zF7K6iKMfaWkTHNqzbNC.4Q1a62d8zzsbW2jPdj5dfgRvQtJzRZK', '', '2016-01-08 15:23:38'),
(126, 'Rizaldi Indra Janu, S.E., MBA (MLM)', '198701062009011001', 2, 82, NULL, '198701062009011001', '$2y$13$U8DQgxNdXmezvyZsE9FVJu/EIM9Sc2Q2.ZvNhEdBdbYaJW4DTFjIq', '', '2015-12-29 14:27:01'),
(127, 'Rochmat Agus Setiawan, S.T.', '15622/P', 2, 81, NULL, '15622/P', '$2y$13$D81GT/w4XPQ58yfl916jqe2wg9iIvJ5DWivCjWeG37CWVmG7QQklC', '', NULL),
(128, 'Tri Nanda Wicaksono, S.Pd.', '198412182009121001', 2, 76, NULL, '198412182009121001', '$2y$13$spA3ISsPvsWWkHQylk0Q7Ojv9SVnMyXaV.xikx.Pu5foA3ZfKB6c.', '', NULL),
(129, 'Vita Melia Nugraheni, S.T., M.T.', '198609172009122001', 2, 102, NULL, '198609172009122001', '$2y$13$EM3V6D9NHYJ2qiXKU7040OBURtwY0SJZEpxBR1G9iwyv/kzuxSNZm', '', '2016-01-20 10:00:47'),
(130, 'Wahyu Adi Yuniarsa, S.Pd.', '198303132010121001', 2, 72, NULL, '198303132010121001', '$2y$13$s6UUxMhYlXLRJG6BVRmTB.lyb.OmpxqQQhJgdB82Hh6OOjBN1yAqe', '', NULL),
(131, 'Wakhid Ma''mun, S.Ag', '196904062009011001', 2, 73, NULL, '196904062009011001', '$2y$13$.c4Uiuubtf8J3PevcxH9U.bhPUWLV9FH2uQa1cHEwvBH/dC6hpXKC', '', '2016-01-20 09:53:14'),
(132, 'Yelvi Azwita, S.E., M.M.', '197103202009122001', 2, 57, NULL, '197103202009122001', '$2y$13$rsCsvfrnXCOG5xyey2qJX.OkLcuyQh9nkqHI4957ivgnxYdawF3hy', '', NULL),
(133, 'Yusnita Budi Pramesti, S.E.', '198305012009012001', 2, 63, NULL, '198305012009012001', '$2y$13$roYEnEBnux1PDkDgyXURlOPUH722s2FCDxNmF/BIWaqgm8hkmxDRS', '', '2016-01-11 07:50:34'),
(134, 'Nurul Yudo Suparman, S.H.', '198111182009121001', 2, NULL, NULL, '198111182009121001', '$2y$13$egENPOjxzR/Q9AWiCfilpebRP4xdxKPGUECoPxUtK1c/sdzGavfbC', NULL, NULL),
(135, 'Tri Adi Lumanto', '15213/P', 2, 205, NULL, '15213/P', '$2y$13$5p1ysYxcm3DzDR3EThrPFuCS.PiG1k7U/ur.CKEzSb1o8l2bj3uhy', '', NULL),
(136, 'Arief Purwantono, S.E.', '197811042010121001', 2, NULL, NULL, '197811042010121001', '$2y$13$KfNl.DpGZo89WU8zN6WmTuvkj8.ypGd6CBjpy4skI2hGrUcaK5H8u', NULL, NULL),
(137, 'Halilintar, S.T.', '197903222010121001', 2, NULL, NULL, '197903222010121001', '$2y$13$/P2cvw8XIUMrzH8C642uvOZB8.p5TtZrVEasGoSheujJOuvVWwCd.', NULL, NULL),
(138, 'Tri Rah Astuti, S.E.', '198211292010122002', 2, 149, NULL, '198211292010122002', '$2y$13$7SYK.zvKZ7W3XXhl6mPDruxGlqpILoc8BzibX/CMrbu9DUSKBy1li', 'trirahastuti03@gmail.com', '2016-01-20 14:47:30'),
(139, 'Novi Sandra Mayasari, S.H., M.H.', '198411232009012003', 2, 140, NULL, '198411232009012003', '$2y$13$R3.zaHxobARsOiyL5th16.Dn0x3yDhOw5hq/WYUzk34HcWpzRHvsO', '', NULL),
(140, 'Tri Kurniadi, S.Kom', '197305031994121001', 2, 92, NULL, '197305031994121001', '$2y$13$PL9NA99g.oDufLELEDoYR.06JalClaBibyhGgqj4e5zh6VUmtAFPe', '', NULL),
(141, 'Soetedjo Joewono, S.E.,M.M', '197001171991101001', 2, 104, NULL, '197001171991101001', '$2y$13$ycpu7vxxL85rWua5vKJGve.47Mh8Sd2ChXKeF/J3SyCM5f84cNmZS', '', '2016-01-07 11:42:07'),
(143, 'Bpk. Musliman', '', 2, NULL, NULL, '', '', NULL, NULL),
(144, 'Bpk. Heru Yuwanto', '', 2, NULL, NULL, '', '', NULL, NULL),
(145, 'Bpk. Khairuddin', '', 2, NULL, NULL, '', '', NULL, NULL),
(146, 'Bpk. Ilham Sehan', '', 2, NULL, NULL, '', '', NULL, NULL),
(147, 'Bpk. Janis Kadimateng', '', 2, NULL, NULL, '', '', NULL, NULL),
(148, 'Bpk. Widi Aditya', '', 2, NULL, NULL, '', '', NULL, NULL),
(149, 'Bpk. Thamrin', '', 2, NULL, NULL, '', '', NULL, NULL),
(150, 'Syarifuddin Zuhri', '15441/P', 2, NULL, NULL, '15441/P', '$2y$13$eMcu3uREXC2P6yCbKDj4J.6A/aaG2jBtSvVCZu4Rr1DvdNtCwKxeS', NULL, NULL),
(151, 'Widi Aditya', '16592/P', 2, NULL, NULL, '16592/P', '$2y$13$M8BROhprOcK7Dtmbpo.nmeYjacEd6QnHJENiAKKo6BRMPW6q27iX6', NULL, NULL),
(152, 'Muksin', '15980/P', 2, NULL, NULL, '15980/P', '$2y$13$p8Yf1oYRZPrwUZ3hWdOgJ.HTqy6075DsZmtpNjqzKICVlIPzZet1y', NULL, NULL),
(153, 'Bpk. Khaerul Azmi', '', 2, NULL, NULL, '', '', NULL, NULL),
(154, 'Bpk. Tandri', '', 2, NULL, NULL, '', '', NULL, NULL),
(155, 'Bpk. Saa Tugino', '', 2, NULL, NULL, '', '', NULL, NULL),
(156, 'Bpk. Prawoto', '', 2, NULL, NULL, '', '', NULL, NULL),
(157, 'Bpk. Arakhman', '', 2, NULL, NULL, '', '', NULL, NULL),
(158, 'Bpk. Bekti', '', 2, NULL, NULL, '', '', NULL, NULL),
(159, 'Bpk. Yohanes Mali', '', 2, NULL, NULL, '', '', NULL, NULL),
(160, 'Bpk. Bejo Wiyono', '', 2, NULL, NULL, '', '', NULL, NULL),
(161, 'Bpk. Safir Kaisuku', '', 2, NULL, NULL, '', '', NULL, NULL),
(162, 'Bpk. Darwis Akib', '', 2, NULL, NULL, '', '', NULL, NULL),
(163, 'Ahmad Basori', '', 2, NULL, NULL, '', '', NULL, NULL),
(164, 'Brigjen Pol. (Purn) Drs. E.H. Allagan, S.H.', '', 2, NULL, NULL, '', '', NULL, NULL),
(165, 'Djoko Cahyo Purnomo, Api., M.M., M.H.', '', 2, NULL, NULL, '', '', NULL, NULL),
(166, 'Dr. Ir. Rathoyo Rasdan, MBA.', '', 2, NULL, NULL, '', '', NULL, NULL),
(167, 'Drs. Benny Pertiwanggono, M.A.', '', 2, NULL, NULL, '', '', NULL, NULL),
(168, 'Drs. Sudirman Kantoro, M.Si.', '', 2, NULL, NULL, '', '', NULL, NULL),
(169, 'Drs. Triyuswoyo, M.Sc., Mar. Eng.', '', 2, NULL, NULL, '', '', NULL, NULL),
(170, 'Ir. Arid Firmansyah', '', 2, NULL, NULL, '', '', NULL, NULL),
(171, 'Ir. Kurdinanto ', '', 2, NULL, NULL, '', '', NULL, NULL),
(172, 'Ir. Nurhidayat, Dipl.Ing.', '', 2, NULL, NULL, '', '', NULL, NULL),
(173, 'Irjen Pol. (Purn) Drs. Demak Lubis, MM.', '', 2, NULL, NULL, '', '', NULL, NULL),
(174, 'Kolonel Laut (Purn) Asnan Idris, S.Ip., M.M.', '', 2, NULL, NULL, '', '', NULL, NULL),
(175, 'Kombes Pol. (Purn) Yulius Hanafi, S.E.', '', 2, NULL, NULL, '', '', NULL, NULL),
(176, 'Laksda TNI (Purn) Amri  Husaini', '', 2, NULL, NULL, '', '', NULL, NULL),
(177, 'Laksda TNI (Purn) Ir. Yopi Frans', '', 2, NULL, NULL, '', '', NULL, NULL),
(178, 'Laksda TNI (Purn) Stevanus Budiono', '', 2, NULL, NULL, '', '', NULL, NULL),
(179, 'Laksda TNI (Purn) Susanto', '', 2, NULL, NULL, '', '', NULL, NULL),
(180, 'Laksdya TNI (Purn) Bambang Suwarto', '', 2, NULL, NULL, '', '', NULL, NULL),
(181, 'Laksma TNI (Purn) F.X. Eddy Santoso, S.I.P.', '', 2, NULL, NULL, '', '', NULL, NULL),
(182, 'Laksma TNI (Purn) Roedy Santoso', '', 2, NULL, NULL, '', '', NULL, NULL),
(183, 'Laksma TNI (Purn) Sukarso', '', 2, NULL, NULL, '', '', NULL, NULL),
(184, 'Laksma TNI (Purn) Sukemi H.M. Yassin, S.H.', '', 2, NULL, NULL, '', '', NULL, NULL),
(185, 'Marsda TNI (Purn) Sagom Tambun', '', 2, NULL, NULL, '', '', NULL, NULL),
(186, 'Nur Heridjati Trenggono', '', 2, NULL, NULL, '', '', NULL, NULL),
(187, 'Nus Sunadi', '', 2, NULL, NULL, '', '', NULL, NULL),
(188, 'Pelda Kom (Purn) Sunanto', '', 2, 98, NULL, '', '', '', NULL),
(189, 'Pelda Mar (Purn) Mahfudz', '', 2, NULL, NULL, '', '', NULL, NULL),
(190, 'Putut Prabantoro', '', 2, NULL, NULL, '', '', NULL, NULL),
(191, 'Yudustar', '', 2, NULL, NULL, '', '', NULL, NULL),
(192, 'Bpk. DR. Willem Nikson Sitompul, APU.', '', 2, NULL, NULL, '', '', NULL, NULL),
(193, 'Moh. Nurul Burhan, S.St.Pi', '198012132009011003', 2, NULL, NULL, '198012132009011003', '$2y$13$VYaBkFWks3b6l4QCGNhHY.LQ8yHhaVX9HDnTz/w.4CCXa57GvBcDq', NULL, NULL),
(194, 'Riandi Yudha Gunawan, S.IP.', '198112222009121001', 2, NULL, NULL, '198112222009121001', '$2y$13$LAg2eDB1LFdMRCNMUiur5u4OxHhBNmIwS0/BaHBgHxnSa5cjJOYgq', NULL, NULL),
(195, 'Dony Nova Rusfandi, S.Kom', '197711222009121001', 2, NULL, NULL, '197711222009121001', '$2y$13$6cJj8p5Pgc2gjvg45D2w.eCY3dGlisaghjtpOuo46j01W19IGnVKO', NULL, NULL),
(196, 'I Nyoman Astawa Yasa', '19485/P', 2, NULL, NULL, '19485/P', '$2y$13$rL8gR7sydrZ3kly88tMZj.mpqfNdJFSfY72iyc635xrGSKVlqddhK', NULL, NULL),
(197, 'Yitma Setyo A. Pradana', '117225', 2, NULL, NULL, '117225', '$2y$13$LSYcwjlD6bQoJi0uD8yFO.rSCYslB5snLTFCZMRvMkaoNgpu6qn.2', NULL, NULL),
(198, 'Eko Sanjaya', '115955', 2, NULL, NULL, '115955', '$2y$13$KD1T2kATlCApf8lbqsD8Kea0FvkwbmON4AecWNckG0n8rK.eQjGVK', NULL, NULL),
(199, 'Fachril Fajar', '114084', 2, NULL, NULL, '114084', '$2y$13$3IFiwt1WvOjDgS6HLoXf..gBtHOs8nyrWATkN6z0orPnCDfQcDpAS', NULL, NULL),
(200, 'Fran Ari Ahmad Diarto', '114963', 2, NULL, NULL, '114963', '$2y$13$zmvJEOsQpUHbgTt8NBAaE.n8g/F40sibN/qI3dzATitYwyxzZVWCm', NULL, NULL),
(201, 'Tarmono', '81570', 2, NULL, NULL, '81570', '$2y$13$H.itDKnXI.abZleSLG6zNuaV6cUOGtpDfSd3fFmPsfNBrTIWFqrMy', NULL, NULL),
(202, 'Ahmad Sodikin', '75097', 2, NULL, NULL, '75097', '$2y$13$.1x8nxpjVVcWEJKU3EN/DuyF5isEoW6a6txAZ5Bu8/2YaUAU8BZnG', NULL, NULL),
(203, 'Antonius Abdi Setiawan', '116011', 2, NULL, NULL, '116011', '$2y$13$IIwCDVJdnijT7x2YWe1w9u3dwmw6YL9njVvaiwYcaLlC78RwqOd9W', NULL, NULL),
(204, 'Tri Yuliarso', '115990', 2, NULL, NULL, '115990', '$2y$13$M00Tm.CkEOlaiD0mO8zFC.8IRIHNI93q8RUSravWgl8culQI8z66u', NULL, NULL),
(205, 'Ridwan Riki Haryadi', '116008', 2, NULL, NULL, '116008', '$2y$13$lIEXe082BypXIyWTyfkc/.nYej.jj9pa835M8HTYfpYy8dBOWeUOm', NULL, NULL),
(206, 'Eko Hendik', '96177', 2, NULL, NULL, '96177', '$2y$13$Pj8rJ8ELJ98hP9Ln8MucfOGSNGqPk7AbXJAMU6i0QpQRreykMEG8u', NULL, NULL),
(207, 'Ruswanto', '98494', 2, NULL, NULL, '98494', '$2y$13$haAs5g2TYi6E4tKEyaphbuOAYAAuERCPwbDEH3Jj1tlEI.Xm76Smm', NULL, NULL),
(208, 'Rubiyanto', '98426', 2, NULL, NULL, '98426', '$2y$13$xxRh.jMsL1KYs6UPVgflvuCliNBqilOs6xOrCjlDb9ruz5FSguNeW', NULL, NULL),
(209, 'Subedi', '88954', 2, NULL, NULL, '88954', '$2y$13$mENjyEvef8g1ydrwoYJ28eTyx74ROOiKh8lwYq.tsItmlx127kyki', NULL, NULL),
(210, 'Agus Wanto', '106617', 2, NULL, NULL, '106617', '$2y$13$SfpHPFljZ5hfWbPUkdliH.5eC1JvAe7p9i/CR2yLffZv3doxD0HKm', NULL, NULL),
(211, 'Andik Eko Yulianto', '110147', 2, NULL, NULL, '110147', '$2y$13$IwnVOxiiG4/Y05VjzLv8kOlATwpApUyGdkuN/cwca61I.X3yg8Pre', NULL, NULL),
(212, 'Muhamad Mustaqim', '112539', 2, NULL, NULL, '112539', '$2y$13$EpAAWVeG9N2ULNUM1mBOE.QwSEGO.2rl.LI5VCzwfz3Wp7rbjsWuS', NULL, NULL),
(213, 'Eko Sulistiyono', '108053', 2, NULL, NULL, '108053', '$2y$13$IZTeE0GRV1Eqbie1lPMDpu8R1doMy3FOaa5E4h0eSS6NGyYRBqzfO', NULL, NULL),
(214, ' Jasmin Mudianto, S.H.', '18149/P', 2, NULL, NULL, '18149/P', '$2y$13$AqJu2TR/LImWtTSLIn9Qt.5tGyG55fki85YV007.WucSruGzgNN3i', NULL, NULL),
(215, 'Bram R.M., S.S.T.Han', '20060/P', 2, NULL, NULL, '20060/P', '$2y$13$3qHYF9KAvJkHAsWmanN1iuYdTotrNDhgRmY2SZRusi4p.vk53Zq3C', NULL, NULL),
(216, 'T.D. Mandingin S.,S.ST,Han', '19995/P', 2, NULL, NULL, '19995/P', '$2y$13$rFoWkEyE5VHrmRkDimFoceGN5prVT0NzFOFtVJ2BXXX3fTVdqVF92', NULL, NULL),
(217, 'Arie Wibowo', '19493/P', 2, NULL, NULL, '19493/P', '$2y$13$0gFcpcaEbUNMc2zWJI78ZOEO.RJdTAJfaiQKz0vgVCAEIeXy4gMpG', NULL, NULL),
(218, 'Rofi Hidayatur R.', '18708/P', 2, NULL, NULL, '18708/P', '$2y$13$piFpB/dmOH9lUqrylST4DuCMV.A1ZU4OgtNKXHkXSanZoHI1gbBEO', NULL, NULL),
(219, 'Hendri Dwi S', '118661', 2, NULL, NULL, '118661', '$2y$13$V9eGQeUS0ETyFCH5M1T40OOAVRxdmCO5yB6qVJhwIdK968W8ZSJOa', NULL, NULL),
(220, 'Antonius Ricky A.', '117216', 2, NULL, NULL, '117216', '$2y$13$TBnulBA1h9gxn53pk8pJrermCWvJ55X3ANt/dhTNz8VmpYd.ZUCYm', NULL, NULL),
(221, 'Eko Fitrian M.', '117228', 2, NULL, NULL, '117228', '$2y$13$gryrkwQQUz5Jo/qxlRBZNu0yoHtjvKO3n/uwbFX/r6.Grb4hZ2nJu', NULL, NULL),
(222, 'Ersoni Manderos', '117213', 2, NULL, NULL, '117213', '$2y$13$R4ku8VO8K75LGFUxGFPRF.L2BLC8dBINVf/RmJhk/h9fRNT.mLkY2', NULL, NULL),
(223, 'Jeferson Katimpali', '117215', 2, NULL, NULL, '117215', '$2y$13$74iwCCKvWMXsCOKsMnT3XOAiCKwJTj8a3Heiux0lfM.fJzjkfAcE6', NULL, NULL),
(224, 'Ryan Yogie P.', '117437', 2, NULL, NULL, '117437', '$2y$13$be3CuaoaUCQwM9mI0Je5ju/pvQT/8TKGGEWLVmgAx1WgBemyhSscy', NULL, NULL),
(225, 'Doni', '117445', 2, NULL, NULL, '117445', '$2y$13$JLsmSQ74P8PAbZOB1waHgucVdXT21eWRvN8zG15RAW6LHeTAvXVci', NULL, NULL),
(226, 'Yulexsi M.', '80472', 2, NULL, NULL, '80472', '$2y$13$vDMDJrAYr.5Phhzo2rUamez6RsBr.Flz3tpQb8JEP6ords8wFWcwm', NULL, NULL),
(227, 'Adi Kurniawan Pratama', '117347', 2, NULL, NULL, '117347', '$2y$13$JJiAIt3mAIkgtEi15bvMsOMkAji/e57jagNLYdb1JbzCsm7jpQzES', NULL, NULL),
(228, 'Ardika Wilis A.P.', '118332', 2, NULL, NULL, '118332', '$2y$13$kBQm91pVaF8smmPvQRAWxueDvxBkiA6xSIfPc0qOr4WXg1dNkasfO', NULL, NULL),
(229, 'Puguh Sepfuad', '116059', 2, NULL, NULL, '116059', '$2y$13$lBJtpFb9IC5.KL4DdiNt2ucugywjpq2S7q0yYOe6uQWfUVJdMDzTO', NULL, NULL),
(230, 'Purwo Satrio U.', '116056', 2, NULL, NULL, '116056', '$2y$13$B2wFQBme/BMw.RooJtBFuuy/352fp7JEM10et8AXreqavuisA6/eW', NULL, NULL),
(231, 'Tony Setiawan', '117313', 2, NULL, NULL, '117313', '$2y$13$BtBZn2emzDtde0AkGsjWDeP434P9Infw4/5PLuAIdTRX9dU4WXKP6', NULL, NULL),
(232, 'Didi Alamsyah', '117194', 2, NULL, NULL, '117194', '$2y$13$uCfJg0.OifTqrfI8pcTBO.fIV1yQy7DhkroYWijguJtXb29TjtERa', NULL, NULL),
(233, 'Doni Ari W.', '117193', 2, NULL, NULL, '117193', '$2y$13$NHfpzt9jLoe9I8Nq45CM9.1JgP2BMKm8jCvLtv5XHWj/spoqzAFCa', NULL, NULL),
(234, 'Girda Oky P.', '117198', 2, NULL, NULL, '117198', '$2y$13$Hr4InRz8MAi6rVVvjbpSQe7WxkSGUj1j/jA9.K35II.ZXC4rDACAC', NULL, NULL),
(235, 'Daniel Nelvin Bimbanaung', '117248', 2, NULL, NULL, '117248', '$2y$13$LSoXfTsfxMFBR1hEQ16/Nupx/j6rNgLzjporM8UMb1CbyURguCnnO', NULL, NULL),
(236, 'Trio Anugrah Payu.', '117249', 2, NULL, NULL, '117249', '$2y$13$Ob6/33MCZc47PuhSflTXreBzwZiJu4aTyWYumOdgwLe9N6VWSbk0K', NULL, NULL),
(237, 'Octafianes Luky G.', '112442', 2, NULL, NULL, '112442', '$2y$13$x4MSsPjhfDBkqLGvPvuBwO44wc3Ug3pWqa221lGb2hUIjjNvm6jsa', NULL, NULL),
(238, 'Wempie Vidhi N.M., S.ST.Han', '20428/P', 2, NULL, NULL, '20428/P', '$2y$13$NXGcSG9hRk9331mFhqwf5uvYX4uQ3Ocr.4rzombUS97BjynWg6ij.', NULL, NULL),
(239, 'Arviyudha Shambazy Arief', '19193/P', 2, NULL, NULL, '19193/P', '$2y$13$vBghtOPf//koDwv/SCCdtuVE.RUB9d/ETp2JvZPj5iU4ZALB9jHrm', NULL, NULL),
(240, 'Toni Hermawan', '', 2, NULL, NULL, '', '', NULL, NULL),
(241, 'Sugeng Subiaqto, S.S.T.Han', '19991/P', 2, NULL, NULL, '19991/P', '$2y$13$P65.iICE/g3ylE6iYXF3u.rhGyYHaktUwcVbNGj7MN9pA8UvC7VGu', NULL, NULL),
(242, 'Yudha Sukma Perdana', '18705/P', 2, NULL, NULL, '18705/P', '$2y$13$IXRs3jmP/M1mphvBq0sjOuedG1QzQ1nCUgL62XmfjdDz51Dgyc3ia', NULL, NULL),
(243, 'Dwi Purwanto', '', 2, NULL, NULL, '', '', NULL, NULL),
(244, 'Aditya Firman Saputra', '117227', 2, NULL, NULL, '117227', '$2y$13$TPM26kd2f5jKldV.IF5vAuSpqpzNq2nvKZZB.uTVmOr9Aen/w6r7e', NULL, NULL),
(245, 'Endik Sadiki', '115916', 2, NULL, NULL, '115916', '$2y$13$EremGdhexUn7PwsneIfSpO7P6rfQnhQrvDhGdIpw4vDimzimDbLUa', NULL, NULL),
(246, 'Roni Setiadi', '118284', 2, NULL, NULL, '118284', '$2y$13$ZSq2h9mXrwuK27hJV3q1cOSsGbLSH857vEH3Kulsoxu2VqU2fiRzm', NULL, NULL),
(247, 'Usman', '114858', 2, NULL, NULL, '114858', '$2y$13$7wUKEFMY1zWrElmrCHdPx.U11dS1S8UAM0L51QSaQN3/0Y9h.2Vw6', NULL, NULL),
(248, 'Yanuar Fadli', '115928', 2, NULL, NULL, '115928', '$2y$13$AZiF.51Q9H63irz8CkeFvOVdtLI2mfXYSrb5AolQlkiT7vPShghJu', NULL, NULL),
(249, 'Gun Navyadi', '118386', 2, NULL, NULL, '118386', '$2y$13$c.8aDURjs2X0Zmfs4KI.oerwY.o5nddHAamBq/20Q/u8lhubzyKeu', NULL, NULL),
(250, 'Bagus Handoko', '115971', 2, NULL, NULL, '115971', '$2y$13$9QkaLTJJIm9a54sNK3eSNOTxLZu6qa0/8.xoVnjiMDx/1vEoElI6y', NULL, NULL),
(251, 'Robith Rifqi', '118321', 2, NULL, NULL, '118321', '$2y$13$Mnd0N0pPzh4io6TZgvvEpenWBRkbGv.5UE8lzj/JnNzJCsVbFYhWe', NULL, NULL),
(252, 'Bayu Nugroho Bagus S', '117362', 2, NULL, NULL, '117362', '$2y$13$hZzFhoHI03NaORw4Uu33IeX93Fkwog1N7xXdhCCKv/rsOLe9jwcE2', NULL, NULL),
(253, 'Davis A R', '117306', 2, NULL, NULL, '117306', '$2y$13$M9KdPZtQe.eVsZsY46In5.BpWV8Ff6tYsxd9.P23.t5qGfXSjqVPi', NULL, NULL),
(254, 'Joko Susilo', '117329', 2, NULL, NULL, '117329', '$2y$13$ihuCz30kKwC4AIMr0JSniejgZ9E2DLHM.mQYUQ8ni6JrNFWMMB4Ha', NULL, NULL),
(255, 'Rian Khitami', '117308', 2, NULL, NULL, '117308', '$2y$13$TQltP/GrQJua1xx82QVyk.KsAzld3LkaOK2S20FcQy5LdUbBKD4o.', NULL, NULL),
(256, 'Agus Sanyoto', '118273', 2, NULL, NULL, '118273', '$2y$13$3cvv4TNb2gUyPp3u/XuDrurpfc1Omaicp3AKOZsf/bzx6i/RnKrsq', NULL, NULL),
(257, 'Maghfuri Sufi Hakim', '118270', 2, NULL, NULL, '118270', '$2y$13$YkEEzyK3IFWrq4K9fQqEgOTMANQOYR4nPzdCNRePNXz3SG61w6RU.', NULL, NULL),
(258, 'Waris Setiawan', '118269', 2, NULL, NULL, '118269', '$2y$13$IJ9igecfsKmYHVqXeQE7QONp5syikpYnIiiGPOUo51ogl.mh4J5g2', NULL, NULL),
(259, 'Fajar Rahmandika', '118300', 2, NULL, NULL, '118300', '$2y$13$q5qsZA0zUOnWiT/XvavJ/e.N/ChE63xl8xh9kt4oEOoULZPNwyeYa', NULL, NULL),
(260, 'Husain Syam', '118301', 2, NULL, NULL, '118301', '$2y$13$dVeGCx.GioweQeLzapkbB.DHz4mO32znxzIe8r0AfEuZGCkEnX5gu', NULL, NULL),
(261, 'Rupiandi', '74531', 2, NULL, NULL, '74531', '$2y$13$jbgLghomst7ssOLR.3MqZObM2ik0MOl9JG0K.15B7Ynt8bne/RwC.', NULL, NULL),
(262, 'Aditya Akbar T. S.H., M.Si.', '', 2, 233, NULL, '', '', '', NULL),
(263, 'Bagus Susilo Nugroho, S.T.', '', 2, NULL, NULL, '', '', NULL, NULL),
(264, 'Afrizal Agung Satria, S.E.', '198802072010121001', 2, NULL, NULL, '198802072010121001', '$2y$13$V/7sB4N7DpX88GLcetF5JOzQjg7PZDmPaWoexvXe05cpFY7w5T52i', NULL, NULL),
(265, 'Armi Nur Asyafah, S.H.', '198402072015012001', 2, 241, NULL, '198402072015012001', '$2y$13$52z2zif3GXRtkvN0lsJDT.CAqnHwOTJZZA/j4/wGEvhQKjj0IPvoS', '', '2015-12-29 15:41:30'),
(266, 'Diyah Widayanti, S.Ikom', '198412172015012001', 2, 242, NULL, '198412172015012001', '$2y$13$rvBd5ofsMhHRO3yOHbAaq.cjQaTDQb6w5jrA0pTgi6TN3M18DIQxi', 'diyahwida@bakamla.go.id', '2016-01-04 11:41:00'),
(267, 'Hari Mugti Subroto, S.H.', '198910252015011001', 2, 240, NULL, '198910252015011001', '$2y$13$Z5LAqMArz8BiW/f0ZM0ODeuLpdchvmDwiQtJAKDee4paqMr7FQjpi', '', '2015-12-29 13:44:36'),
(268, 'Muhammad Edo Novrada, S.H.', '198911302015011001', 2, 290, NULL, '198911302015011001', '$2y$13$faKYL.ilyVYZeTK6PfGVMO1NZfWqHHCiexPW2/7ZArYZq6rIntfMa', 'edonovrada89@gmail.com', '2016-01-06 09:01:50'),
(269, 'Nurmala Imaniyah, S.Kom', '198811292015012001', 2, 288, NULL, '198811292015012001', '$2y$13$xLq2W3KXUJH.hRBy.a543urmkWlPLda5SBIWGYDCZR6bKtWEFp0AS', '', '2016-01-05 09:02:46'),
(270, 'Sarah Rizky, S.S.', '199201022015012001', 2, 245, NULL, '199201022015012001', '$2y$13$u28XyFBBdM2vlT1fSzj5rekyGGd1my.mPYN.z2f/Z6fADgPNmQFoy', '', '2016-01-04 11:44:12'),
(271, 'Vida Gessy Zerlina, S.Hum.', '199208012015012001', 2, 235, NULL, '199208012015012001', '$2y$13$6kXfkm8.Bxe8lxzX.mNFSuHTkCFU7s6hEdR4aPmU091sIRPOyg/d.', '', '2016-01-04 11:15:03'),
(272, 'Dono Arye Prasetyo, S.T.', '198112272010121002', 2, 234, NULL, '198112272010121002', '$2y$13$BYkbIDyJV5JvsbawswOnC.jBzyJ7TZ9qzo/Nbg6ZqTMdNzeDGdiDu', '', '2015-12-29 13:26:56'),
(273, 'Novy Poedjawati, S.T.', '197411302010122001', 2, 237, NULL, '197411302010122001', '$2y$13$/ro8yQPERGcqW22G7/LnXuj6N5BEB7.CDk3LGxaR/IbpVCR5wY5uK', '', '2016-01-20 09:32:46'),
(274, 'Tri Yoyon, S.Kom.', '198009122010121001', 2, 239, NULL, '198009122010121001', '$2y$13$5SosIlQs14J5Ugd6O1WiKe86Wg36xK0eJ3Ffmm1M9x7yZhApQ2K9.', '', NULL),
(275, 'Ujang Rusmana, S.Si.', '198301162010121001', 2, 231, 231, '198301162010121001', '$2y$13$qSWX0CrUpJ/5SsjEEOWGfuMFMpjDZe6n6gYRBMg8Fl14ufq3LXCF6', 'ujang_rusmana@bakamla.go.id', '2016-01-19 09:39:54'),
(276, 'M. Abdul Aziz', '', 2, 286, NULL, '', '', '', NULL),
(277, 'Putri Huta Haean, A.Md', '', 2, 289, NULL, '', '', '', NULL),
(278, 'Ahmad Zamroni', '198306262010121001', 2, NULL, NULL, '198306262010121001', '$2y$13$dEMOSSemQtlHfS0t6DYRlO/ilZc6s2ow0AbL5VX.yxW1HpjMBNSUG', NULL, NULL),
(279, 'Muhamad Afrizal', '198710272009121001', 2, NULL, NULL, '198710272009121001', '$2y$13$wrYP3.eA4s0.ozwM3Yzm/.LBOG7i9NYDtsheTcqFIjeZ/1fHk853S', NULL, '2016-01-05 10:21:04'),
(280, 'Romadhon Ponco Seno', '197111182009121001', 2, 246, NULL, '197111182009121001', '$2y$13$wNmG0EWi/JOHr7.4vbPZK.RtMBeugKdvRraAGh9u5o2MYRLek6qde', '', '2016-01-04 15:55:27'),
(281, 'Steven Engelhard Fransye', '198306262010121002', 2, 236, NULL, '198306262010121002', '$2y$13$7IsZwKBGeiI.37e5g/lYs.4gfbfK0QOmbbYD5wn05eX.7avLS75rS', '', NULL),
(282, 'Antonius Nungky A. W. P., A.Md.', '197810242010121001', 2, NULL, NULL, '197810242010121001', '$2y$13$XKfjam6yO1I0jMn2pU3mjukfs9usduLFQpA9gZgO88lab5MOlQ2Xy', NULL, NULL),
(283, 'Andika Gilang Budiansyah', '', 2, NULL, NULL, '', '', NULL, NULL),
(284, 'Arif Dwi Laksono, S.Pd.', '', 2, 253, NULL, '', '', '', NULL),
(285, 'Bayu Aji Raharjo', '3273222704820009', 2, 263, NULL, '3273222704820009', '$2y$13$CxFldkN/pbD41z4KoITWe.LyRTg0qkx88mlctwS1ZMkNCgAh5Ci8W', '1982.bayuaji@gmail.com', '2016-01-04 13:34:23'),
(286, 'Gintung Sandra Gunara', '3674020801920007', 2, 285, NULL, '3674020801920007', '$2y$13$9uGtTHTo5kiwrGYPkN.L0ulSOl541Zi.IR8VXM6Bdmt91o60FZn9K', 'sandragunara@gmail.com', '2016-01-01 06:28:42'),
(287, 'Fenny Hendrastuti, S.P.', '198808202015012001', 2, NULL, NULL, '198808202015012001', '$2y$13$CQmfMJ0p.kMf8pn6/cbSQOp0PXF0OaBB4pRb.p08ooGF3oHITr94m', NULL, NULL),
(288, 'Franzeska Dyah Sulistyorini, S.Pd.', '198512202015012001', 2, NULL, NULL, '198512202015012001', '$2y$13$NjY.ePaaIeK0ZFP5nUs2J.2DnrUvGqn0xDLsCdnMEuGcbJ9.ozUNK', NULL, NULL),
(289, 'Happy Nurhidayah Parahiani, S.E.', '198507252015012001', 2, NULL, NULL, '198507252015012001', '$2y$13$vGYseXlWERrHoSj8ocUM2eVbYbdhmQr9ybNe9bd66/l9csc2DCi/O', NULL, '2016-01-20 10:19:22'),
(290, 'Rindra Swandita, S.E.', '198308172015011001', 2, NULL, NULL, '198308172015011001', '$2y$13$F.QESe9iYO5LkEVQpzP9FOa9kyjbvYXgkJfdqwjU7O2CJ9us3PDh.', 'kobochan@live.com', '2016-01-20 09:45:29'),
(291, 'Siti Badiah, S.H.I.', '198501062015012001', 2, NULL, NULL, '198501062015012001', '$2y$13$P3cCY1wFVcu6yiMll88PaOU1KKGrrOnvjedIaJPNwstWXRXJkH0cK', NULL, '2015-12-29 13:00:26'),
(292, 'Widyawan Prabowo, S.E.', '198005242015011001', 2, NULL, NULL, '198005242015011001', '$2y$13$ZbZ9eZOFRei/h8iP2CRCoutl/iqNzXMp8H/treFf6jcyLk2dJKc32', NULL, NULL),
(293, 'Doby Sunja Anugrah, S.E.', '198209292009121001', 2, NULL, NULL, '198209292009121001', '$2y$13$8o7yDH60gcQPmX5STPnWG.M2eU30p6V4S/RoZeFkBTd2O0R/fxN8S', NULL, NULL),
(294, 'Sutrisno Diyanto', '196301201990121001', 2, NULL, NULL, '196301201990121001', '$2y$13$L0ezQSeZ3glfYqxZ65PCeueH0kJcuDM5NjHPMMLIVO3Z.dqE9W.mm', NULL, NULL),
(295, 'Thomas Suseno, S.Kom, M.Si', '197306082009011001', 2, NULL, NULL, '197306082009011001', '$2y$13$nGcHBzHBqb51zfKhEIUynepMSE1fleFkSDer/sCDlT/YTbHy9RNye', NULL, NULL),
(296, 'Satriyo Endiutomo, S.E.', '3172061605850002', 2, 269, NULL, '3172061605850002 ', '$2y$13$SjkdcSBNiYCZdao0CdFpDO91wm/niHVywcEu5QxdFH20twHevZbVS', 'Endi_red_devils@yahoo.co.id', '2015-12-30 10:47:15'),
(297, 'Rohman', '198304022010121001', 2, NULL, NULL, '198304022010121001', '$2y$13$0NUHGkUIAKaHRtzmAmav6eHUxRtLNSB0EsAkBv99bLfeF0nBul2L.', NULL, NULL),
(298, 'Suprihatin', '', 2, NULL, NULL, '', '', NULL, NULL),
(299, 'Yogi Pratama', '', 2, 270, NULL, '', '', '', NULL),
(300, 'Achmad Rizal', '', 2, 264, NULL, '3172031209900013', '$2y$13$L8/57vECZBEy6U/uz5mqYuSEzR6ZOBm50b1yC6FyEM9dNDEUH4Js6', '', NULL),
(301, 'Indra Agustira, S.Pd.', '', 2, NULL, NULL, '', '', NULL, NULL),
(302, 'Jarot Harjanto, S.I. Kom', '', 2, NULL, NULL, '', '', NULL, NULL),
(303, 'Budhi Asti, S.Si.', '198312252014021001', 2, NULL, NULL, '198312252014021001', '$2y$13$T2W2VzMW8I67UQ1OAeAAXuW01Xhw1o02p6S1MV3KYMiguMtgZ99Me', NULL, NULL),
(304, 'Citra Dewi Lestari, S.S.', '198508042015012001', 2, NULL, NULL, '198508042015012001', '$2y$13$YyCNm03KM/m0i0dRJ3g8AefBNEEMK8t1lVF5nToNmgdbTqbQFU1J2', NULL, NULL),
(305, 'Ershad Ruswanto, S.Kom', '198810092010121003', 2, 265, NULL, '198810092010121003', '$2y$13$y65cnycrzYkSJZIW1bgdBeMsvJtIDLFyNzLnF/npqRtfVtd3lZE5W', '', '2016-01-01 07:58:21'),
(306, 'Tito Adhikurniawan, S.Or.', '198408302015011001', 2, NULL, NULL, '198408302015011001', '$2y$13$wgUQFSMEcZl53gQZaM96SuZBloAOhp9F3VHRCMPOEH8kQK7cfNnIq', NULL, NULL),
(307, 'Hesti Wulandari, S.E.', '198606172009122001', 2, NULL, NULL, '198606172009122001', '$2y$13$m.D2uleLnHgdXy9W.uBTMuf23IuC5cIuBLwxhy1Vrw2R0EM6Z/CyG', NULL, NULL),
(308, 'Mohamad Eksan', '', 2, NULL, NULL, '', '', NULL, NULL),
(309, 'Wahyuono', '103674', 2, NULL, NULL, '103674', '$2y$13$ZFcwAZ2T5lnHErhu5nakRehKsFy8tIfPQDCmAJe8kjGG/Dvm9B1oK', NULL, NULL),
(310, 'Aris Hermawan', '198503312009121001', 2, NULL, NULL, '198503312009121001', '$2y$13$sN3J4nOaXnEdtqYikU.xaOUj3pyYXmvjC2Yqv0mV4keCmnvDNdTcm', NULL, NULL),
(311, 'Daniel Sibarani', '198206162010121001', 2, NULL, NULL, '198206162010121001', '$2y$13$SK7BE/buqxWyvH/a1iFZDOGVqGywtsk.bxHJb6vXAqLu8uGmCjPtC', NULL, NULL),
(312, 'Rizky Setiawan', '199007012010121001', 2, 267, NULL, '199007012010121001', '$2y$13$HZ23044EywR1aPM1HrGAFOOanBt9nU05SrxhgccLocwVQ1HG/Gt0K', 'donz1790@gmail.com', '2016-01-07 12:10:18'),
(313, 'Rohaemin', '76923', 2, NULL, NULL, '76923', '$2y$13$YUVGjdMUSoBvz1kxl1yFMOikrGb4i2KzNT71x/6G/FxKFrHMQ/lyi', NULL, '2016-01-20 08:58:31'),
(314, 'Sape’i', '198703042010121002', 2, NULL, NULL, '198703042010121002', '$2y$13$75sKPICUd/ouSwJynE0ziOg8VA1IvQtrU/V9lrFg0zdAYmNL2sCFO', NULL, NULL),
(315, 'Suwarno', '198012242009121001', 2, NULL, NULL, '198012242009121001', '$2y$13$X.mlsF/f.Xoz3TXN8sgJ6.9XBmoHL.qQ8Bx8id5DNHyv0U5ZglLla', NULL, NULL),
(316, 'Zainul Arifiyanto', '104632', 2, NULL, NULL, '104632', '$2y$13$5YmyM6Qnh7Af4LSqsOrmF.R/QQB5mWwgCKa8gRyB1e2SJhhb2VtDq', NULL, NULL),
(317, 'Cecillia Dyah Afsari, A. Md', '198407082009012001', 2, NULL, NULL, '198407082009012001', '$2y$13$1RIIj4jZMxvyuGaXCQxtLOzNROxCFAKQvAPmeHDpLc14yhv3FIZk6', NULL, '2016-01-20 09:41:19'),
(318, 'Lia Puspa Sari, A.Md.', '198605142015012001', 2, NULL, NULL, '198605142015012001', '$2y$13$bPF/t9DCGa3LHVrPnWFUK.V4mhvry1WjR3LTpsI43c1DwcslFfaYS', NULL, '2016-01-20 08:56:14'),
(319, 'M. Yamin', '75088', 2, NULL, NULL, '75088', '$2y$13$w9gT2lLpf5uhT2J3h8RDQObvdEhMUXClAefBdhVHXhqzmTulcrE6O', NULL, NULL),
(320, 'Samiedi, A.Md', '197908112015011001', 2, 283, NULL, '197908112015011001', '$2y$13$QhqNIFa7OBRN.A/foujvtO8yq5GBFEVuyTiqAKSZqGZeq.RAoN0Ae', '', NULL),
(321, 'Suci Utami, A. Md', '198701102010122001', 2, NULL, NULL, '198701102010122001', '$2y$13$TXHLmIwXbI8WHyRbyB8E2egaaJwDOz6H7qsWckTD9vXnWhVNZhzMS', NULL, '2016-01-07 06:57:16'),
(322, 'Andrian Dimas Setyanto', '199403172014021001', 2, NULL, NULL, '199403172014021001', '$2y$13$cb0RegIhfl6DLqqSZ7BAA.5gtxz6YeybMRZAG02qGixj3mEXtnP.e', 'andriandimass@gmail.com', '2015-12-30 11:21:21'),
(323, 'Nadil Bethel R.L.', '197908142014021001', 2, NULL, NULL, '197908142014021001', '$2y$13$yOzdO7AhbV2Y0LwMH1ApBeMd72C3UAgE1TxG9E4XpuznsQ.A/zZEW', NULL, NULL),
(324, 'Romdoni Priyanto', '198805142014021001', 2, NULL, NULL, '198805142014021001', '$2y$13$bMXdfOQj0P7OguYAYr7vqeVn8EfANOJ5PcvNOI12DJIE1LeSl0N12', NULL, NULL),
(325, 'Wahyu Wibowo, S.E.', '197901162015011001', 2, NULL, NULL, '197901162015011001', '$2y$13$Jv4qjt.Id/BhE0KT1sC0Wu0Mdin3tsN3GIfm5Jti.9Ckm9aUibvNi', NULL, NULL),
(326, 'Herlambang Adhi Pradhana, S.E.', '198403302010121001', 2, NULL, NULL, '198403302010121001', '$2y$13$jqPBhgxhCp.PNQD..FkImORwPxM9bJr4vZ2z2/Q4spZi97d64BN3u', NULL, '2016-01-08 07:58:37'),
(327, 'Mardian Santoso, S.E.', '', 2, NULL, NULL, '', '', NULL, NULL),
(328, 'Neneng Siti Aisyah, S.Pd.', '3204285811920006', 2, NULL, NULL, '3204285811920006', '$2y$13$f6aurnpbCd2pUYOwKspvt.fp0V.RsbYC8gk33gsjD.tDiPlZgJq6O', '', '2015-12-30 11:20:18'),
(329, 'Desrinda Misiliani', '197912162009122001', 2, NULL, NULL, '197912162009122001', '$2y$13$wnR8owt26x1PrkD4eUflOO2dTT9QA2xNmaKReDAgn0Czpszku79PW', NULL, NULL),
(330, 'Cornelis Magrisal Samuel Allagan, S.IP', '', 2, NULL, NULL, '', '', NULL, NULL),
(331, 'Fadli Ibarqi Aulia', '', 2, NULL, NULL, '', '', NULL, NULL),
(332, 'Hendra Purnama', '', 2, NULL, NULL, '', '', NULL, NULL),
(333, 'Mahfud Hidayat', '', 2, NULL, NULL, '', '', NULL, NULL),
(334, 'Rio Dwi Umbara', '', 2, NULL, NULL, '', '', NULL, NULL),
(335, 'Bejo Wiyono', '89744', 2, NULL, NULL, '89744', '$2y$13$vp.1763J54WeJSLfQlWMNOyP/VF3KctctG1DndISKrlRaW3AqXlKO', NULL, NULL),
(336, 'Muh. Triyono', '198810032010121002', 2, NULL, NULL, '198810032010121002', '$2y$13$kYJPbvh3wde5RrasqAPlXeaOfn6qWp7VuCFk9bN7l7I7hgU2gHgoa', NULL, NULL),
(337, 'Heru Yuwanto', '102574', 2, NULL, NULL, '102574', '$2y$13$.NzDynl9kTpdU9Ly5KcnDuQYCVsfXJecaEFSypFUP/G1OeDMiX6JW', NULL, NULL),
(338, 'Yuhas Rahman, A.Md.', '197911202015011001', 2, NULL, NULL, '197911202015011001', '$2y$13$onAnOE3KhP75IBAgWzLu5OQOuk6g46YEHBp0M.XzQCDTvIaYwjnbq', '', NULL),
(339, 'Agung Pramujiawan', '199108172014021001', 2, NULL, NULL, '199108172014021001', '$2y$13$KgM89uByi39hlzpOfQ5PB.xdi6dpU2IOgICgDn3BhX7Oov8X.ivBS', NULL, '2016-01-05 08:32:41'),
(340, 'Irpan Dadi', '198304222014021001', 2, NULL, NULL, '198304222014021001', '$2y$13$menOszQh7FUb2L0O6DlGBu2u6ZN1ylP648iiDr5E7iga/FVYxlMqe', NULL, NULL),
(341, 'Leo Barata Yudha', '199011232014021001', 2, NULL, NULL, '199011232014021001', '$2y$13$iImlIqaioI2p7jnlCu88h.l9GlLbx5GCK5TFzt.7hbboooAoVnhm2', NULL, NULL),
(342, 'Alfira Albrinda Assa, S.E.', '', 2, NULL, NULL, '', '', NULL, NULL),
(343, 'Hendro Pontoh, S.H.', '', 2, NULL, NULL, '', '', NULL, NULL),
(344, 'Muhammad Fauzi', '', 2, NULL, NULL, '', '', NULL, NULL),
(345, 'Martotinus Pariu', '99429', 2, NULL, NULL, '99429', '$2y$13$iYmygKiyn2OEJEefUKMPYevdcvkEP2a0DzNZDd00tVnwpZwV4WG3a', NULL, NULL),
(346, 'Veronica Feletcia Mokalu', '197712132010122001', 2, NULL, NULL, '197712132010122001', '$2y$13$YRKk06cVtKWhFXRqgE20FOrYT..Ap8gi42zElreLmFlZvPfGIui8a', NULL, NULL),
(347, 'Paulus A.D.W.', '72018', 2, NULL, NULL, '72018', '$2y$13$J/OE.5R.sTibRTzj.4VCC.FmSUJJ8/8/YhspZKcgR1GRKV.UqQLma', NULL, NULL),
(348, 'Novian Setyo Wicaksono', '198911252015011001', 2, NULL, NULL, '198911252015011001', '$2y$13$0m7e68tSOnsqxi8MMOEVwueO4kK.UFotruUz.JB9HNy6PzI5rgtMe', NULL, NULL),
(349, 'Yoanna Royske Pamona, S.T.', '', 2, NULL, NULL, '', '', NULL, NULL),
(350, 'Alvino Rivan Andriansyah', '', 2, NULL, NULL, '', '', NULL, NULL),
(351, 'Aspiah Sarfan, S.T.', '', 2, NULL, NULL, '', '', NULL, NULL),
(352, 'Darno Bugis, A.Md', '', 2, NULL, NULL, '', '', NULL, NULL),
(353, 'Fhobby Devis Kaitelapatay, S.Si', '', 2, NULL, NULL, '', '', NULL, NULL),
(354, 'La Ardin, S.E.', '', 2, NULL, NULL, '', '', NULL, NULL),
(355, 'La Duni', '', 2, NULL, NULL, '', '', NULL, NULL),
(356, 'Ridwan Nulloh', '', 2, NULL, NULL, '', '', NULL, NULL),
(357, 'Rusmin La Daeba, A.Md.', '', 2, NULL, NULL, '', '', NULL, NULL),
(358, 'Yuliadi Prasetiono', '198707132010121001', 2, NULL, NULL, '198707132010121001', '$2y$13$JUWbgV.VwwhRqfEEGg2aEejL9nbV3xiLqqQxhl97v.R1XyGaxFVg.', NULL, NULL),
(359, 'Tedy Gunawan, SE., M.M.', '', 2, NULL, NULL, '', '', NULL, NULL),
(360, 'Adhi Ardiansyah, S.Si', '', 2, 248, NULL, '', '', '', NULL),
(361, 'Demo Putra, S.T.', '199309252015011001', 2, NULL, NULL, '199309252015011001', '$2y$13$thG25NshLmlMqtuAzN0XoOpASaKINyhP.Y1IMAZfaEqPYM9g5.g5u', NULL, NULL),
(362, 'Enni Parikawati, S.T.', '197712152014022001', 2, NULL, NULL, '197712152014022001', '$2y$13$7UWFWNFjD8Ru3kVOWV/BAOmp..OZbVV13GGMTBJ4teJALCr2KDrrK', NULL, NULL);
INSERT INTO `pegawai` (`id`, `nama`, `nip`, `struktural`, `id_jabatan`, `id_jabatan_induk`, `username`, `password`, `email`, `login_terakhir`) VALUES
(363, 'Ridwan Basuki, S.T.', '197807202010121001', 2, NULL, NULL, '197807202010121001', '$2y$13$FbneicUecWMi6ryrLatU3enrPF408kXlKVWC6cBtLujV7qwHXqrmS', NULL, NULL),
(364, 'Sherly Yuanita Lamtiur, S.Si.', '199006302015012001', 2, NULL, NULL, '199006302015012001', '$2y$13$V8XXjanreR88Kz7KoGHRH.qtEGivMqZFTyIAGEpLamIeESPqZwalW', NULL, '2016-01-20 10:59:59'),
(365, 'Ibnu Mufid Inung, S.T.', '198009192009011003', 2, 153, NULL, '198009192009011003', '$2y$13$SLuadWEBvR8Z9p11T5BxxOUCzjNHc5rznrBb0Cg2e5StXGERRtXFi', '', '2016-01-20 09:26:27'),
(366, 'Slamet Handhi Rahadiyono, S.Sos', '197507282009011002', 2, NULL, NULL, '197507282009011002', '$2y$13$upDo38ftaGUqmH6Q9bS.MuUD0nSd8x0VCs6jNMW.Jsy4jKrYIe/R2', NULL, NULL),
(367, 'Dwina Anne Napitupulu, A.Md', '199106142015012002', 2, NULL, NULL, '199106142015012002', '$2y$13$Hp/HQrjgOzCcj0K2U6at0u43HLq359YhXfKpYXRuv.faLuHb/MBRS', NULL, NULL),
(368, 'Jelfan Souhaly', '', 2, NULL, NULL, '', '', NULL, NULL),
(369, 'Novy Jemmy Tapilatu, A.Md', '', 2, NULL, NULL, '', '', NULL, NULL),
(370, 'Semuel Istia', '', 2, NULL, NULL, '', '', NULL, NULL),
(371, 'Herman', '198109172014021001', 2, NULL, NULL, '198109172014021001', '$2y$13$QZ0m6Yxl9tTsiF9167z/k.eNYHRgBBmWzco/FRPVf.cJl0ADwoLSC', NULL, NULL),
(372, 'Takdir Ode, A.Md', '', 2, NULL, NULL, '', '', NULL, NULL),
(373, 'Air Langga', '', 2, NULL, NULL, '', '', NULL, NULL),
(374, 'Meinhard Berlin Pieter Paulus Soukotta, A.Md', '', 2, NULL, NULL, '', '', NULL, NULL),
(375, 'Efriandi C. Kaaro', '', 2, NULL, NULL, '', '', NULL, NULL),
(376, 'Pramono Sandi Rafael', '', 2, NULL, NULL, '', '', NULL, NULL),
(377, 'Randy Fyky Rifaldo M.W.', '', 2, NULL, NULL, '', '', NULL, NULL),
(378, 'Ridho Wahyu Ramadhan', '', 2, NULL, NULL, '', '', NULL, NULL),
(379, 'Abdul Yassir Maulana', '199406042014021001', 2, NULL, NULL, '199406042014021001', '$2y$13$xuhvcV4sqLAg0KHz.EdWi.d.7nJ4ASVVL7G4hfgdE6w9xZLM2Uaq2', NULL, NULL),
(380, 'Abjen Marbun', '67626', 2, NULL, NULL, '67626', '$2y$13$yYNS.Q7Ba9RL1L44d7i1xe47PA29/Y0iEW5jN6.dpmr0FI1YoMJ7m', NULL, NULL),
(381, 'Aditya Dimas', '', 2, NULL, NULL, '', '', NULL, NULL),
(382, 'Agus Sahri', '', 2, NULL, NULL, '', '', NULL, NULL),
(383, 'Albertus Harry, S.E.', '', 2, NULL, NULL, '', '', NULL, NULL),
(384, 'Bambang Sukmono', '', 2, NULL, NULL, '', '', NULL, NULL),
(385, 'Dekster Manunggal Maseo, S.Pd', '', 2, NULL, NULL, '', '', NULL, NULL),
(386, 'Erna Selviyanti, S.Pd., M.MSI.', '', 2, NULL, NULL, '', '', NULL, NULL),
(387, 'Fajar Aprianto, S.E.', '', 2, NULL, NULL, '', '', NULL, NULL),
(388, 'Finasuri Nandini P., S.Kom.', '', 2, 275, NULL, '', '', '', NULL),
(389, 'Hafid Sutrisno', '', 2, NULL, NULL, '', '', NULL, NULL),
(390, 'Ika Budi', '', 2, NULL, NULL, '', '', NULL, NULL),
(391, 'Jul Dani', '', 2, NULL, NULL, '', '', NULL, NULL),
(392, 'dr. Sherly ', '197607032009122001', 2, NULL, NULL, '197607032009122001', '$2y$13$vKRw6ffe8f01lRlszZy0outYGTqn0z5AlD2O2ASfPL/9AVJmp67OS', NULL, NULL),
(393, 'Agis Anshari Faila, S.E.', '199107152015011001', 2, 280, NULL, '199107152015011001', '$2y$13$tWCw7MyGvQ..bnK1NZl6Cepmq9q2qciMbWkxRy8gnTPj3WBAJrVxW', '', '2016-01-20 09:36:17'),
(394, 'Alfriani Klasingtyas Wardanastuti, S.E.', '198909012015012002', 2, NULL, NULL, '198909012015012002', '$2y$13$vY7y8NAJJogfOjJnz.tdtu7TQwZZm3zdkGx0T6BZedyEMDWvKPrpG', NULL, '2015-12-29 14:14:59'),
(395, 'Andi Setiawan, S.Pd.', '198808302015041001', 2, NULL, NULL, '198808302015041001', '$2y$13$hFhAcqsLMh2qw2Vh4at8V.BT7nMsioqJ3AJAdGWN2wK8wt0VhAERO', NULL, '2016-01-20 09:47:14'),
(396, 'Ari Suprihatin, S.E.', '197709222014022001', 2, NULL, NULL, '197709222014022001', '$2y$13$6SJ2aDGJkvFBPzSWDUqQb.TJI7yNI2SXd0MUCTpX3XdIAhh1j3aAO', NULL, NULL),
(397, 'Cecep Sofyan, SAB', '197011042009121001', 2, 282, NULL, '197011042009121001', '$2y$13$r9/gprW82KMhL4DJvFjjTOWlyyj1vlLAviy0J9vULhTHRpvNAHF8O', '', NULL),
(398, 'Dahniar, S.Si', '198509192015012001', 2, NULL, NULL, '198509192015012001', '$2y$13$3BJPq5m69DDjmLSPuDmAT.YMo1d1ipIhECVRkyANeaIMPBgfBuGh2', NULL, NULL),
(399, 'Endah S. Pratiwi, S. Kom.', '199104282015012001', 2, 280, NULL, '199104282015012001', '$2y$13$CeUKxrpyTjrzlah4cP.9gOK56QQgsv/efAvvJ326O1tEie5eEDKtu', '', NULL),
(400, 'Ervan Reri Nugraha, S.E.', '198705282014021001', 2, NULL, NULL, '198705282014021001', '$2y$13$x4PNUEKZA3eBkJQwnkhc3.8nWEy7jtjj2Utdf.9WkPbTHgBoPVuDi', NULL, NULL),
(401, 'Esteria BR Sitanggang, S.E.', '198910252015012001', 2, 272, NULL, '198910252015012001', '$2y$13$YBBh5uaoMkaP9qHNaJIWte/Pek9hVSoEeg447MsZkbZX7g8yt/iLe', '', '2016-01-20 09:11:19'),
(402, 'Evrida, S.Sos.', '198611122014022001', 2, NULL, NULL, '198611122014022001', '$2y$13$9/g3hYLut1OKORVDJW381.M.eDICZODaXoCM1h9DwnotOm4Mp/05C', NULL, NULL),
(403, 'Happy Aliwartaya, S.I.A.', '198510052009011001', 2, 278, NULL, '198510052009011001', '$2y$13$An9pkoA4C2HV4rRDNwly7.QQGBkK8pnU5/Uk6xneWXdO5T1PToHlm', '', '2015-12-29 13:11:04'),
(404, 'Hutomo Putra, S.Hum', '198903162015011001', 2, NULL, NULL, '198903162015011001', '$2y$13$i9QciaaB58DE.5jIOra4MeFxJ31ojq/5z0NwAU1.6hehlY/vcBaJ6', NULL, NULL),
(405, 'Ilham, S.H.', '198101112009121001', 2, NULL, NULL, '198101112009121001', '$2y$13$j7obQM3eZJcntkb98gUAe.GHr5n9vXgNaO1r/yYyZMjRm9qcTB8BO', NULL, NULL),
(406, 'Indrijuli Magsari Putri, S.P.', '197907052015012001', 2, NULL, NULL, '197907052015012001', '$2y$13$wJfme7W0ShQ270XgWq6Pjec6pxntKP9yDSMYEjELmsDa7QKVUNkZG', 'indrijuli@gmail.com', '2016-01-20 09:28:52'),
(407, 'Irnawan Budi Septianto', '93924', 2, NULL, NULL, '93924', '$2y$13$ET3ADjfmnLh49z3Hm/.GAO50lsbsr6xITX21J6lMeR/d0FwTYjw5W', NULL, NULL),
(408, 'Jimmi M. Siregar', '94004', 2, NULL, NULL, '94004', '$2y$13$YOw9ZvTLJsoaEmrUOmu5u.JO2kT9i1n1Ee42qgYeaypRpU8.0q3lu', NULL, NULL),
(409, 'Khairisa Permata Putri, S.Mn', '199004182015012002', 2, NULL, NULL, '199004182015012002', '$2y$13$eYnppPAXy0u4qah1HKl3GOeYzNJIHmWzWX1UgdsmKAStPTr9A6dbu', NULL, NULL),
(410, 'M. Yusuf', '197908192008101001', 2, NULL, NULL, '197908192008101001', '$2y$13$lKIWvWRrszlAeIsOf1fk5eQHO8LT06b6qas1CQpKaTe6wdLo4OiT.', NULL, NULL),
(411, 'Maya Diana Putri, S.T.', '198912312015012001', 2, 273, NULL, '198912312015012001', '$2y$13$QO0.K8aLzMjEOeVyB3KyyODbkRUn7jHAZv/DwckIJXKJG7Uvnj.KK', '', NULL),
(412, 'Murniyati Ningsih, S.E.', '199005222014022001', 2, NULL, NULL, '199005222014022001', '$2y$13$SryfpM2ksh9tYvrh8dCgWuIy.c8MDhElOV9xCLgm587jTUqcBWNGe', NULL, NULL),
(413, 'Prama Anggratama, S.Ikom.', '198511172014021001', 2, NULL, NULL, '198511172014021001', '$2y$13$PEhcKklRq.KOUoHCa2exbed6CyJl6fdmFm7VTwqGLye9c0wnpIyNW', NULL, NULL),
(414, 'Reny Fitria Soraya, S.H.', '197912092014022001', 2, 276, NULL, '197912092014022001', '$2y$13$MQaTCRk7lwkf.Fo8ezUI4Oyp1q/GvZ0SKvWDeFG77I9E0F6JIKtEK', 'renyfitria@gmail.com', '2015-12-30 10:19:52'),
(415, 'Ryan Ardian', '198005252015011001', 2, 274, NULL, '198005252015011001', '$2y$13$Xzz5knZzvMH.3SsQtX9CY.uzyn79AUWhEkFi76EsiRBHt/mSCmHkq', '', NULL),
(416, 'Suprajitno', '60289', 2, 271, NULL, '60289', '$2y$13$x5xhHog47C44OuaFGdRCM.3IbCaTMFnHA4iT.AOn5wG6B0zLBfYje', '', NULL),
(417, 'Yetha Marsalina E. Manobi, S.E.', '199101042014072001', 2, 282, NULL, '199101042014072001', '$2y$13$ksu/mq28WkbCnP5hKhW4YeoVj/gyK9.7eQXj3y1BGYRAFtovqdOw2', '', NULL),
(418, 'Yuhanes Antara, S.Pd.', '198309242015011001', 2, NULL, NULL, '198309242015011001', '$2y$13$tbzKMfxNEX7iSocm3HCTxuW3exJb/nupIwap.I1.tJoE6uvwdPOH6', NULL, NULL),
(419, 'Drs. Wahyu Wijaya', '11667/P', 2, NULL, NULL, '11667/P', '$2y$13$d6.6iMQvlbb6UZRmNFbkTuENe.uW6zAtMh6pX5qZr/tmoyYwOZVPe', NULL, NULL),
(420, 'Edi Suntoro', '15494/P', 2, NULL, NULL, '15494/P', '$2y$13$R3UecHujcFqEe3P6Gpa61eaVpKuXpKdvPLeHrgGhDP52u2aDRdQzi', NULL, NULL),
(421, 'Andy Rachmi Retno Ayu, S.Ds', '198205272009012001', 2, NULL, NULL, '198205272009012001', '$2y$13$fO0.nzjkjs6x/V0Zc3W8Fe8YfXPJq6MQkeSnEEI9uzj6530m9ABSy', NULL, NULL),
(422, 'Ayu Bulan Tisna, S.H., M.Si.', '197911042014022001', 2, NULL, NULL, '197911042014022001', '$2y$13$s4LQ12sIvMDE65cqV32cquklxlZUpys8fG5YZlc1stK0F6k5h5qMm', NULL, NULL),
(423, 'Lorentina Herawati, S.Pd.', '197601172010122001', 2, 287, NULL, '197601172010122001', '$2y$13$3pdjUSWs8T5J5/1En26yVunmbTr8q/TjGoaaPI3e3HpUUwG7DAkF2', 'herawati.pusops@gmail.com', '2016-01-11 14:31:28'),
(424, 'Nunuk Tri Muranjari, S.Pd.', '198101242010122001', 2, 261, NULL, '198101242010122001', '$2y$13$X9cGqcvSi/XHbaKfk8kC6uaTRXpLiNE67WcHaIMiR2Y9TcXiQa0a2', '', '2016-01-18 14:57:52'),
(425, 'Martha Maya Meiriany S, .I.Kom', '', 2, NULL, NULL, '', '', NULL, NULL),
(426, 'Dedy Prio E.', '17727/P', 2, NULL, NULL, '17727/P', '$2y$13$adBkuPAA94g4aBhy8pp.D.HyRpt9kVp6a3gC542ctN8R4.Gf6o9R.', NULL, NULL),
(427, 'Indragiri Yani W, ST.', '15961/P', 2, NULL, NULL, '15961/P', '$2y$13$MHL5OwrBP45HnAYNXNnnJuTej3Iah0r/cwbJMsQBkNwEZYY3G3mnC', NULL, NULL),
(428, 'Priyadi Hartoko, S.T.', '16089/P', 2, NULL, NULL, '16089/P', '$2y$13$hiVWdHciDnEVOrG8QYE/Oeci8HG4dVRS9LDkVTaN5t3njPQfQk5j6', NULL, NULL),
(429, 'R. Heru Cahyono,S.sos', '16005/P', 2, NULL, NULL, '16005/P', '$2y$13$QV2hgl1mr.G4aBrRCIpfrO6hmheGC6VIKzpVH84fCZIEXyqSAUWYC', NULL, NULL),
(430, 'Musa Efrata Sembiring', '', 2, NULL, NULL, '', '', NULL, NULL),
(431, 'Nur Salim', '', 2, NULL, NULL, '', '', NULL, NULL),
(432, 'Pardin Bin Buchori', '', 2, NULL, NULL, '', '', NULL, NULL),
(433, 'Puji Nur Firman, S.Pd., M.H.', '', 2, NULL, NULL, '', '', NULL, NULL),
(434, 'Purnomo Adi Yuwono', '', 2, NULL, NULL, '', '', NULL, NULL),
(435, 'Rainal Franky', '', 2, NULL, NULL, '', '', NULL, NULL),
(436, 'Ratna Aditya', '', 2, NULL, NULL, '5371015901950002', '$2y$13$hpJlGbVqwsDUn6M92Xa7nOK0xayCzbZMSgM9uWcZmPfupyvaezE4.', '', NULL),
(437, 'Rosa Oktavia Damayanti', '', 2, NULL, NULL, '', '', NULL, NULL),
(438, 'Zulhardi', '99589', 2, NULL, NULL, '99589', '$2y$13$1VJAUCGSy3Gw3EwMiGW2Du4CObKgWwcmc6gMi.EOry85FXf99fSbu', NULL, NULL),
(439, 'Abdul Rohim', '94897', 2, NULL, NULL, '94897', '$2y$13$NL0HbF97nLRU/A3yBf6d/uHt9hKz9lDnpqlOHCTSg1Noej4F5uyFy', NULL, NULL),
(440, 'Achmad Syahril', '111606', 2, 247, NULL, '111606', '$2y$13$paha7NBEKc8y0XoKENDGA.xwXMaga3DyS7t5bQxXK551LKs1BXxSu', '', NULL),
(441, 'Andi Nurasto', '93124', 2, NULL, NULL, '93124', '$2y$13$mxRVUtcnXF9nZ6xtilY/1OTmBMx/qyeLMwjGa.1n1gKqwBJGkuCue', NULL, NULL),
(442, 'Beni Arto', '114483', 2, NULL, NULL, '114483', '$2y$13$J81ZMIxgE.94PEcoFMCOSOk7ux8e3FVEzqNJcnhsF1d6Mum7BZO.K', NULL, NULL),
(443, 'Didi Wahyudi', '103226', 2, NULL, NULL, '103226', '$2y$13$fvtVPFL0AHF4IShJvpciDuCpHvXS/cejaL6ZABJg.uFMBi68yp58u', NULL, NULL),
(444, 'Dudi Dimyati Sunaryo', '84641', 2, NULL, NULL, '84641', '$2y$13$PX.qlMKoQ68ek24E81R6tOjWhg1ASyZ1bYZr3Vvc5DEhyQY6rcUTa', NULL, NULL),
(445, 'Marmin', '96818', 2, NULL, NULL, '96818', '$2y$13$jO.R0ZtqbB/ihtCNq0hAuek3klhBLdCJHpjdVKBKVdVF6uLzpjBWS', NULL, NULL),
(446, 'Sitik', '85279', 2, NULL, NULL, '85279', '$2y$13$21coWsYc4rGnTBWYHaGxHuTKU5HyP4kj0L.UJA1Za1KuIvoz90w6u', NULL, NULL),
(447, 'Slamet Riyanto', '', 2, NULL, NULL, '', '', NULL, NULL),
(448, 'Sudiro', '88136', 2, NULL, NULL, '88136', '$2y$13$xdejLYbo/ym.F4lIsQDrdeOSVNYXZUof0teLwXyyTNYtRhGjd8iui', NULL, NULL),
(449, 'Sujatno', '95369', 2, NULL, NULL, '95369', '$2y$13$RJb/djbzqvhFBIiErKvdAeK9zyD4H1IW3JBdWxlCCl4CxE6qVoHuC', NULL, NULL),
(450, 'Wawan Efendi', '105864', 2, NULL, NULL, '105864', '$2y$13$HGP80Ny.4fI0rO4pcBrYQu3zvj6uOVGmP/vv9fqmUn3Ev8rtuyANK', NULL, NULL),
(451, 'Ade Kurniawan', '199007162010121002', 2, 261, NULL, '199007162010121002', '$2y$13$csZg8C/VvX9kFFlT5p3Cl.IYWHrEbPiMqd1Q6hmGuqXkKr8NhLokq', '', '2016-01-20 08:33:46'),
(452, 'Anna Nurvira', '198906302010122001', 2, NULL, NULL, '198906302010122001', '$2y$13$ro3ObqglhQc3xenh4Cme9uWdevotmomeG0HdM29Rm0sHzLNj0J6IO', NULL, NULL),
(453, 'Asmawi', '198102222010121001', 2, NULL, NULL, '198102222010121001', '$2y$13$v.nYQoC4s3g1.WdRO35ttea60MCCxzm16UiG2nF06lQpQKOBc3YKq', NULL, NULL),
(454, 'Budiyanto', '197503152009121001', 2, NULL, NULL, '197503152009121001', '$2y$13$k7vl9Chu8fdRcMcNImYjOOsGDsi0EW04GzmoLWE3wiVQBtkXjvvSy', NULL, NULL),
(455, 'Dede Rudi', '198507272010121001', 2, NULL, NULL, '198507272010121001', '$2y$13$SFSRazxXgaLkCgE6ly56ZuMDCJ8rx57LzwIJLdilGUn51byeFS8oO', NULL, NULL),
(456, 'Diah Rosa Kusumawati, A. Md', '198511202009012001', 2, NULL, NULL, '198511202009012001', '$2y$13$qPot05sXrF7Xux9X4MG/Qu4aFx1lndFeuBPB/t3n.yBlWP/uwK2qe', NULL, NULL),
(457, 'Evi Puspitaningrum', '198205102010122001', 2, NULL, NULL, '198205102010122001', '$2y$13$cB9rnZSsQNkE1nYeSJiIlOllOG/mjHbwd1sv0qmAoH/qkcNhNxLpS', NULL, NULL),
(458, 'Gulhermi Frederiko Subani, S.H.', '', 2, NULL, NULL, '', '', NULL, NULL),
(459, 'Haryadi', '198303222010121002', 2, NULL, NULL, '198303222010121002', '$2y$13$SoDcHfJdc.O7HG820FBdkuosWG.hcZjCcRK7ckOtEvUzhixYeRDDG', NULL, NULL),
(460, 'Imam Ahmad Nur', '198402112010121001', 2, NULL, NULL, '198402112010121001', '$2y$13$IW77Je5uRe6CgzeEz3WP7u9cZpVToH1nlPIYrNp2rQ9mhDp4OyMKK', NULL, NULL),
(461, 'Imam Sudarto', '197406022009121001', 2, NULL, NULL, '197406022009121001', '$2y$13$aLRYeVtIcgLxRERZiY4G7.z9JreGu5.HwPbeXW5rdfy9i.Vuenxdm', NULL, NULL),
(462, 'Indra Ramadhianto Sugandhi', '198405282010121004', 2, NULL, NULL, '198405282010121004', '$2y$13$9dXy2ew4R0zbP.eoBcAux.I5T9zjxIakp0vgr9scaVOymSCZYKkha', NULL, NULL),
(463, 'Ismiyarti', '198402292009122001', 2, 261, NULL, '198402292009122001', '$2y$13$isAdOuDekb3D1Mw1gB/jkOJN7j4ifUluDhySQpL.FmqyM/Tm1v2HG', 'ismiismiyarti@gmail.com', '2016-01-18 15:09:33'),
(464, 'Jarwoto', '198604012010121002', 2, NULL, NULL, '198604012010121002', '$2y$13$5Po.MwbWnJXHNNusvdXbG.r/gXaOXVw6erc725qp1iUKcM6z/Wjhq', NULL, NULL),
(465, 'Karyadi', '75682', 2, NULL, NULL, '75682', '$2y$13$O1i8hZq41xbfQhXd2OpnXOW/uioMaIANU92GIpb9wOi.MFisMs8qK', NULL, NULL),
(466, 'Lukman Hakim', '198803182009121001', 2, NULL, NULL, '198803182009121001', '$2y$13$0MyjgA83SwUHrItMD4orqukV8sOqdHVkSKZAgbREW3dCRAaQdCG5y', NULL, NULL),
(467, 'Mat Nasir', '197012182009121001', 2, NULL, NULL, '197012182009121001', '$2y$13$1Gso..bJJwEe/d9ZruuVzet4GtwQtoOXA.V2pAH5UPnpMhJQmBFxi', NULL, NULL),
(468, 'Moh. Ridwan', '198810172010121001', 2, NULL, NULL, '198810172010121001', '$2y$13$HwuqNRCmuY0nZEngoxrVhOW/r4IkgBDyHlyCCfZTkmWN.cRQEs2oS', NULL, NULL),
(469, 'Muhammad Nasrun', '197103072009121001', 2, NULL, NULL, '197103072009121001', '$2y$13$V8QjHXhw6gASh7xk8kEBOeG19pI1Bw2VdQ8xs19noci6yL6iy2Mmu', NULL, '2015-12-29 15:29:12'),
(470, 'Muhtarudin', '198407062010121002', 2, NULL, NULL, '198407062010121002', '$2y$13$f3EMJktQFKw/nONk18.InOS6Etrhv46t9FR7Z1lPDDVlZqsEM2vKe', NULL, NULL),
(471, 'Rusdi', '197712052009121001', 2, NULL, NULL, '197712052009121001', '$2y$13$2t641q9oE0GCozwTSxbS..OdeSEb4ExPC7i997YMd.6fwEpVffkQK', NULL, NULL),
(472, 'Samina', '197104182009121001', 2, NULL, NULL, '197104182009121001', '$2y$13$Kk9GJT9zpY.U98Tovd5y/Oydg6xMhJV6445y0X.xSqfPuDR5JeZSO', NULL, NULL),
(473, 'Siti Supriwati', '198104152010122001', 2, NULL, NULL, '198104152010122001', '$2y$13$Cm4OjJGVqF8Qy//3asb7WOZawTOmYcIqqsDlIT19tWoqDoUDZFheq', NULL, NULL),
(474, 'Sony Tri Nugraha', '198501172009121001', 2, NULL, NULL, '198501172009121001', '$2y$13$FT1TCMTlmrA2w.FFAPZ6MO3uAiYSfe2rZolW13spCiNYLq1o70Vxq', NULL, NULL),
(475, 'Sutisno', '198111232010121001', 2, NULL, NULL, '198111232010121001', '$2y$13$1lln58pxHDqq99Gv3wxOueEiVyNbUB6maW/eM13C5oo7jI2ATqPwK', NULL, NULL),
(476, 'Yovi Padli', '197804042009121001', 2, NULL, NULL, '197804042009121001', '$2y$13$JIuqFluqXMzAqp1QHnAkuumYqf8VBT8TuhtdVpJH7AdmqV680VKza', NULL, NULL),
(477, 'Yunan Akbar', '198503212010121002', 2, NULL, NULL, '198503212010121002', '$2y$13$nyMEzsqHKNx3YZVH52DQA.WPL5F5VS54w0iNA2UerrtsSqE8mHMtG', 'yakbar879@gmail.com', '2016-01-20 13:14:58'),
(478, 'Adi Setiadi', '100508', 2, NULL, NULL, '100508', '$2y$13$ggaFI5KsUmZIAo.SPxfEnet0lm0rcxLRPEuvTzHzPqfOP/I42tbZG', NULL, NULL),
(479, 'Agus Aryanto, A.Md', '197909022010121001', 2, NULL, NULL, '197909022010121001', '$2y$13$LngIV4ejKBAHbz/oRa8CF.69K/iMito3YM9V5jBST1zanDLRPUNAu', NULL, NULL),
(480, 'Cintia Febriana, A.Md', '199102022015012001', 2, 243, NULL, '199102022015012001', '$2y$13$CVymhcArrBRTFgGttxLkfeZ3hbtFrOKBmfOAy5FQE1XMhKpaTftJ6', '', '2016-01-04 11:46:53'),
(481, 'Faiq Muizzuddin, A.Md', '198602252010121002', 2, NULL, NULL, '198602252010121002', '$2y$13$ByRm1fyQ5Lc4jwzGCWEV9eBzQIpYeMcAvuCRNovlc5UT0aHhfyIZq', NULL, NULL),
(482, 'Joko Tri Sulistyo, A.Md', '197010072009011001', 2, 271, NULL, '197010072009011001', '$2y$13$VT311I5YoGR3QllSZQgmnebDlLSdkEpy1yJTWvkrnuH1ezlNrYtcW', '', NULL),
(483, 'M. Reza Febrino, A.Md.', '198502202014021001', 2, NULL, NULL, '198502202014021001', '$2y$13$d56/uJJlR9jQ01QWZxFbVeO.SH0T.IgthmdZ0oua41YNoXFc.KqnW', NULL, NULL),
(484, 'Nanang Saehu, A.Md.', '198210142010121001', 2, NULL, NULL, '198210142010121001', '$2y$13$0LNrUfXgSv7uPF23n8.N6.nsApaA6j0aWTg.RYrV9.aMmKn/amhdy', NULL, NULL),
(485, 'Puguh Hariyadi, AMK', '198706272009121001', 2, NULL, NULL, '198706272009121001', '$2y$13$z/O6dZtSOYYHN/ZC0QIfXOwRMhoVxstBg2OiEMkE2vI4EuR32I4lO', NULL, NULL),
(486, 'Raden Damar Sri Hadi, A. Md', '197412022009011002', 2, NULL, NULL, '197412022009011002', '$2y$13$EoYH/DJyfCA5AruVag5fUemjekdqxdpiy52w2Mq6VR3huRVBWhUJW', NULL, NULL),
(487, 'Royadi', '198609122010121001', 2, NULL, NULL, '198609122010121001', '$2y$13$113wz1FYe7nOyu19gIm.LuRKoPOMPmmmG.UxovBBS5dezx6WrgZTu', NULL, NULL),
(488, 'Wahyu Pratomo, A.Md.', '198701092010121004', 2, 278, NULL, '198701092010121004', '$2y$13$Y0Jz4X8HgdQhZ3iDKq9a.ODQsoEja5rrieLma28ixJKKG9iZROgIW', '', NULL),
(489, 'Aryanda Sugama', '199007172014021001', 2, NULL, NULL, '199007172014021001', '$2y$13$M59nGI4GZzCun.RNCIxRbO5d3bFz4H8xhDUH5c1iHOgMn2gEXLSjy', NULL, NULL),
(490, 'Bobby Dwi Adriadi', '198011072015011001', 2, 282, NULL, '198011072015011001', '$2y$13$/9uDw5EumgHs7ZgtHqflgOivWiHaZ5JOuAHkh6a8XVPcvgJZlsW5S', '', NULL),
(491, 'Ciswoyo', '198506112014021001', 2, NULL, NULL, '198506112014021001', '$2y$13$8R/Bwo0rfwdcXisNgcBaUeMCgen85On.B2QCXuLlKYl.B/3h5F92K', NULL, NULL),
(492, 'Hariadi', '197809142015011001', 2, NULL, NULL, '197809142015011001', '$2y$13$uTrHorhY5/Q6Ao9vfskYCe4nu6h4xnQXDwRI/fm.S5OwfYt518dJ6', NULL, NULL),
(493, 'Heni Fauziah', '199111212014022001', 2, NULL, NULL, '199111212014022001', '$2y$13$aVshiVby9YlHQjM2xogAJeVBR24HmMdnGShqbJAjjKFpoV9R0MMZ6', NULL, NULL),
(494, 'Ikhsan Triyogo', '199309132014021001', 2, 261, NULL, '199309132014021001', '$2y$13$2MAFVXCKBHIBWIss5RsdnO.ReMrUzB8zZ1BVNyQ8ras0XTEQQkugK', '', NULL),
(495, 'La Ode Samsudin', '198107012015011001', 2, NULL, NULL, '198107012015011001', '$2y$13$T.lKSJBg2aVPblUIF.4TyerGgi8MYc5UUKSSEzqDkUy6OWLUMAjRW', NULL, NULL),
(496, 'Rudy Kurniawan Nasution', '197606112014021001', 2, NULL, NULL, '197606112014021001', '$2y$13$PxBi74n6UYKbvcen8YpDUOCvQnTdVIwpsWAl7o/oQPQgqYD91IaMG', NULL, NULL),
(497, 'Syawaluddin Novie', '83144', 2, NULL, NULL, '83144', '$2y$13$vtWFdLKXBv/L3xDZBae0a.rMcYLq.MP.gqfETdf3g.vv2jd4fbw5.', NULL, NULL),
(498, 'Sujatmo – TNI AL (Pengemudi Ibu Mamahit)', '', 2, NULL, NULL, '', '', NULL, NULL),
(499, 'Syarif Mukminin', '', 2, NULL, NULL, '', '', NULL, NULL),
(500, 'Teguh Sugito', '', 2, NULL, NULL, '', '', NULL, NULL),
(501, 'Wandri Yansah, S.Kom', '', 2, NULL, NULL, '', '', NULL, NULL),
(502, 'Waskito Singgih Prabowo, A.Md', '', 2, 83, NULL, '', '', '', NULL),
(503, 'Woro Pujiastuti', '', 2, NULL, NULL, '', '', NULL, NULL),
(504, 'Yudha Dwi', '', 2, NULL, NULL, '', '', NULL, NULL),
(505, 'Dyah Suprihatin, S.T.', '', 2, NULL, NULL, '', '', NULL, NULL),
(506, 'Adi Bagus Murdianto, S.Pd', '199211052015011001', 2, NULL, NULL, '199211052015011001', '$2y$13$3U8LybJecHrb/hhGRncRx.VNI5i/PKY0dHucZaG0UWlM/e8iIBf7m', 'adibagusm@gmail.com', '2016-01-20 10:14:28'),
(507, 'Donal, S.T.', '198809012015011001', 2, NULL, NULL, '198809012015011001', '$2y$13$icPLuP9USvH3/fa1xJetHeG8/tGHCHkDNs9ADdCkeH5rjL1i7aK7m', NULL, NULL),
(508, 'Ordan Radiori, S.Si.', '198809102015011001', 2, NULL, NULL, '198809102015011001', '$2y$13$RIzC3La8bZF7EW1yzI7EGOlfYuK7BfUhizoMSGAYzIIggW4qoMcae', NULL, NULL),
(509, 'Herry Zulkarnaen, A.Md', '198605202015011001', 2, NULL, NULL, '198605202015011001', '$2y$13$wW0odAhqks6pLGWPzjOG1.QwuP4ruYJATTjsTPMR9C2XRpECDH96K', 'herry.zhulk@gmail.com', '2016-01-20 09:39:03'),
(510, 'Yulis Haryati, SH.', '', 2, NULL, NULL, '', '', NULL, NULL),
(511, 'Yulis Haryati, SH.', '', 2, NULL, NULL, '', '', NULL, NULL),
(512, 'Mochamad Chairul Anam, S.T.', '198111262015011001', 2, NULL, NULL, '198111262015011001', '$2y$13$Zj6reX2/TOTpvnhHM2jp6eCQkZsAM1WvGvuJexQ/sEkAOI7TCBawW', NULL, NULL),
(513, 'Misael Simson Paraisu, S.T.', '', 2, NULL, NULL, '', '', NULL, NULL),
(514, 'Rhino Sabriliyanto, S.Kom.', '', 2, 252, NULL, '', '', '', NULL),
(515, 'N Destian Manggala Gita, A.Md.', '199112232015011001', 2, NULL, NULL, '199112232015011001', '$2y$13$9favhuDA6GRCMRL9MFBxguGE.EKmygp34ylEddolpTzcWd0F84tke', NULL, NULL),
(516, 'Bakhtiar Ady Pamungkas', '199404232015011001', 2, NULL, NULL, '199404232015011001', '$2y$13$o0Ik6ZbV6Grhn6j7puhkAeOBSBPRtoT7zSQ9gRl9HfK8WwnbwrAR.', NULL, NULL),
(517, 'Ibrahim', '', 2, NULL, NULL, '', '', NULL, NULL),
(518, 'Reza Gustav, S.T.', '198408152015011001', 2, 238, NULL, '198408152015011001', '$2y$13$YCSRC7LsKgjmZcBSESmnleOs6vrBxBMqs96KROeoOBnnBWw1om4Cu', '', '2016-01-19 08:59:33'),
(519, 'Sayuthi, A.Md', '', 2, NULL, NULL, '', '', NULL, NULL),
(520, 'Cefi Rizky Pahlefi', '199307212015011001', 2, NULL, NULL, '199307212015011001', '$2y$13$4iGDi6L9vfvCOixKoxrz/O2He7aJVPszBt33khdl95Oj85TZs.oF.', NULL, NULL),
(521, 'Hendra Wahyu Utama', '197711062014021001', 2, NULL, NULL, '197711062014021001', '$2y$13$DjqPmFPdnLWQgNMe/dkvhOJZnOpdt4pbqdutEEBHYY1cIDzP7de8S', NULL, NULL),
(522, 'Krisyan Wakole, A.Md', '', 2, NULL, NULL, '', '', NULL, NULL),
(523, 'Andrianto Mutawari, S.T.', '198211162015011001', 2, 277, NULL, '198211162015011001', '$2y$13$wEFLQML.Y75Gp.W2J.j02e9PLBhcum48SIUf9BiymtYT6ek.NqeVS', '', '2015-12-30 09:12:06'),
(524, 'Rooy Ronald Toisuta', '', 2, NULL, NULL, '', '', NULL, NULL),
(525, 'Donald Rinaldo Sitorus, S.T.', '198003172015011001', 2, 249, NULL, '198003172015011001', '$2y$13$hW7ZRW45vz3f82ww2yVSSuuWwuvtAOKNeMA1/c05Cnbr/plaupBNe', '', NULL),
(526, 'Kadek Lis Martiaveni, S.Pd.', '198903152015012001', 2, NULL, NULL, '198903152015012001', '$2y$13$5E.HUyxy5TnTqL30IEfnC.wWKpoMWts6SMF/dhuEeV58WI5d.0nmC', NULL, NULL),
(527, 'I Gede Landra', '198001272015011001', 2, NULL, NULL, '198001272015011001', '$2y$13$LTvNJpbNDJ34qqgyDKeKT.2LqiDAby0bTy64mMlpH4Mnnvdonk2m6', NULL, NULL),
(528, 'I Kadek Darmawan', '199110072014021001', 2, NULL, NULL, '199110072014021001', '$2y$13$NGYpns89hhemJKxA6jWdq.zLcuK/P5PYAL6R9zHtROVfrQ1DUG7fq', NULL, NULL),
(529, 'I Kadek Deny Sucrisma Adipta', '199203082010121001', 2, NULL, NULL, '199203082010121001', '$2y$13$CFX7sX7B7NCf2VG1umNqRewaDi1dMgvGKOY4ArDX4s1YwggohLgiK', NULL, '2015-12-29 13:18:37'),
(530, 'I Nyoman Gelgel', '197608082014021001', 2, NULL, NULL, '197608082014021001', '$2y$13$ET18HDYmCY2KhiIlpBN3w.WW3vdRiUaMXGQBgVw8sXs8/WatZqjKa', NULL, NULL),
(531, 'I Wayan Giriana', '198601142014021001', 2, NULL, NULL, '198601142014021001', '$2y$13$YU8J3VFiArmMF8HmXV.NC.UlTWPtXpPoUTdaamauEeslEyDMlkIHy', NULL, NULL),
(532, 'Faris Wuryanto, A.Md', '', 2, NULL, NULL, '', '', NULL, NULL),
(533, 'Johannes, S.Kom', '', 2, NULL, NULL, '', '', NULL, NULL),
(534, 'Patta Suang', '', 2, NULL, NULL, '', '', NULL, NULL),
(535, 'Davit Kurniawan', '199304182015011001', 2, NULL, NULL, '199304182015011001', '$2y$13$lDs0g0VotbwDhQBS2mGka.I2rwNCdOqcmtZ2ooE8slwlLFA2atepO', NULL, NULL),
(536, 'Usup Supriadi', '', 2, NULL, NULL, '', '', NULL, NULL),
(537, 'Dewi Ratri Adi Purwanti', '', 2, NULL, NULL, '', '', NULL, NULL),
(538, 'Fery Rishard Gamisi', '', 2, NULL, NULL, '', '', NULL, NULL),
(539, 'Nurdin Zaelani, S.Si', '198709012015011001', 2, NULL, NULL, '198709012015011001', '$2y$13$ehmyUu.RarSJp43Y8dWNu.0VTpONvqB3vj8.Q7hYkPng11bB4ydI6', NULL, NULL),
(540, 'Untung Saras Budiarto', '198312282015011001', 2, NULL, NULL, '198312282015011001', '$2y$13$zsL2BipXn3LzSAUtKeVbY.JkEhWZ8htH0/4TKFMzZ.IziJqCTll0q', NULL, NULL),
(541, 'Nadi Biantoro', '', 2, NULL, NULL, '', '', NULL, NULL),
(542, 'Ricko Herdian', '', 2, NULL, NULL, '', '', NULL, NULL),
(543, 'Agus Djoko Sasono', '78755', 2, NULL, NULL, '78755', '$2y$13$tQrmtAEO/2rUji69ZJBw5eDfyoe9lFkt/1CSJzUjT.Q8fc7/Ohreq', NULL, NULL),
(544, 'Dimas Pramudya Kiswara', '199503182015011001', 2, NULL, NULL, '199503182015011001', '$2y$13$5RwZo65qJWc1aaoTrICSaezmmmDhwgMtYxEaAmS70PoLZlv3/biuu', NULL, NULL),
(545, 'Wahyudi', '199511042015011001', 2, NULL, NULL, '199511042015011001', '$2y$13$73QBqNanG6XqgwcdHOQ3/exNVV8RXbQDraMyQyY6uN2htEAovoYL.', NULL, NULL),
(546, 'Tika Fajrina, S.IP', '', 2, NULL, NULL, '', '', NULL, NULL),
(547, 'Uzmanul Kahfi', '', 2, NULL, NULL, '', '', NULL, NULL),
(548, 'Dwi Dellila Waty', '', 2, NULL, NULL, '', '', NULL, NULL),
(549, 'Jermi Melchris Sanduk, S.Kom', '', 2, NULL, NULL, '', '', NULL, NULL),
(550, 'Jopi Jakobis Menoh', '', 2, NULL, NULL, '', '', NULL, NULL),
(551, 'Hardiansyah, S.T.', '198105202015011001', 2, NULL, NULL, '198105202015011001', '$2y$13$hdH3nQC5puRkzvou6m4Eg.pUB4W6SGqd/cgtbivlrOO/m8Jjx8hli', NULL, NULL),
(552, 'Moses Richard Lapa', '', 2, NULL, NULL, '', '', NULL, NULL),
(553, 'Ayub Agustinus Lay', '74200', 2, NULL, NULL, '74200', '$2y$13$11J9IIinXDK88bXSE/x99u88sNbf9dVnFTI1ptGhU9cH10mwsjOjm', NULL, NULL),
(554, 'Novianto Hary Adiatmaja', '198911102015011001', 2, NULL, NULL, '198911102015011001', '$2y$13$ylH5s0zKfmAkceOxnLwbTerctIL02JB0xVZIMmiaLHj.iGe3Twsdi', NULL, NULL),
(555, 'Daniel Alexander Poluan, S.T.', '', 2, NULL, NULL, '', '', NULL, NULL),
(556, 'Heriyanto Simons', '', 2, NULL, NULL, '', '', NULL, NULL),
(557, 'Nurindah Jained Marassing', '', 2, NULL, NULL, '', '', NULL, NULL),
(558, 'Indra Agustina, A.Md.', '198408282015011001', 2, 256, NULL, '198408282015011001', '$2y$13$HUaoLlPSFiv86Y/XX3WiMuec6IlHFaZo/CyyA./JzogXyf./aouhq', '', NULL),
(559, 'Bahrul Ulum', '198704102014021001', 2, NULL, NULL, '198704102014021001', '$2y$13$Jg10tfvV4O8mbVC149pEs.D6uIT6NVatvcIUeeyjTcjeQcv2WaJPe', NULL, NULL),
(560, 'Ardian Noverianto, S.Kom.', '198311052015011001', 2, 200, NULL, '198311052015011001', '$2y$13$CadviaRL.bc4ulYB8QPtoOUKsabvRBFsE/cQcUMmGUkQ96Wp8nrJK', '', NULL),
(561, 'Ozzy Eko Wijaksono Wibowo, S.H.', '198403032015011001', 2, NULL, NULL, '198403032015011001', '$2y$13$UAHSJCBpAn.I0za7T2aw6eImgzFGCM57p95WZhqT8LpBSt.ponWIO', NULL, NULL),
(562, 'M. Baharudin Yusuf', '', 2, NULL, NULL, '', '', NULL, NULL),
(563, 'Medi Aditya, S.T.', '', 2, NULL, NULL, '', '', NULL, NULL),
(564, 'Gugus Atmoko', '199107162015011001', 2, NULL, NULL, '199107162015011001', '$2y$13$PW/cEYe2Y6Fg7pf9jMslYurm5em55q64fIvCyXxe3QyfUrwXjK/xi', NULL, NULL),
(565, 'I Gede Ardi Suandika', '199306132014021001', 2, NULL, NULL, '199306132014021001', '$2y$13$d6UOB2ZhZ9GvjBpLtRavIOZP5.vebeCT5.4dUA3ca1PqE0IY/XS9y', NULL, NULL),
(566, 'Fredy Wiratama, S.T.', '', 2, NULL, NULL, '', '', NULL, NULL),
(567, 'Gilang Beck', '', 2, NULL, NULL, '', '', NULL, NULL),
(568, 'Julio Danny Firmasyah', '', 2, NULL, NULL, '', '', NULL, NULL),
(569, 'Santaki, S.Kom', '198602232015011001', 2, 251, NULL, '198602232015011001', '$2y$13$0QIZaU/hYgzi1npCgv6IZeBWqFUQ6cZegXoywceLhhJH/pH7.pxc2', '', NULL),
(570, 'Edward Janner Moreno Siahaan, A.Md', '198811292015011001', 2, 250, 153, '198811292015011001', '$2y$13$O8Mb.IgHKI5INdnshB.Q.OjTvNHxSnKqRmcBo8T8KASsG5IOLF51u', '', NULL),
(571, 'Sri Yanto', '199102252015011001', 2, NULL, NULL, '199102252015011001', '$2y$13$MEemNGCpFkNAZfUqt4q4jeSnT/yn.egIZz8CRkfBKr0Duz82qXCsq', NULL, NULL),
(572, 'Jatmika Rico Dharsono, S.T.', '198205182015011001', 2, 279, NULL, '198205182015011001', '$2y$13$lQ/Z5nUuYK.IZbI6hKHn0uzHr.2I7WnXAPpZJ14fyxUy5v/eoE0CG', '', '2015-12-30 09:13:20'),
(573, 'Nur Rachman, S.Kom.', '198709252015011001', 2, NULL, NULL, '198709252015011001', '$2y$13$ve8TmRVpNebaes7mWHkm/e3tvAjqQPbUm2/2S/f.lQefzdwKVg2r.', NULL, NULL),
(574, 'Yosandhi Raka Pradhipta, S.H.', '198908222015011001', 2, 281, NULL, '198908222015011001', '$2y$13$DNdZxH326SP2AHtP/pQCo.2Dv.9h3vJ51FM3PTzMt./oX6634ulP.', '', NULL),
(575, 'Octa Musfawanty, A.Md.', '198910182014022002', 2, NULL, NULL, '198910182014022002', '$2y$13$1vTgNT51UOfdKUQojCk.1O0mCyTl0r36k782akizstQNuSvWLxccy', NULL, '2015-12-29 14:09:35'),
(576, 'Sukri, S.Pd.', '', 2, NULL, NULL, '', '', NULL, NULL),
(577, 'Tri Agung Sulistyo, S.Kom.', '', 2, NULL, NULL, '', '', NULL, NULL),
(578, 'Feri Susandi, S.Pi.', '198002062015011001', 2, NULL, NULL, '198002062015011001', '$2y$13$7wxEhS4JcDClkQSvqKXb4uxX1mynhk4koew1gIzL3tEebeJYBemKC', NULL, NULL),
(579, 'Saprudin', '198307192015011001', 2, NULL, NULL, '198307192015011001', '$2y$13$McGpLJ.hrIHdkkLZSAWGuOCoZFwO8R5vvQlgZHKUag1UNc8h/oVMS', NULL, NULL),
(580, 'Syahril Ardiyansyah', '', 2, NULL, NULL, '', '', NULL, NULL),
(581, 'Zulham Endar Saputra Siregar, S.E.', '', 2, 244, NULL, '3201070108850006', '$2y$13$NjlWmD7DY1DlauA4SviGQelAhubKcgnTXNbI8wmdE9uI1oWCbSOoG', '', '2016-01-04 10:39:12'),
(582, 'Nurman Arifin, S.Pd.', '198601042015011001', 2, NULL, NULL, '198601042015011001', '$2y$13$JXiBvuJgC/hTM97fuyEH6OV2C8Gk9H4RVl8e30KYwItQoJBSykMIK', NULL, NULL),
(583, 'Triwibawa Adisanjoyo, S.T.', '198109192015011001', 2, NULL, NULL, '198109192015011001', '$2y$13$OcWztpzJpThPFgUqstRBseSfcWhSZ/IKUMvtxzL/NIEVq.tyr7WDG', NULL, '2016-01-20 10:14:33'),
(584, 'Muhammad Lutfi Hakim', '', 2, NULL, NULL, '', '', NULL, NULL),
(585, 'Raini Alfarida, S.Kom', '', 2, NULL, NULL, '', 'tes', '', NULL),
(586, 'Daud Jamlaay, A.Md', '', 2, NULL, NULL, '', '', NULL, NULL),
(587, 'Gatot Yoga Endar S.', '', 2, NULL, NULL, '', '', NULL, NULL),
(588, 'Wahyu Putra Gantara, S.T.', '198412272015011001', 2, NULL, NULL, '198412272015011001', '$2y$13$.WGhnHzgeZrkIHfEfxt/Pe7EzBXffHYVrlDdqHSdVRIGl2I6jlTgi', NULL, NULL),
(589, 'Edy Setiawan, A.Md.', '198902242015011001', 2, NULL, NULL, '198902242015011001', '$2y$13$0IUUl.07W8mg/fUBMB9q2uhzLQ2togCcGGI5DzySMUuWH/ZiXre3G', NULL, NULL),
(590, 'Roby Hermawan', '91534', 2, NULL, NULL, '91534', '$2y$13$2uZjYrTaZZDxF0n/gsSaYeStd4mHM5g.GoNFdHTtiXjAoYNSz..x2', NULL, NULL),
(591, 'Dhimas Anggara Cahyadi Putra', '199105292015011001', 2, NULL, NULL, '199105292015011001', '$2y$13$w.4M.dzZ0xMnl9/8uWznfeuO5K1e3dUi51BDZVaCyvVXJLLs5yCD2', NULL, NULL),
(592, 'Ari Suprihatin, S.E.', '198906192015011001', 2, NULL, NULL, '198906192015011001', '$2y$13$vOUObV7.X5nYD20HzifaEucqEcZrSqxrzAX6GhBn8AWmoHlXqt79a', NULL, NULL),
(593, 'Ari Prima G., S.H.', '', 2, NULL, NULL, '', '', NULL, NULL),
(594, 'Mia Mantophani, S.H.', '198408302009122001', 2, NULL, NULL, '198408302009122001', '$2y$13$8CTJbk7qJGvf2hpJqky/3.qEQVC0Tqc7Eg5FKdbDM0KZIL.h1fN9.', NULL, NULL),
(595, 'Pradhipta Khrisna, S.H.', '', 2, NULL, NULL, '', '', NULL, NULL),
(596, 'Mourien Meikel', '', 2, NULL, NULL, '', '', NULL, NULL),
(597, 'Bernardus Wibowo Jatiputranto', '12691/P', 2, NULL, NULL, '12691/P', '$2y$13$5rFjucEjvOnAc4WKxX2H7u/5dlSAMpwIJYZaVzllUIEZVDVUBXX9.', NULL, NULL),
(598, 'Karisma Nakornaveva', '', 2, 247, NULL, '3515071810940002', '$2y$13$nBFSLY/6yUcx2/3GO3fhpOZCWRHJ3YHVVrF4vBDV.o4KRnNaCur5S', 'karismasidoarjo@gmail.com', '2016-01-20 10:08:58'),
(599, 'Ir. Jongky E.S. Hutubessy ', '12467/P', 2, NULL, NULL, '12467/P', '$2y$13$Z3ljGwb6Wd54bRVvZM8.DemCEiTqMYp0e/7Sf124ftViPX8/7UQXy', NULL, NULL),
(600, 'Hanafi', '', 2, NULL, NULL, '', '', NULL, NULL),
(601, 'Thalita Regina Gamisi', '', 2, NULL, NULL, '', '', NULL, NULL),
(602, 'Rony Hermawan S, A.Md.', '198903262015011001', 2, 284, NULL, '198903262015011001', '$2y$13$U8q.voyHA/sGDpAGVsfWbeeDNUNfJHOKudaMDUCSQsUYkEh552I7K', '', NULL),
(603, 'Amin Nugraha', '197711212010121001', 2, NULL, NULL, '197711212010121001', '$2y$13$0EmUxqeA4WPVv9juaHvOB.QoElWh/RuPRYoPism0bzYLY/ZalhmV6', NULL, NULL),
(604, 'Cindy Lia Kawulur, S.T.', '198808162015012001', 2, NULL, NULL, '198808162015012001', '$2y$13$UAqrnxoy74hR3xCRuvr/XeAODFfokJ7BeFxhMeceZPRk.3oIRhm4e', NULL, NULL),
(605, 'Yosy Ardhyan', '199001192010121003', 2, NULL, NULL, '199001192010121003', '$2y$13$u8/0Ea9w4icUVVkOb.vfH.X08RO7mgcyeM7Fxp4jVmNo/gxOfszp2', NULL, NULL),
(606, 'Mukhlis', '198206062014021001', 2, NULL, NULL, '198206062014021001', '$2y$13$Px0vOQRs9/YwsdRrp6O/G..SOyX77FSscueusf4i01VeM.aNk1DHK', NULL, NULL),
(607, 'Wiwit Sutrisno', '198507152010121001', 2, 260, NULL, '198507152010121001', '$2y$13$.whd5lo3G.GI9i5DG5YV7e5CymcpvBarcOzotUJc8KCNmhGfi73tm', '', NULL),
(608, 'Made Budiantara', '76471', 2, 213, NULL, '76471', '$2y$13$b3B/dYUd42XM0wCn92W1f.AOrX9p0YgnNl6F6r73ESZv.8CJZLomy', '', NULL),
(609, 'Peik Sugiarto, S.T', '199005162015011001', 2, 239, NULL, '199005162015011001', '$2y$13$FzPu4.B64GFN1A5uMSALqezMyjk5KtlHqWwiMJNsRq15NrQ1LQj0S', '', '2016-01-19 14:06:50'),
(610, 'M Ardiyanto Soleh', '198904112010121004', 2, 211, NULL, '198904112010121004', '$2y$13$PeYJHWN6xqKCNNZ6wuaNqOOOTD27whrVB4p1qKVOoNQxmuG82CXii', '', NULL),
(611, 'Sugiyanto', '198906192015011001', 2, NULL, NULL, '198906192015011001', '$2y$13$91H2Bf5Dsw6s792hMLsr/.ivyP30AieTiLjzZFGE68JtCGUHL5Q4O', NULL, NULL),
(612, 'Dyah Ayu Mawardi', '199308032014022001', 2, NULL, NULL, '199308032014022001', '$2y$13$6eQmFFEXl.3B1kvVsl4jke10cLB7CgVWdVibYjXbMFMHQk0KqmYC6', NULL, NULL),
(613, 'Risga Zul dearsi', '199101312014022001', 2, NULL, NULL, '199101312014022001', '$2y$13$ThvLVPirECEIEIin3x7/ae8OpDeooBqb8VdCYYdq/BEXzkisurWVC', NULL, NULL),
(614, 'Dinda Wiladea', '199503282014022001', 2, NULL, NULL, '199503282014022001', '$2y$13$djLlwaOGtdRoEq3VHByIsOMO/h9ihp2CE6N4ubEtc7FPHXqTFkFQC', NULL, NULL),
(615, 'Ilham syah', '198904182010121004', 2, NULL, NULL, '198904182010121004', '$2y$13$XLKLV0kd/q.gknZag80HIuffdElMw90eHaj6rhxcxK8Gti5OhXxtW', NULL, NULL),
(616, 'Alfiansyah', '199010102015011001', 2, NULL, NULL, '199010102015011001', '$2y$13$LgNBeYCH1YHINnmqoBaw9eGF3108xuOsKWyoGMuNIfaWB.GMU8BfC', NULL, NULL),
(617, 'Mesdi Dabukke', '20833/P', 2, 224, NULL, '20833/P', '$2y$13$DqY0fo4xJau2gL9skVDyFuVryPj/mv0JiSCCWmGXqRxRfqKCB76Ie', '', NULL),
(618, 'Edi Suprianto', '108092', 2, NULL, NULL, '108092', '$2y$13$KPYnUaRGdv36llSRsDJ9le4y141VzGfLQf1jZlP/YmwN.5UTLkBoe', NULL, NULL),
(619, 'Hari Sugianto', '92505', 2, NULL, NULL, '92505', '$2y$13$NlLLfvhOodzxlhAvZlLwh.fQj3qaHQpeXsPkdpCfbSOEnppUOLtKu', NULL, NULL),
(620, 'Samuel Istia', '', 2, NULL, NULL, '', '', NULL, NULL),
(621, 'I Nyoman Renita', '198612312014021001', 2, NULL, NULL, '198612312014021001', '$2y$13$Zxu4REOGwovtD4bFeP31NeGIui2zfjAJbwIPt9a1GX/u6YpmEz0Zu', NULL, NULL),
(622, 'Kubu Yuniar Prastiyo', '198906132014021001', 2, NULL, NULL, '198906132014021001', '$2y$13$AfVJlU9i3uvNQo4JW2cr2ecbiUDaHqAxVIFyNv1JnCN9.KQOkuoWq', NULL, NULL),
(623, 'Frengky Jezua, S.Kom.', '', 2, NULL, NULL, '', '', NULL, NULL),
(624, 'Thomas A. Ombeng', '', 2, NULL, NULL, '', '', NULL, NULL),
(625, 'Farchan Alaudi Mahendra', '', 2, NULL, NULL, '', '', NULL, NULL),
(626, 'Tatar Nugroho, S.Ik., S.H', '69110338', 2, 95, NULL, '69110338', '$2y$13$DA4PRtznPVmt3hUaTsmKROEnDEvpE4vOgkhMAjsZRydL3CIHqA8i2', '', NULL),
(627, 'Irjen Pol. (Purn) Drs. H. Sulistiyono, M.si', '', 2, NULL, NULL, '', '', NULL, NULL),
(628, 'Letjen TNI ( Purn.) Langgeng Sulistyono', '', 2, NULL, NULL, '', '', NULL, NULL),
(629, 'Pahorian Lumban Gaol, S.Ik.', '70060343', 2, 120, NULL, '70060343', '$2y$13$145afcFnF7SrM.BH0AUZQe4VA2LYfOTqUW6491UKR5UZJ0RLEJYRG', '', NULL),
(630, 'Tangnga Mangende, S.E. ', '58090723', 2, 174, NULL, '58090723', '$2y$13$Oqk7fJBqDVwriRhkoWEzTOc/qUIjD1Sgn2ogLWaM2ovDkXoe5UVq6', '', NULL),
(631, 'Ahmad Daeduri Alfarisi', '', 2, NULL, NULL, '', '', NULL, NULL),
(632, 'Sophi Sophian, S.Pd.', '73120209', 2, NULL, NULL, '73120209', '$2y$13$7YRC16RZoykBM0jqyUSp7OfGazKPNGtRmNgLgJnRaIyc.n.e5Hsc.', NULL, NULL),
(633, 'Rizal Ufer Suat, S.Pi.', '1982113020100111019', 2, NULL, NULL, '1982113020100111019', '$2y$13$nOtuCvCuQr26i5pmbXI/MenzfFte8hl4O6wlmFdRnc9rU/6FCwHCW', NULL, NULL),
(634, 'Eko Hadriyadi Usodo, S.M.', '11143/P', 2, 85, NULL, '11143/P', '$2y$13$XPg3bpzHM20pSvuM.8Z9duusgY3gAu6r8yKU4FDwBAePey0w/37La', '', NULL),
(635, 'Joko Triwanto', '10707/P', 2, 86, NULL, '10707/P', '$2y$13$JkTe8nPfqQ5mqEkKZ9JesOOG7kTCkGuiVHU2zaTiQJlLR1mqasCRa', '', NULL),
(636, 'Triko Yuli Saputra', '', 2, NULL, NULL, '', '', NULL, NULL),
(637, 'Jessica Ariella Amin, S.H.', '', 2, NULL, NULL, '', '', NULL, NULL),
(638, 'Yusnia ', '', 2, NULL, NULL, '', '', NULL, NULL),
(639, 'Fanny Septiani, S.Pi', '', 2, NULL, NULL, '', '', NULL, NULL),
(640, 'Rudi Purnomo, S.Kom.,M.Si.', '198304272001121005', 2, NULL, NULL, '198304272001121005', '$2y$13$g/O5.gwLsYBGqpWOxlFu1e6KoQ0PWDtlj1hKPhN9kcZHaC9QUoSLi', NULL, NULL),
(641, 'Drs. Eldi Azwar, S.H., M.A.P.', '59110796', 2, NULL, NULL, '59110796', '$2y$13$uSne9jH00rR/v1o5BvcpDOd6GB5b0yDRZDPlFKHn6ToXiWvz6hGqG', NULL, '2016-01-19 09:55:01'),
(642, 'Drs. Frederik Kalalembang', '63010801', 2, NULL, NULL, '63010801', '$2y$13$/1cf2NykjQqB0zvJs8HBROTXGZJk49iTWyP96VrJVO8t1uSfGR4be', NULL, NULL),
(643, 'Drs. Widodo Eko Prihastopo, M.M', '63100807', 2, NULL, NULL, '63100807', '$2y$13$JiCuObZfet6R.YTga9TEteSBmzYlfc063.g/30rqF15rU2c1rvulu', NULL, NULL),
(644, 'Drs. A. Kamil Razak,S.H.,M.H.', '63010800', 2, NULL, NULL, '63010800', '$2y$13$htn4wjl4ecxgu0j3GLdFPee7wkaUUcireofOrGgBw7FcWl9tRNBLC', NULL, NULL),
(645, 'Muspin Santoso,S.H.,M.Si (Han)', '8904/P', 2, 103, NULL, '8904/P', '$2y$13$ZXX3IE5j9Vx9Z0GBdGfVvOqwgYMnSfS7X8zhBvqNvJNdqR9yGNlvG', '', '2016-01-07 11:59:49'),
(646, 'Muhammad Nawari, S.T.', '197805152010011018', 2, NULL, NULL, '197805152010011018', '$2y$13$k5eXs61jrFaWFKgs6jW/tu6INzd0GtpNYUMW6sJU13oYc9KzwaaVS', NULL, NULL),
(647, 'Sony Adhie Wibowo, A.Md', '16231/P', 2, 44, NULL, '16231/P', '$2y$13$OosXl47LlrpmkCLO8.HzDObm.rLQJNJNvq5u/RAZHZSNWfH3j5wVK', '', NULL),
(648, 'Anthony Sugiarto, S.E.', '16720/P', 2, NULL, NULL, '16720/P', '$2y$13$uq2mjEhfpSfVzPBpJ6tFte584GmDdlV34XaiKcKXwl7qXhaohpu4u', NULL, NULL),
(649, 'Suyitno', '86527', 2, NULL, NULL, '86527', '$2y$13$CZFx52wDuQqyR70pZOXIcOMPgj2DTOVViauHhGWeLcBm6IL9Qrt1q', NULL, NULL),
(650, 'Budi Setiono', '103643', 2, NULL, NULL, '103643', '$2y$13$9jJ6wgnKt5jXnGgfUQNOyOtuTQuttJWNzkl4ZCK1HaO1qNtbqvHFi', NULL, NULL),
(651, 'Ucu Humaedi', '108754', 2, NULL, NULL, '108754', '$2y$13$HRkWhxasCO5.UGVJqrmubOxK0vVr.3M5J4BcNPMQj.wcpGMQ3CIKa', NULL, NULL),
(652, 'Edi Susanto', '105609', 2, NULL, NULL, '105609', '$2y$13$1ZxPo6j4wQnEqQZIISdMnugL5mhj9D2JCxdQXBWuGrJM0uaCmmZey', NULL, NULL),
(653, 'Bambang Udoyo', '8326/P', 2, 20, NULL, '8326/P', '$2y$13$AmGIfROCkqkg1C4yYB5oI.DwgCDUa3vha6r2OCm73XVBdDl3Gkjhq', '', NULL),
(654, 'Fajar Nugroho, S.E.', '', 2, NULL, NULL, '', '', NULL, NULL),
(655, 'Pulung Nugroho, S.E.', '', 2, NULL, NULL, '', '', NULL, NULL),
(656, 'Bambang Arif Hermawan', '', 2, NULL, NULL, '', '', NULL, NULL),
(657, 'Fa''Iq Mumtaz Muhammad', '', 2, NULL, NULL, '', '', NULL, NULL),
(658, 'Permana Silitonga', '', 2, NULL, NULL, '', '', NULL, NULL),
(659, 'Madu Susilo', '', 2, NULL, NULL, '', '', NULL, NULL),
(660, 'Dzulkifli Amin', '', 2, NULL, NULL, '', '', NULL, NULL),
(661, 'Rahmat Widodo, S.S.T.Han', '', 2, NULL, NULL, '', '', NULL, NULL),
(662, 'Adolf Ardian Dani K., S.T. Han', '', 2, NULL, NULL, '', '', NULL, NULL),
(663, 'Dwi Sutarko', '', 2, NULL, NULL, '', '', NULL, NULL),
(664, 'Alfan Arif Riyadi', '', 2, NULL, NULL, '', '', NULL, NULL),
(665, 'Johan Hidayat', '', 2, NULL, NULL, '', '', NULL, NULL),
(666, 'Jecson Demetrius R.', '', 2, NULL, NULL, '', '', NULL, NULL),
(667, 'Yoto Eki Setiawan ', '', 2, NULL, NULL, '', '', NULL, NULL),
(668, 'Moch Angga V Ratulangi', '', 2, NULL, NULL, '', '', NULL, NULL),
(669, 'Mustafid Lutfi', '', 2, NULL, NULL, '', '', NULL, NULL),
(670, 'Imanuel Yuda Kristana', '', 2, NULL, NULL, '', '', NULL, NULL),
(671, 'Dani Setiawan', '', 2, NULL, NULL, '', '', NULL, NULL),
(672, 'Tri Budi Kurniawan', '', 2, NULL, NULL, '', '', NULL, NULL),
(673, 'Rendi Fransisco', '', 2, NULL, NULL, '', '', NULL, NULL),
(674, 'Agung Hariadi', '', 2, NULL, NULL, '', '', NULL, NULL),
(675, 'Agus Jati Utomo', '', 2, NULL, NULL, '', '', NULL, NULL),
(676, 'Wawan Kurnianto', '', 2, NULL, NULL, '', '', NULL, NULL),
(677, 'Lendra Eko Nurcahyo', '', 2, NULL, NULL, '', '', NULL, NULL),
(678, 'Trinur Zaidan R Lubis', '', 2, NULL, NULL, '', '', NULL, NULL),
(679, 'Choirul Birri', '', 2, NULL, NULL, '', '', NULL, NULL),
(680, 'Rizky Muda Yudha', '', 2, NULL, NULL, '', '', NULL, NULL),
(681, 'Muhamad Hasim', '', 2, NULL, NULL, '', '', NULL, NULL),
(682, 'Santosa Masoa', '', 2, NULL, NULL, '', '', NULL, NULL),
(683, 'Yossi Pradana', '', 2, NULL, NULL, '', '', NULL, NULL),
(684, 'Buyung Wicaksono', '', 2, NULL, NULL, '', '', NULL, NULL),
(685, 'Doni Agustinus Siregar', '', 2, NULL, NULL, '', '', NULL, NULL),
(686, 'Akhmad Khabibulloh', '', 2, NULL, NULL, '', '', NULL, NULL),
(687, 'Hendrik Pangalila', '', 2, NULL, NULL, '', '', NULL, NULL),
(688, 'Hendra Saputra', '', 2, NULL, NULL, '', '', NULL, NULL),
(689, 'Andi Hermawandi Saputra', '', 2, NULL, NULL, '', '', NULL, NULL),
(690, 'Nauval Irawan', '', 2, NULL, NULL, '', '', NULL, NULL),
(691, 'Nasirwan', '', 2, NULL, NULL, '', '', NULL, NULL),
(692, 'Al Khaliqalwaziu', '', 2, NULL, NULL, '', '', NULL, NULL),
(693, 'M. Iqbal Yudding', '', 2, NULL, NULL, '', '', NULL, NULL),
(694, 'Iwan Setiadi', '', 2, NULL, NULL, '', '', NULL, NULL),
(695, 'Yatimin', '', 2, NULL, NULL, '', '', NULL, NULL),
(696, 'Novy Lerry Lumimbe', '', 2, NULL, NULL, '', '', NULL, NULL),
(697, 'Safril S. Hurasan', '', 2, NULL, NULL, '', '', NULL, NULL),
(698, 'Julians Djou', '', 2, NULL, NULL, '', '', NULL, NULL),
(699, 'Yamin Tangel', '', 2, NULL, NULL, '', '', NULL, NULL),
(700, 'Neils Sohilait', '', 2, NULL, NULL, '', '', NULL, NULL),
(701, 'Muhamad Yaser Huath', '', 2, NULL, NULL, '', '', NULL, NULL),
(702, 'Idris Tuankotta', '', 2, NULL, NULL, '', '', NULL, NULL),
(703, 'Jasman', '', 2, NULL, NULL, '', '', NULL, NULL),
(704, 'Ady Susanto', '', 2, NULL, NULL, '', '', NULL, NULL),
(705, 'Taufik Muhlis Abdullah', '', 2, NULL, NULL, '', '', NULL, NULL),
(706, 'Leni', '', 2, NULL, NULL, '', '', NULL, NULL),
(707, 'Arfi Sukmawan', '', 2, NULL, NULL, '', '', NULL, NULL),
(708, 'Rinto Yuriko', '', 2, NULL, NULL, '', '', NULL, NULL),
(709, 'M. Addin Azhari Nasution', '', 2, NULL, NULL, '', '', NULL, NULL),
(710, 'Riko Syahputra', '', 2, NULL, NULL, '', '', NULL, NULL),
(711, 'Sigit Febriandi', '', 2, NULL, NULL, '', '', NULL, NULL),
(712, 'Agus Suhartono ', '', 2, NULL, NULL, '', '', NULL, NULL),
(713, 'Imas Yulianto', '', 2, NULL, NULL, '', '', NULL, NULL),
(714, 'Andryawan Febriana ', '', 2, NULL, NULL, '', '', NULL, NULL),
(715, 'Puji Astuti Ningrum', '', 2, NULL, NULL, '', '', NULL, NULL),
(716, 'Eka Meilina Putri', '', 2, NULL, NULL, '', '', NULL, NULL),
(717, 'Agung Toryantoro', '68248', 2, NULL, NULL, '68248', '$2y$13$cYEa.34Sc4nSUyqVt5RyOu4EUKMYRJLoDQzRz2iSpUkxvkToxwKuC', NULL, NULL),
(718, 'Erbagtyo Rohan,S.H., M.H.', '', 2, NULL, NULL, '', '', NULL, NULL),
(719, 'Sandi, S.H., M.H.', '', 2, NULL, NULL, '', '', NULL, NULL),
(720, 'Sucipto, S.H., M.H.', '', 2, NULL, NULL, '', '', NULL, NULL),
(721, 'Iwan Catur Karyawan, S.H.', '', 2, NULL, NULL, '', '', NULL, NULL),
(722, 'Andik Setiawan', '', 2, NULL, NULL, '', '', NULL, NULL),
(723, 'Rakha Malayanto', '', 2, NULL, NULL, '', '', NULL, NULL),
(724, 'Raden Fiego Setya Raksaka', '', 2, NULL, NULL, '', '', NULL, NULL),
(725, 'Mochamad Alfian Nevianto', '', 2, NULL, NULL, '', '', NULL, NULL),
(726, 'Ludwi Nugroho', '', 2, NULL, NULL, '', '', NULL, NULL),
(727, 'Ika Budiawati', '3275085103700022', 2, 262, NULL, '3275085103700022', '$2y$13$60mu7PcDEwN4ItbNE2trZeCLdOTCjkRxTF9Ai3H5rAuix.U/2S8e2', '', '2016-01-20 09:27:21');

-- --------------------------------------------------------

--
-- Struktur dari tabel `pegawai_login`
--

CREATE TABLE IF NOT EXISTS `pegawai_login` (
  `id` int(11) NOT NULL AUTO_INCREMENT,
  `username` int(11) NOT NULL,
  `waktu_login` datetime NOT NULL,
  PRIMARY KEY (`id`)
) ENGINE=InnoDB DEFAULT CHARSET=latin1 AUTO_INCREMENT=1 ;

-- --------------------------------------------------------

--
-- Struktur dari tabel `pemberitahuan`
--

CREATE TABLE IF NOT EXISTS `pemberitahuan` (
  `id` int(11) NOT NULL AUTO_INCREMENT,
  `id_pemberitahuan_sifat` int(11) DEFAULT '1',
  `isi` text,
  `url` varchar(255) DEFAULT NULL,
  `id_jabatan` int(11) DEFAULT NULL,
  `username` varchar(255) DEFAULT NULL,
  `waktu_dilihat` datetime DEFAULT NULL,
  `waktu_dibuat` datetime DEFAULT NULL,
  PRIMARY KEY (`id`)
) ENGINE=InnoDB  DEFAULT CHARSET=latin1 AUTO_INCREMENT=620 ;

--
-- Dumping data untuk tabel `pemberitahuan`
--

INSERT INTO `pemberitahuan` (`id`, `id_pemberitahuan_sifat`, `isi`, `url`, `id_jabatan`, `username`, `waktu_dilihat`, `waktu_dibuat`) VALUES
(1, 1, '<b> (Ujang Rusmana, S.Si.)</b> mengajukan <b>Surat Izin</b>. ', '/suratbaru/index.php?r=surat/paraf&id=6', 66, '197509152009012001', '2016-01-08 14:16:23', '2015-12-22 14:00:01'),
(2, 1, '<b> (Ujang Rusmana, S.Si.)</b> mengajukan <b>Surat Izin</b>. ', '/suratbaru/index.php?r=surat/paraf&id=6', 25, '71100504', NULL, '2015-12-22 14:00:23'),
(3, 1, '<b> (Ujang Rusmana, S.Si.)</b> mengajukan <b>Surat Izin</b>. ', '/suratbaru/index.php?r=surat/paraf&id=6', 20, '8326/P', NULL, '2015-12-22 14:00:38'),
(4, 1, '<b> (Ujang Rusmana, S.Si.)</b> mengajukan <b>Surat Izin</b>. ', '/suratbaru/index.php?r=surat/paraf&id=6', 73, NULL, '2016-01-11 08:29:38', '2015-12-22 14:00:52'),
(5, 1, '<b>Kepala Seksi Pengembangan Sistem Informasi (Tuti Ida Halida, S.T., M.A.T.)</b> mengajukan <b>Surat Izin</b>. ', '/suratbaru/index.php?r=surat/paraf&id=7', 25, '71100504', NULL, '2015-12-22 14:02:49'),
(6, 1, '<b> (Ujang Rusmana, S.Si.)</b> mengajukan <b>Surat Izin</b>. ', '/suratbaru/index.php?r=surat/paraf&id=14', 66, '197509152009012001', '2015-12-29 12:07:07', '2015-12-22 14:14:08'),
(7, 1, '<b>Dan URCL (Ujang Rusmana, S.Si.)</b> mengajukan <b>Surat Keterangan</b>. ', '/suratbaru/index.php?r=surat/paraf&id=21', 73, NULL, '2016-01-11 08:29:00', '2015-12-24 10:56:20'),
(8, 1, 'Anda mendapatkan <b>tembusan</b> surat baru dari <b>Staf Seksi Pengembangan Sistem Informasi (Ujang Rusmana, S.Si.)</b>', '/suratbaru/index.php?r=distribusi/view&id=1', 66, '197509152009012001', '2015-12-29 12:27:48', '2015-12-26 14:25:53'),
(9, 1, 'Anda mendapatkan <b>tembusan</b> surat baru dari <b>Staf Seksi Pengembangan Sistem Informasi (Ujang Rusmana, S.Si.)</b>', '/suratbaru/index.php?r=distribusi/view&id=1', 66, '197509152009012001', '2016-01-05 14:31:44', '2015-12-26 14:28:23'),
(10, 1, 'Anda mendapatkan <b>surat</b> baru dari <b>Kepala Subbag Persuratan, Arsip, dan Dokumentasi (Yusnita Budi Pramesti, S.E.)</b>', '/eoffice/index.php?r=distribusi/view&id=1', 73, '196904062009011001', '2016-01-11 08:28:30', '2015-12-29 12:00:24'),
(11, 1, 'Anda mendapatkan <b>surat</b> baru dari <b>Kepala Subbag Persuratan, Arsip, dan Dokumentasi (Yusnita Budi Pramesti, S.E.)</b>', '/eoffice/index.php?r=distribusi/view&id=2', 238, '198408152015011001', '2015-12-29 13:06:14', '2015-12-29 12:00:24'),
(12, 1, 'Anda mendapatkan <b>surat</b> baru dari <b>Kepala Subbag Persuratan, Arsip, dan Dokumentasi (Yusnita Budi Pramesti, S.E.)</b>', '/eoffice/index.php?r=distribusi/view&id=3', 67, '198308032010121001', '2015-12-29 12:22:17', '2015-12-29 12:00:24'),
(13, 1, 'Anda mendapatkan <b>surat</b> baru dari <b>Kepala Subbag Persuratan, Arsip, dan Dokumentasi (Yusnita Budi Pramesti, S.E.)</b>', '/eoffice/index.php?r=distribusi/view&id=4', 66, '197509152009012001', '2016-01-05 14:31:53', '2015-12-29 12:00:24'),
(14, 1, 'Anda mendapatkan <b>surat</b> baru dari <b>Kepala Subbag Persuratan, Arsip, dan Dokumentasi (Yusnita Budi Pramesti, S.E.)</b>', '/eoffice/index.php?r=distribusi/view&id=5', 231, '198301162010121001', '2016-01-04 09:13:38', '2015-12-29 12:00:24'),
(15, 1, 'Anda mendapatkan <b>surat</b> baru dari <b>Kepala Subbag Persuratan, Arsip, dan Dokumentasi (Yusnita Budi Pramesti, S.E.)</b>', '/eoffice/index.php?r=distribusi/view&id=6', NULL, '199005162015011001', NULL, '2015-12-29 12:00:24'),
(16, 1, 'Anda mendapatkan <b>surat</b> baru dari <b>Kepala Subbag Persuratan, Arsip, dan Dokumentasi (Yusnita Budi Pramesti, S.E.)</b>', '/eoffice/index.php?r=distribusi/view&id=7', NULL, '3275085103700022', NULL, '2015-12-29 12:00:24'),
(17, 1, 'Anda mendapatkan <b>surat</b> baru dari <b>Kepala Subbag Persuratan, Arsip, dan Dokumentasi (Yusnita Budi Pramesti, S.E.)</b>', '/eoffice/index.php?r=distribusi/view&id=8', 39, '198204252009121001', NULL, '2015-12-29 12:00:24'),
(18, 1, 'Anda mendapatkan <b>surat</b> baru dari <b>Kepala Subbag Persuratan, Arsip, dan Dokumentasi (Yusnita Budi Pramesti, S.E.)</b>', '/eoffice/index.php?r=distribusi/view&id=9', 63, '198305012009012001', NULL, '2015-12-29 12:00:24'),
(19, 1, 'Anda mendapatkan <b>surat</b> baru dari <b>Kepala Subbag Persuratan, Arsip, dan Dokumentasi (Yusnita Budi Pramesti, S.E.)</b>', '/eoffice/index.php?r=distribusi/view&id=10', NULL, '199107152015011001', NULL, '2015-12-29 12:00:24'),
(20, 1, 'Anda mendapatkan <b>surat</b> baru dari <b>Kepala Subbag Persuratan, Arsip, dan Dokumentasi (Yusnita Budi Pramesti, S.E.)</b>', '/eoffice/index.php?r=distribusi/view&id=11', 261, '198101242010122001', '2015-12-30 09:47:42', '2015-12-29 12:00:24'),
(21, 1, 'Anda mendapatkan <b>surat</b> baru dari <b>Kepala Subbag Persuratan, Arsip, dan Dokumentasi (Yusnita Budi Pramesti, S.E.)</b>', '/eoffice/index.php?r=distribusi/view&id=12', 25, '71100504', NULL, '2015-12-29 12:00:24'),
(22, 1, 'Anda mendapatkan <b>surat</b> baru dari <b>Kepala Subbag Persuratan, Arsip, dan Dokumentasi (Yusnita Budi Pramesti, S.E.)</b>', '/eoffice/index.php?r=distribusi/view&id=13', 20, '8326/P', NULL, '2015-12-29 12:00:24'),
(23, 1, 'Anda mendapatkan <b>surat</b> baru dari <b>Kepala Subbag Persuratan, Arsip, dan Dokumentasi (Yusnita Budi Pramesti, S.E.)</b>', '/eoffice/index.php?r=distribusi/view&id=14', 134, '197807182010121002', '2016-01-08 14:06:01', '2015-12-29 12:00:25'),
(24, 1, 'Anda mendapatkan <b>surat</b> baru dari <b>Kepala Subbag Persuratan, Arsip, dan Dokumentasi (Yusnita Budi Pramesti, S.E.)</b>', '/eoffice/index.php?r=distribusi/view&id=15', 133, '198109212009011002', '2015-12-29 15:15:37', '2015-12-29 12:00:25'),
(25, 1, 'Anda mendapatkan <b>surat</b> baru dari <b>Kepala Subbag Persuratan, Arsip, dan Dokumentasi (Yusnita Budi Pramesti, S.E.)</b>', '/eoffice/index.php?r=distribusi/view&id=16', 15, '195812181979032001', NULL, '2015-12-29 12:00:25'),
(26, 1, 'Anda mendapatkan <b>tembusan</b> surat baru dari <b>Kepala Subbag Persuratan, Arsip, dan Dokumentasi (Yusnita Budi Pramesti, S.E.)</b>', '/eoffice/index.php?r=distribusi/view&id=17', 69, NULL, NULL, '2015-12-29 12:00:25'),
(27, 1, 'Anda mendapatkan <b>tembusan</b> surat baru dari <b>Kepala Subbag Persuratan, Arsip, dan Dokumentasi (Yusnita Budi Pramesti, S.E.)</b>', '/eoffice/index.php?r=distribusi/view&id=18', 1, '8312/P', NULL, '2015-12-29 12:00:25'),
(28, 1, 'Anda mendapatkan <b>surat</b> baru dari <b>Kepala Subbag Persuratan, Arsip, dan Dokumentasi (Yusnita Budi Pramesti, S.E.)</b>', '/eoffice/index.php?r=distribusi/view&id=4', 66, '197509152009012001', '2016-01-08 14:16:34', '2015-12-29 12:05:20'),
(29, 1, 'Anda mendapatkan <b>surat</b> baru dari <b>Kepala Subbag Persuratan, Arsip, dan Dokumentasi (Yusnita Budi Pramesti, S.E.)</b>', '/eoffice/index.php?r=distribusi/view&id=3', 67, '198308032010121001', '2015-12-29 12:25:19', '2015-12-29 12:22:19'),
(30, 1, 'Anda mendapatkan <b>surat</b> baru dari <b>Kepala Subbag Persuratan, Arsip, dan Dokumentasi (Yusnita Budi Pramesti, S.E.)</b>', '/eoffice/index.php?r=distribusi/view&id=2', 238, '198408152015011001', '2015-12-29 13:11:08', '2015-12-29 13:06:15'),
(31, 1, 'Anda mendapatkan <b>surat</b> baru dari <b>Kepala Subbag Persuratan, Arsip, dan Dokumentasi (Yusnita Budi Pramesti, S.E.)</b>', '/eoffice/index.php?r=distribusi/view&id=5', 231, '198301162010121001', '2016-01-04 09:12:15', '2015-12-29 13:38:51'),
(32, 1, 'Anda mendapatkan <b>surat</b> baru dari <b>Kepala Subbag Persuratan, Arsip, dan Dokumentasi (Yusnita Budi Pramesti, S.E.)</b>', '/eoffice/index.php?r=distribusi/view&id=15', 133, '198109212009011002', '2016-01-04 09:03:41', '2015-12-29 15:15:39'),
(33, 1, 'Anda mendapatkan <b>surat</b> baru dari <b>Kepala Subbag Persuratan, Arsip, dan Dokumentasi (Yusnita Budi Pramesti, S.E.)</b>', '/eoffice/index.php?r=distribusi/view&id=11', 261, '198101242010122001', '2015-12-30 09:39:51', '2015-12-30 09:24:50'),
(34, 1, 'Anda mendapatkan <b>terusan</b> surat baru dari <b>Staf Seksi Pengembangan Sistem Informasi (Ujang Rusmana, S.Si.)</b>', '/eoffice/index.php?r=distribusi/view&id=19', 234, '198112272010121002', NULL, '2016-01-04 11:03:17'),
(35, 1, 'Anda mendapatkan <b>terusan</b> surat baru dari <b>Staf Seksi Pengembangan Sistem Informasi (Ujang Rusmana, S.Si.)</b>', '/eoffice/index.php?r=distribusi/view&id=20', NULL, '199005162015011001', NULL, '2016-01-04 11:03:17'),
(36, 1, 'Anda mendapatkan <b>terusan</b> surat baru dari <b>Staf Seksi Pengembangan Sistem Informasi (Ujang Rusmana, S.Si.)</b>', '/eoffice/index.php?r=distribusi/view&id=21', 238, '198408152015011001', '2016-01-19 09:00:03', '2016-01-04 11:03:17'),
(37, 2, '<b>Staf Sie. Kerma Lembaga Pemerintah (Diyah Widayanti, S.Ikom)</b> mengajukan <b>Surat Undangan</b>. ', '/eoffice/index.php?r=surat/paraf&id=8', 145, '197805242009121001', NULL, '2016-01-04 13:07:57'),
(38, 2, '<b>Staf Seksi Pengembangan Sistem Informasi (Ujang Rusmana, S.Si.)</b> mengajukan <b>Memo Internal</b>. ', '/eoffice/index.php?r=surat/paraf&id=49', 66, '197509152009012001', '2016-01-05 14:46:08', '2016-01-05 09:13:57'),
(39, 2, '<b>Staf Seksi Pengembangan Sistem Informasi (Ujang Rusmana, S.Si.)</b> mengajukan <b>Memo Internal</b>. ', '/eoffice/index.php?r=surat/paraf&id=49', 25, '71100504', NULL, '2016-01-05 11:17:29'),
(40, 2, '<b>Staf Sie. Kerma Lembaga Pemerintah (Diyah Widayanti, S.Ikom)</b> mengajukan <b>Surat Undangan</b>. ', '/eoffice/index.php?r=surat/paraf&id=8', 28, '61050798', NULL, '2016-01-05 14:43:22'),
(41, 1, '<b>Seksi Perencanaan Latihan Operasi Udara Maritim (Sahlani, S.T.)</b> mengajukan <b>Memo Internal</b>. ', '/eoffice/index.php?r=surat/paraf&id=62', 108, '197510302009011002', '2016-01-07 11:37:16', '2016-01-07 11:28:07'),
(42, 1, '<b>Seksi Perencanaan Latihan Operasi Udara Maritim (Sahlani, S.T.)</b> meminta Anda untuk memperbaiki <b>Memo Internal</b>. ', '/eoffice/index.php?r=surat/view&id=62', 267, '199007012010121001', NULL, '2016-01-07 11:33:37'),
(43, 1, '<b>Seksi Perencanaan Latihan Operasi Udara Maritim (Sahlani, S.T.)</b> mengajukan <b>Memo Internal</b>. ', '/eoffice/index.php?r=surat/paraf&id=62', 108, '197510302009011002', NULL, '2016-01-07 11:39:52'),
(44, 1, 'Selamat, <b>Seksi Perencanaan Latihan Operasi Udara Maritim (Sahlani, S.T.)</b> menyetujui pengajuan<b>Memo Internal</b> Anda.', '/eoffice/index.php?r=surat/view&id=62', 267, '199007012010121001', NULL, '2016-01-07 11:41:11'),
(45, 1, '<b>Seksi Perencanaan Latihan Operasi Udara Maritim (Sahlani, S.T.)</b> mengajukan <b>Memo Internal</b>. ', '/eoffice/index.php?r=surat/paraf&id=62', 104, '197001171991101001', NULL, '2016-01-07 11:41:11'),
(46, 1, '<b>Seksi Perencanaan Latihan Operasi Udara Maritim (Sahlani, S.T.)</b> mengajukan <b>Memo Internal</b>. ', '/eoffice/index.php?r=surat/paraf&id=62', 103, '8904/P', '2016-01-07 12:00:03', '2016-01-07 11:46:37'),
(47, 1, 'Selamat, <b>Direktorat Latihan (Muspin Santoso,S.H.,M.Si (Han))</b> menyetujui pengajuan<b>Memo Internal</b> Anda.', '/eoffice/index.php?r=surat/view&id=62', 267, '199007012010121001', NULL, '2016-01-07 11:48:32'),
(48, 2, '<b>Seksi Pemeliharaan Jaringan (Y. M. Vianney Niko D.S., S.T.)</b> mengajukan <b>Surat Undangan</b>. ', '/eoffice/index.php?r=surat/paraf&id=65', 134, '197807182010121002', '2016-01-08 14:02:23', '2016-01-08 13:50:19'),
(49, 2, '<b>Seksi Pemeliharaan Jaringan (Y. M. Vianney Niko D.S., S.T.)</b> meminta Anda untuk memperbaiki <b>Surat Undangan</b>. ', '/eoffice/index.php?r=surat/view&id=65', 239, '199005162015011001', '2016-01-08 14:05:39', '2016-01-08 14:05:11'),
(50, 1, 'Anda mendapatkan <b>surat</b> baru dari <b>Kepala Subbag Persuratan, Arsip, dan Dokumentasi (Yusnita Budi Pramesti, S.E.)</b>', '/eoffice/index.php?r=distribusi/view&id=14', 134, '197807182010121002', '2016-01-08 14:06:18', '2016-01-08 14:05:29'),
(51, 2, '<b>Seksi Pemeliharaan Jaringan (Y. M. Vianney Niko D.S., S.T.)</b> mengajukan <b>Surat Undangan</b>. ', '/eoffice/index.php?r=surat/paraf&id=65', 134, '197807182010121002', '2016-01-08 14:07:20', '2016-01-08 14:06:59'),
(52, 2, '<b>Seksi Pemeliharaan Jaringan (Y. M. Vianney Niko D.S., S.T.)</b> meminta Anda untuk memperbaiki <b>Surat Undangan</b>. ', '/eoffice/index.php?r=surat/view&id=65', 239, '199005162015011001', '2016-01-08 14:08:06', '2016-01-08 14:07:42'),
(53, 2, '<b>Seksi Pemeliharaan Jaringan (Y. M. Vianney Niko D.S., S.T.)</b> mengajukan <b>Surat Undangan</b>. ', '/eoffice/index.php?r=surat/paraf&id=65', 134, '197807182010121002', '2016-01-08 14:09:10', '2016-01-08 14:08:42'),
(54, 1, 'Selamat, <b>Seksi Pemeliharaan Jaringan (Y. M. Vianney Niko D.S., S.T.)</b> menyetujui pengajuan<b>Surat Undangan</b> Anda.', '/eoffice/index.php?r=surat/view&id=65', 239, '199005162015011001', '2016-01-11 07:17:06', '2016-01-08 14:09:56'),
(55, 2, '<b>Seksi Pemeliharaan Jaringan (Y. M. Vianney Niko D.S., S.T.)</b> mengajukan <b>Surat Undangan</b>. ', '/eoffice/index.php?r=surat/paraf&id=65', 38, '197110211991101001', '2016-01-08 14:31:35', '2016-01-08 14:09:56'),
(56, 2, '<b>Subdit Jaringan (Rizkal, S.Sos.,M.M.)</b> meminta Anda untuk memperbaiki <b>Surat Undangan</b>. ', '/eoffice/index.php?r=surat/view&id=65', 239, '199005162015011001', '2016-01-08 14:45:53', '2016-01-08 14:43:19'),
(57, 2, '<b>Seksi Pemeliharaan Jaringan (Y. M. Vianney Niko D.S., S.T.)</b> mengajukan <b>Surat Undangan</b>. ', '/eoffice/index.php?r=surat/paraf&id=65', 38, '197110211991101001', '2016-01-08 15:30:47', '2016-01-08 15:29:42'),
(58, 1, 'Anda mendapatkan <b>surat</b> baru dari <b>Kepala Subbag Persuratan, Arsip, dan Dokumentasi (Yusnita Budi Pramesti, S.E.)</b>', '/eoffice/index.php?r=distribusi/view&id=1', 73, '196904062009011001', '2016-01-11 08:27:34', '2016-01-11 08:18:42'),
(59, 1, 'Anda mendapatkan <b>terusan</b> surat baru dari <b>TU Deputi Bid. Info, Hukum, & Kerjasama (Wakhid Ma''mun, S.Ag)</b>', '/eoffice/index.php?r=distribusi/view&id=22', 262, '3275085103700022', '2016-01-20 09:32:45', '2016-01-11 08:27:09'),
(60, 1, 'Anda mendapatkan <b>terusan</b> surat baru dari <b>TU Deputi Bid. Info, Hukum, & Kerjasama (Wakhid Ma''mun, S.Ag)</b>', '/eoffice/index.php?r=distribusi/view&id=23', 288, '198811292015012001', NULL, '2016-01-11 08:27:09'),
(61, 1, 'Anda mendapatkan <b>surat</b> baru dari <b>Staf Kasubbag Persuratan Arsip dan Dokumentasi (Nunuk Tri Muranjari, S.Pd.)</b>', '/eoffice/index.php?r=distribusi/view&id=24', 1, '8312/P', NULL, '2016-01-18 15:07:44'),
(62, 1, 'Anda mendapatkan <b>surat</b> baru dari <b>Staf Kasubbag Persuratan Arsip dan Dokumentasi (Nunuk Tri Muranjari, S.Pd.)</b>', '/eoffice/index.php?r=distribusi/view&id=25', 2, '196105271985031001', NULL, '2016-01-18 15:07:44'),
(63, 1, 'Anda mendapatkan <b>surat</b> baru dari <b>Staf Kasubbag Persuratan Arsip dan Dokumentasi (Nunuk Tri Muranjari, S.Pd.)</b>', '/eoffice/index.php?r=distribusi/view&id=26', 6, '60010951', NULL, '2016-01-18 15:07:44'),
(64, 1, 'Anda mendapatkan <b>surat</b> baru dari <b>Staf Kasubbag Persuratan Arsip dan Dokumentasi (Nunuk Tri Muranjari, S.Pd.)</b>', '/eoffice/index.php?r=distribusi/view&id=27', 4, '8655/P', NULL, '2016-01-18 15:07:44'),
(65, 1, 'Anda mendapatkan <b>surat</b> baru dari <b>Staf Kasubbag Persuratan Arsip dan Dokumentasi (Nunuk Tri Muranjari, S.Pd.)</b>', '/eoffice/index.php?r=distribusi/view&id=28', 5, '196003151980031002', NULL, '2016-01-18 15:07:44'),
(66, 1, 'Anda mendapatkan <b>surat</b> baru dari <b>Staf Kasubbag Persuratan Arsip dan Dokumentasi (Nunuk Tri Muranjari, S.Pd.)</b>', '/eoffice/index.php?r=distribusi/view&id=29', 166, '64080827', NULL, '2016-01-18 15:07:44'),
(67, 1, 'Anda mendapatkan <b>surat</b> baru dari <b>Staf Kasubbag Persuratan Arsip dan Dokumentasi (Nunuk Tri Muranjari, S.Pd.)</b>', '/eoffice/index.php?r=distribusi/view&id=30', 21, '196109181993101001', NULL, '2016-01-18 15:07:44'),
(68, 1, 'Anda mendapatkan <b>surat</b> baru dari <b>Staf Kasubbag Persuratan Arsip dan Dokumentasi (Nunuk Tri Muranjari, S.Pd.)</b>', '/eoffice/index.php?r=distribusi/view&id=31', 22, '10864/P', NULL, '2016-01-18 15:07:44'),
(69, 1, 'Anda mendapatkan <b>surat</b> baru dari <b>Staf Kasubbag Persuratan Arsip dan Dokumentasi (Nunuk Tri Muranjari, S.Pd.)</b>', '/eoffice/index.php?r=distribusi/view&id=32', 129, '61121076', NULL, '2016-01-18 15:07:44'),
(70, 1, 'Anda mendapatkan <b>surat</b> baru dari <b>Staf Kasubbag Persuratan Arsip dan Dokumentasi (Nunuk Tri Muranjari, S.Pd.)</b>', '/eoffice/index.php?r=distribusi/view&id=33', 24, '62080934', NULL, '2016-01-18 15:07:44'),
(71, 1, 'Anda mendapatkan <b>surat</b> baru dari <b>Staf Kasubbag Persuratan Arsip dan Dokumentasi (Nunuk Tri Muranjari, S.Pd.)</b>', '/eoffice/index.php?r=distribusi/view&id=34', 23, '196006101980022002', NULL, '2016-01-18 15:07:45'),
(72, 1, 'Anda mendapatkan <b>surat</b> baru dari <b>Staf Kasubbag Persuratan Arsip dan Dokumentasi (Nunuk Tri Muranjari, S.Pd.)</b>', '/eoffice/index.php?r=distribusi/view&id=35', 18, '9552/P', NULL, '2016-01-18 15:07:45'),
(73, 1, 'Anda mendapatkan <b>surat</b> baru dari <b>Staf Kasubbag Persuratan Arsip dan Dokumentasi (Nunuk Tri Muranjari, S.Pd.)</b>', '/eoffice/index.php?r=distribusi/view&id=36', 3, '58100766', NULL, '2016-01-18 15:07:45'),
(74, 1, 'Anda mendapatkan <b>surat</b> baru dari <b>Staf Kasubbag Persuratan Arsip dan Dokumentasi (Nunuk Tri Muranjari, S.Pd.)</b>', '/eoffice/index.php?r=distribusi/view&id=37', 155, '10555/P', NULL, '2016-01-18 15:07:45'),
(75, 1, 'Anda mendapatkan <b>surat</b> baru dari <b>Staf Kasubbag Persuratan Arsip dan Dokumentasi (Nunuk Tri Muranjari, S.Pd.)</b>', '/eoffice/index.php?r=distribusi/view&id=38', 15, '195812181979032001', NULL, '2016-01-18 15:07:45'),
(76, 1, 'Anda mendapatkan <b>surat</b> baru dari <b>Staf Kasubbag Persuratan Arsip dan Dokumentasi (Nunuk Tri Muranjari, S.Pd.)</b>', '/eoffice/index.php?r=distribusi/view&id=39', 16, '8117/P', NULL, '2016-01-18 15:07:45'),
(77, 1, 'Anda mendapatkan <b>surat</b> baru dari <b>Staf Kasubbag Persuratan Arsip dan Dokumentasi (Nunuk Tri Muranjari, S.Pd.)</b>', '/eoffice/index.php?r=distribusi/view&id=40', 177, '196102071981032005', NULL, '2016-01-18 15:07:45'),
(78, 1, 'Anda mendapatkan <b>surat</b> baru dari <b>Staf Kasubbag Persuratan Arsip dan Dokumentasi (Nunuk Tri Muranjari, S.Pd.)</b>', '/eoffice/index.php?r=distribusi/view&id=41', 19, '58010731', NULL, '2016-01-18 15:07:45'),
(79, 1, 'Anda mendapatkan <b>surat</b> baru dari <b>Staf Kasubbag Persuratan Arsip dan Dokumentasi (Nunuk Tri Muranjari, S.Pd.)</b>', '/eoffice/index.php?r=distribusi/view&id=42', 143, '197409082000031001', NULL, '2016-01-18 15:07:45'),
(80, 1, 'Anda mendapatkan <b>surat</b> baru dari <b>Staf Kasubbag Persuratan Arsip dan Dokumentasi (Nunuk Tri Muranjari, S.Pd.)</b>', '/eoffice/index.php?r=distribusi/view&id=43', 27, '196008201989031001', NULL, '2016-01-18 15:07:45'),
(81, 1, 'Anda mendapatkan <b>surat</b> baru dari <b>Staf Kasubbag Persuratan Arsip dan Dokumentasi (Nunuk Tri Muranjari, S.Pd.)</b>', '/eoffice/index.php?r=distribusi/view&id=44', 151, '11705/P', NULL, '2016-01-18 15:07:45'),
(82, 1, 'Anda mendapatkan <b>surat</b> baru dari <b>Staf Kasubbag Persuratan Arsip dan Dokumentasi (Nunuk Tri Muranjari, S.Pd.)</b>', '/eoffice/index.php?r=distribusi/view&id=45', 26, '11215/P', NULL, '2016-01-18 15:07:45'),
(83, 1, 'Anda mendapatkan <b>surat</b> baru dari <b>Staf Kasubbag Persuratan Arsip dan Dokumentasi (Nunuk Tri Muranjari, S.Pd.)</b>', '/eoffice/index.php?r=distribusi/view&id=46', 144, '195909291995031001', NULL, '2016-01-18 15:07:45'),
(84, 1, 'Anda mendapatkan <b>surat</b> baru dari <b>Staf Kasubbag Persuratan Arsip dan Dokumentasi (Nunuk Tri Muranjari, S.Pd.)</b>', '/eoffice/index.php?r=distribusi/view&id=47', 135, '196911151994031003', NULL, '2016-01-18 15:07:45'),
(85, 1, 'Anda mendapatkan <b>surat</b> baru dari <b>Staf Kasubbag Persuratan Arsip dan Dokumentasi (Nunuk Tri Muranjari, S.Pd.)</b>', '/eoffice/index.php?r=distribusi/view&id=48', 25, '71100504', NULL, '2016-01-18 15:07:45'),
(86, 1, 'Anda mendapatkan <b>surat</b> baru dari <b>Staf Kasubbag Persuratan Arsip dan Dokumentasi (Nunuk Tri Muranjari, S.Pd.)</b>', '/eoffice/index.php?r=distribusi/view&id=49', 136, '74080892', NULL, '2016-01-18 15:07:45'),
(87, 1, 'Anda mendapatkan <b>surat</b> baru dari <b>Staf Kasubbag Persuratan Arsip dan Dokumentasi (Nunuk Tri Muranjari, S.Pd.)</b>', '/eoffice/index.php?r=distribusi/view&id=50', 28, '61050798', NULL, '2016-01-18 15:07:45'),
(88, 1, 'Anda mendapatkan <b>surat</b> baru dari <b>Staf Kasubbag Persuratan Arsip dan Dokumentasi (Nunuk Tri Muranjari, S.Pd.)</b>', '/eoffice/index.php?r=distribusi/view&id=51', 130, '196210291983031002', NULL, '2016-01-18 15:07:45'),
(89, 1, 'Anda mendapatkan <b>surat</b> baru dari <b>Staf Kasubbag Persuratan Arsip dan Dokumentasi (Nunuk Tri Muranjari, S.Pd.)</b>', '/eoffice/index.php?r=distribusi/view&id=52', 132, '195906271985031001', NULL, '2016-01-18 15:07:45'),
(90, 1, 'Anda mendapatkan <b>surat</b> baru dari <b>Staf Kasubbag Persuratan Arsip dan Dokumentasi (Nunuk Tri Muranjari, S.Pd.)</b>', '/eoffice/index.php?r=distribusi/view&id=53', 113, '196610091995011001', NULL, '2016-01-18 15:07:45'),
(91, 1, 'Anda mendapatkan <b>surat</b> baru dari <b>Staf Kasubbag Persuratan Arsip dan Dokumentasi (Nunuk Tri Muranjari, S.Pd.)</b>', '/eoffice/index.php?r=distribusi/view&id=54', NULL, '197102181991101001', NULL, '2016-01-18 15:07:45'),
(92, 1, 'Anda mendapatkan <b>surat</b> baru dari <b>Staf Kasubbag Persuratan Arsip dan Dokumentasi (Nunuk Tri Muranjari, S.Pd.)</b>', '/eoffice/index.php?r=distribusi/view&id=55', NULL, '197004082001122001', NULL, '2016-01-18 15:07:45'),
(93, 1, 'Anda mendapatkan <b>surat</b> baru dari <b>Staf Kasubbag Persuratan Arsip dan Dokumentasi (Nunuk Tri Muranjari, S.Pd.)</b>', '/eoffice/index.php?r=distribusi/view&id=56', 122, '9231/P', NULL, '2016-01-18 15:07:45'),
(94, 1, 'Anda mendapatkan <b>surat</b> baru dari <b>Staf Kasubbag Persuratan Arsip dan Dokumentasi (Nunuk Tri Muranjari, S.Pd.)</b>', '/eoffice/index.php?r=distribusi/view&id=57', 37, '196104291983032001', NULL, '2016-01-18 15:07:45'),
(95, 1, 'Anda mendapatkan <b>surat</b> baru dari <b>Staf Kasubbag Persuratan Arsip dan Dokumentasi (Nunuk Tri Muranjari, S.Pd.)</b>', '/eoffice/index.php?r=distribusi/view&id=58', NULL, '196809211994031001', NULL, '2016-01-18 15:07:46'),
(96, 1, 'Anda mendapatkan <b>surat</b> baru dari <b>Staf Kasubbag Persuratan Arsip dan Dokumentasi (Nunuk Tri Muranjari, S.Pd.)</b>', '/eoffice/index.php?r=distribusi/view&id=59', 96, '516362', NULL, '2016-01-18 15:07:46'),
(97, 1, 'Anda mendapatkan <b>surat</b> baru dari <b>Staf Kasubbag Persuratan Arsip dan Dokumentasi (Nunuk Tri Muranjari, S.Pd.)</b>', '/eoffice/index.php?r=distribusi/view&id=60', 105, '10086/P', NULL, '2016-01-18 15:07:46'),
(98, 1, 'Anda mendapatkan <b>surat</b> baru dari <b>Staf Kasubbag Persuratan Arsip dan Dokumentasi (Nunuk Tri Muranjari, S.Pd.)</b>', '/eoffice/index.php?r=distribusi/view&id=61', 94, '515543', NULL, '2016-01-18 15:07:46'),
(99, 1, 'Anda mendapatkan <b>surat</b> baru dari <b>Staf Kasubbag Persuratan Arsip dan Dokumentasi (Nunuk Tri Muranjari, S.Pd.)</b>', '/eoffice/index.php?r=distribusi/view&id=62', 87, '196805311992031001', NULL, '2016-01-18 15:07:46'),
(100, 1, 'Anda mendapatkan <b>surat</b> baru dari <b>Staf Kasubbag Persuratan Arsip dan Dokumentasi (Nunuk Tri Muranjari, S.Pd.)</b>', '/eoffice/index.php?r=distribusi/view&id=63', 106, '65070791', NULL, '2016-01-18 15:07:46'),
(101, 1, 'Anda mendapatkan <b>surat</b> baru dari <b>Staf Kasubbag Persuratan Arsip dan Dokumentasi (Nunuk Tri Muranjari, S.Pd.)</b>', '/eoffice/index.php?r=distribusi/view&id=64', 45, '196301031983031001', NULL, '2016-01-18 15:07:46'),
(102, 1, 'Anda mendapatkan <b>surat</b> baru dari <b>Staf Kasubbag Persuratan Arsip dan Dokumentasi (Nunuk Tri Muranjari, S.Pd.)</b>', '/eoffice/index.php?r=distribusi/view&id=65', 42, '10091/P', NULL, '2016-01-18 15:07:46'),
(103, 1, 'Anda mendapatkan <b>surat</b> baru dari <b>Staf Kasubbag Persuratan Arsip dan Dokumentasi (Nunuk Tri Muranjari, S.Pd.)</b>', '/eoffice/index.php?r=distribusi/view&id=66', 40, '197011171998031001', NULL, '2016-01-18 15:07:46'),
(104, 1, 'Anda mendapatkan <b>surat</b> baru dari <b>Staf Kasubbag Persuratan Arsip dan Dokumentasi (Nunuk Tri Muranjari, S.Pd.)</b>', '/eoffice/index.php?r=distribusi/view&id=67', 41, '196905241996032002', NULL, '2016-01-18 15:07:46'),
(105, 1, 'Anda mendapatkan <b>surat</b> baru dari <b>Staf Kasubbag Persuratan Arsip dan Dokumentasi (Nunuk Tri Muranjari, S.Pd.)</b>', '/eoffice/index.php?r=distribusi/view&id=68', 48, '9916/P', NULL, '2016-01-18 15:07:46'),
(106, 1, 'Anda mendapatkan <b>surat</b> baru dari <b>Staf Kasubbag Persuratan Arsip dan Dokumentasi (Nunuk Tri Muranjari, S.Pd.)</b>', '/eoffice/index.php?r=distribusi/view&id=69', 46, '196904211996031005', '2016-01-20 09:35:14', '2016-01-18 15:07:46'),
(107, 1, 'Anda mendapatkan <b>surat</b> baru dari <b>Staf Kasubbag Persuratan Arsip dan Dokumentasi (Nunuk Tri Muranjari, S.Pd.)</b>', '/eoffice/index.php?r=distribusi/view&id=70', 47, '515589', NULL, '2016-01-18 15:07:46'),
(108, 1, 'Anda mendapatkan <b>surat</b> baru dari <b>Staf Kasubbag Persuratan Arsip dan Dokumentasi (Nunuk Tri Muranjari, S.Pd.)</b>', '/eoffice/index.php?r=distribusi/view&id=71', 38, '197110211991101001', NULL, '2016-01-18 15:07:46'),
(109, 1, 'Anda mendapatkan <b>surat</b> baru dari <b>Staf Kasubbag Persuratan Arsip dan Dokumentasi (Nunuk Tri Muranjari, S.Pd.)</b>', '/eoffice/index.php?r=distribusi/view&id=72', 77, '198811272010122002', NULL, '2016-01-18 15:07:46'),
(110, 1, 'Anda mendapatkan <b>surat</b> baru dari <b>Staf Kasubbag Persuratan Arsip dan Dokumentasi (Nunuk Tri Muranjari, S.Pd.)</b>', '/eoffice/index.php?r=distribusi/view&id=73', 148, '198511142010122001', NULL, '2016-01-18 15:07:46'),
(111, 1, 'Anda mendapatkan <b>surat</b> baru dari <b>Staf Kasubbag Persuratan Arsip dan Dokumentasi (Nunuk Tri Muranjari, S.Pd.)</b>', '/eoffice/index.php?r=distribusi/view&id=74', 67, '198308032010121001', '2016-01-19 08:08:54', '2016-01-18 15:07:46'),
(112, 1, 'Anda mendapatkan <b>surat</b> baru dari <b>Staf Kasubbag Persuratan Arsip dan Dokumentasi (Nunuk Tri Muranjari, S.Pd.)</b>', '/eoffice/index.php?r=distribusi/view&id=75', 145, '197805242009121001', NULL, '2016-01-18 15:07:46'),
(113, 1, 'Anda mendapatkan <b>surat</b> baru dari <b>Staf Kasubbag Persuratan Arsip dan Dokumentasi (Nunuk Tri Muranjari, S.Pd.)</b>', '/eoffice/index.php?r=distribusi/view&id=76', 137, '198304072009011001', NULL, '2016-01-18 15:07:46'),
(114, 1, 'Anda mendapatkan <b>surat</b> baru dari <b>Staf Kasubbag Persuratan Arsip dan Dokumentasi (Nunuk Tri Muranjari, S.Pd.)</b>', '/eoffice/index.php?r=distribusi/view&id=77', 138, '197506012010121001', NULL, '2016-01-18 15:07:46'),
(115, 1, 'Anda mendapatkan <b>surat</b> baru dari <b>Staf Kasubbag Persuratan Arsip dan Dokumentasi (Nunuk Tri Muranjari, S.Pd.)</b>', '/eoffice/index.php?r=distribusi/view&id=78', 39, '198204252009121001', NULL, '2016-01-18 15:07:46'),
(116, 1, 'Anda mendapatkan <b>surat</b> baru dari <b>Staf Kasubbag Persuratan Arsip dan Dokumentasi (Nunuk Tri Muranjari, S.Pd.)</b>', '/eoffice/index.php?r=distribusi/view&id=79', 75, '14156/P', NULL, '2016-01-18 15:07:46'),
(117, 1, 'Anda mendapatkan <b>surat</b> baru dari <b>Staf Kasubbag Persuratan Arsip dan Dokumentasi (Nunuk Tri Muranjari, S.Pd.)</b>', '/eoffice/index.php?r=distribusi/view&id=80', 147, '198109242009122002', NULL, '2016-01-18 15:07:46'),
(118, 1, 'Anda mendapatkan <b>surat</b> baru dari <b>Staf Kasubbag Persuratan Arsip dan Dokumentasi (Nunuk Tri Muranjari, S.Pd.)</b>', '/eoffice/index.php?r=distribusi/view&id=81', 139, '198002142009011002', NULL, '2016-01-18 15:07:46'),
(119, 1, 'Anda mendapatkan <b>surat</b> baru dari <b>Staf Kasubbag Persuratan Arsip dan Dokumentasi (Nunuk Tri Muranjari, S.Pd.)</b>', '/eoffice/index.php?r=distribusi/view&id=82', 154, '197612022009011002', NULL, '2016-01-18 15:07:46'),
(120, 1, 'Anda mendapatkan <b>surat</b> baru dari <b>Staf Kasubbag Persuratan Arsip dan Dokumentasi (Nunuk Tri Muranjari, S.Pd.)</b>', '/eoffice/index.php?r=distribusi/view&id=83', 152, '198106112010122001', '2016-01-20 10:01:25', '2016-01-18 15:07:46'),
(121, 1, 'Anda mendapatkan <b>surat</b> baru dari <b>Staf Kasubbag Persuratan Arsip dan Dokumentasi (Nunuk Tri Muranjari, S.Pd.)</b>', '/eoffice/index.php?r=distribusi/view&id=84', 141, '198308232009011002', NULL, '2016-01-18 15:07:46'),
(122, 1, 'Anda mendapatkan <b>surat</b> baru dari <b>Staf Kasubbag Persuratan Arsip dan Dokumentasi (Nunuk Tri Muranjari, S.Pd.)</b>', '/eoffice/index.php?r=distribusi/view&id=85', 146, '198003062009012001', NULL, '2016-01-18 15:07:46'),
(123, 1, 'Anda mendapatkan <b>surat</b> baru dari <b>Staf Kasubbag Persuratan Arsip dan Dokumentasi (Nunuk Tri Muranjari, S.Pd.)</b>', '/eoffice/index.php?r=distribusi/view&id=86', 142, '198305012010121002', NULL, '2016-01-18 15:07:47'),
(124, 1, 'Anda mendapatkan <b>surat</b> baru dari <b>Staf Kasubbag Persuratan Arsip dan Dokumentasi (Nunuk Tri Muranjari, S.Pd.)</b>', '/eoffice/index.php?r=distribusi/view&id=87', 66, '197509152009012001', NULL, '2016-01-18 15:07:47'),
(125, 1, 'Anda mendapatkan <b>surat</b> baru dari <b>Staf Kasubbag Persuratan Arsip dan Dokumentasi (Nunuk Tri Muranjari, S.Pd.)</b>', '/eoffice/index.php?r=distribusi/view&id=88', 133, '198109212009011002', '2016-01-19 09:18:19', '2016-01-18 15:07:47'),
(126, 1, 'Anda mendapatkan <b>surat</b> baru dari <b>Staf Kasubbag Persuratan Arsip dan Dokumentasi (Nunuk Tri Muranjari, S.Pd.)</b>', '/eoffice/index.php?r=distribusi/view&id=89', 134, '197807182010121002', NULL, '2016-01-18 15:07:47'),
(127, 1, 'Anda mendapatkan <b>surat</b> baru dari <b>Staf Kasubbag Persuratan Arsip dan Dokumentasi (Nunuk Tri Muranjari, S.Pd.)</b>', '/eoffice/index.php?r=distribusi/view&id=90', 114, '198704232010122001', NULL, '2016-01-18 15:07:47'),
(128, 1, 'Anda mendapatkan <b>surat</b> baru dari <b>Staf Kasubbag Persuratan Arsip dan Dokumentasi (Nunuk Tri Muranjari, S.Pd.)</b>', '/eoffice/index.php?r=distribusi/view&id=91', 126, '198405262010121001', NULL, '2016-01-18 15:07:47'),
(129, 1, 'Anda mendapatkan <b>surat</b> baru dari <b>Staf Kasubbag Persuratan Arsip dan Dokumentasi (Nunuk Tri Muranjari, S.Pd.)</b>', '/eoffice/index.php?r=distribusi/view&id=92', 115, '198102092009011001', NULL, '2016-01-18 15:07:47'),
(130, 1, 'Anda mendapatkan <b>surat</b> baru dari <b>Staf Kasubbag Persuratan Arsip dan Dokumentasi (Nunuk Tri Muranjari, S.Pd.)</b>', '/eoffice/index.php?r=distribusi/view&id=93', 123, '198703122009121001', '2016-01-20 16:10:58', '2016-01-18 15:07:47'),
(131, 1, 'Anda mendapatkan <b>surat</b> baru dari <b>Staf Kasubbag Persuratan Arsip dan Dokumentasi (Nunuk Tri Muranjari, S.Pd.)</b>', '/eoffice/index.php?r=distribusi/view&id=94', 116, '198706022010122002', NULL, '2016-01-18 15:07:47'),
(132, 1, 'Anda mendapatkan <b>surat</b> baru dari <b>Staf Kasubbag Persuratan Arsip dan Dokumentasi (Nunuk Tri Muranjari, S.Pd.)</b>', '/eoffice/index.php?r=distribusi/view&id=95', 127, '198206122010121001', NULL, '2016-01-18 15:07:47'),
(133, 1, 'Anda mendapatkan <b>surat</b> baru dari <b>Staf Kasubbag Persuratan Arsip dan Dokumentasi (Nunuk Tri Muranjari, S.Pd.)</b>', '/eoffice/index.php?r=distribusi/view&id=96', 128, '197503202009122001', NULL, '2016-01-18 15:07:47'),
(134, 1, 'Anda mendapatkan <b>surat</b> baru dari <b>Staf Kasubbag Persuratan Arsip dan Dokumentasi (Nunuk Tri Muranjari, S.Pd.)</b>', '/eoffice/index.php?r=distribusi/view&id=97', 119, '17379/P', NULL, '2016-01-18 15:07:47'),
(135, 1, 'Anda mendapatkan <b>surat</b> baru dari <b>Staf Kasubbag Persuratan Arsip dan Dokumentasi (Nunuk Tri Muranjari, S.Pd.)</b>', '/eoffice/index.php?r=distribusi/view&id=98', 150, '62010624', NULL, '2016-01-18 15:07:47'),
(136, 1, 'Anda mendapatkan <b>surat</b> baru dari <b>Staf Kasubbag Persuratan Arsip dan Dokumentasi (Nunuk Tri Muranjari, S.Pd.)</b>', '/eoffice/index.php?r=distribusi/view&id=99', 118, '198510292009011001', NULL, '2016-01-18 15:07:47'),
(137, 1, 'Anda mendapatkan <b>surat</b> baru dari <b>Staf Kasubbag Persuratan Arsip dan Dokumentasi (Nunuk Tri Muranjari, S.Pd.)</b>', '/eoffice/index.php?r=distribusi/view&id=100', 117, '198111202010121001', NULL, '2016-01-18 15:07:47'),
(138, 1, 'Anda mendapatkan <b>surat</b> baru dari <b>Staf Kasubbag Persuratan Arsip dan Dokumentasi (Nunuk Tri Muranjari, S.Pd.)</b>', '/eoffice/index.php?r=distribusi/view&id=101', 124, '197511282009121001', NULL, '2016-01-18 15:07:47'),
(139, 1, 'Anda mendapatkan <b>surat</b> baru dari <b>Staf Kasubbag Persuratan Arsip dan Dokumentasi (Nunuk Tri Muranjari, S.Pd.)</b>', '/eoffice/index.php?r=distribusi/view&id=102', 125, '197512162009121001', NULL, '2016-01-18 15:07:47'),
(140, 1, 'Anda mendapatkan <b>surat</b> baru dari <b>Staf Kasubbag Persuratan Arsip dan Dokumentasi (Nunuk Tri Muranjari, S.Pd.)</b>', '/eoffice/index.php?r=distribusi/view&id=103', 89, '13630/P', NULL, '2016-01-18 15:07:47'),
(141, 1, 'Anda mendapatkan <b>surat</b> baru dari <b>Staf Kasubbag Persuratan Arsip dan Dokumentasi (Nunuk Tri Muranjari, S.Pd.)</b>', '/eoffice/index.php?r=distribusi/view&id=104', 111, '198403102010121001', NULL, '2016-01-18 15:07:47'),
(142, 1, 'Anda mendapatkan <b>surat</b> baru dari <b>Staf Kasubbag Persuratan Arsip dan Dokumentasi (Nunuk Tri Muranjari, S.Pd.)</b>', '/eoffice/index.php?r=distribusi/view&id=105', 91, '18615/P', NULL, '2016-01-18 15:07:47'),
(143, 1, 'Anda mendapatkan <b>surat</b> baru dari <b>Staf Kasubbag Persuratan Arsip dan Dokumentasi (Nunuk Tri Muranjari, S.Pd.)</b>', '/eoffice/index.php?r=distribusi/view&id=106', 110, '16001/P', NULL, '2016-01-18 15:07:47'),
(144, 1, 'Anda mendapatkan <b>surat</b> baru dari <b>Staf Kasubbag Persuratan Arsip dan Dokumentasi (Nunuk Tri Muranjari, S.Pd.)</b>', '/eoffice/index.php?r=distribusi/view&id=107', 112, '198308242009011001', NULL, '2016-01-18 15:07:47'),
(145, 1, 'Anda mendapatkan <b>surat</b> baru dari <b>Staf Kasubbag Persuratan Arsip dan Dokumentasi (Nunuk Tri Muranjari, S.Pd.)</b>', '/eoffice/index.php?r=distribusi/view&id=108', 107, '198211212009012001', NULL, '2016-01-18 15:07:47'),
(146, 1, 'Anda mendapatkan <b>surat</b> baru dari <b>Staf Kasubbag Persuratan Arsip dan Dokumentasi (Nunuk Tri Muranjari, S.Pd.)</b>', '/eoffice/index.php?r=distribusi/view&id=109', 93, '198512212010122001', NULL, '2016-01-18 15:07:47'),
(147, 1, 'Anda mendapatkan <b>surat</b> baru dari <b>Staf Kasubbag Persuratan Arsip dan Dokumentasi (Nunuk Tri Muranjari, S.Pd.)</b>', '/eoffice/index.php?r=distribusi/view&id=110', 88, '198001152009011002', NULL, '2016-01-18 15:07:47'),
(148, 1, 'Anda mendapatkan <b>surat</b> baru dari <b>Staf Kasubbag Persuratan Arsip dan Dokumentasi (Nunuk Tri Muranjari, S.Pd.)</b>', '/eoffice/index.php?r=distribusi/view&id=111', 100, '198310312009121001', NULL, '2016-01-18 15:07:47'),
(149, 1, 'Anda mendapatkan <b>surat</b> baru dari <b>Staf Kasubbag Persuratan Arsip dan Dokumentasi (Nunuk Tri Muranjari, S.Pd.)</b>', '/eoffice/index.php?r=distribusi/view&id=112', 90, '198208022009011001', NULL, '2016-01-18 15:07:48'),
(150, 1, 'Anda mendapatkan <b>surat</b> baru dari <b>Staf Kasubbag Persuratan Arsip dan Dokumentasi (Nunuk Tri Muranjari, S.Pd.)</b>', '/eoffice/index.php?r=distribusi/view&id=113', 108, '197510302009011002', NULL, '2016-01-18 15:07:48'),
(151, 1, 'Anda mendapatkan <b>surat</b> baru dari <b>Staf Kasubbag Persuratan Arsip dan Dokumentasi (Nunuk Tri Muranjari, S.Pd.)</b>', '/eoffice/index.php?r=distribusi/view&id=114', 97, '14725/P', NULL, '2016-01-18 15:07:48'),
(152, 1, 'Anda mendapatkan <b>surat</b> baru dari <b>Staf Kasubbag Persuratan Arsip dan Dokumentasi (Nunuk Tri Muranjari, S.Pd.)</b>', '/eoffice/index.php?r=distribusi/view&id=115', 109, '198501022010121001', NULL, '2016-01-18 15:07:48'),
(153, 1, 'Anda mendapatkan <b>surat</b> baru dari <b>Staf Kasubbag Persuratan Arsip dan Dokumentasi (Nunuk Tri Muranjari, S.Pd.)</b>', '/eoffice/index.php?r=distribusi/view&id=116', 64, '16484/P', NULL, '2016-01-18 15:07:48'),
(154, 1, 'Anda mendapatkan <b>surat</b> baru dari <b>Staf Kasubbag Persuratan Arsip dan Dokumentasi (Nunuk Tri Muranjari, S.Pd.)</b>', '/eoffice/index.php?r=distribusi/view&id=117', NULL, '79041543', NULL, '2016-01-18 15:07:48'),
(155, 1, 'Anda mendapatkan <b>surat</b> baru dari <b>Staf Kasubbag Persuratan Arsip dan Dokumentasi (Nunuk Tri Muranjari, S.Pd.)</b>', '/eoffice/index.php?r=distribusi/view&id=118', 161, '13309/P', NULL, '2016-01-18 15:07:48'),
(156, 1, 'Anda mendapatkan <b>surat</b> baru dari <b>Staf Kasubbag Persuratan Arsip dan Dokumentasi (Nunuk Tri Muranjari, S.Pd.)</b>', '/eoffice/index.php?r=distribusi/view&id=119', 165, '62030485', NULL, '2016-01-18 15:07:48'),
(157, 1, 'Anda mendapatkan <b>surat</b> baru dari <b>Staf Kasubbag Persuratan Arsip dan Dokumentasi (Nunuk Tri Muranjari, S.Pd.)</b>', '/eoffice/index.php?r=distribusi/view&id=120', 160, '751101021', NULL, '2016-01-18 15:07:48'),
(158, 1, 'Anda mendapatkan <b>surat</b> baru dari <b>Staf Kasubbag Persuratan Arsip dan Dokumentasi (Nunuk Tri Muranjari, S.Pd.)</b>', '/eoffice/index.php?r=distribusi/view&id=121', NULL, '198503052010122001', NULL, '2016-01-18 15:07:48'),
(159, 1, 'Anda mendapatkan <b>surat</b> baru dari <b>Staf Kasubbag Persuratan Arsip dan Dokumentasi (Nunuk Tri Muranjari, S.Pd.)</b>', '/eoffice/index.php?r=distribusi/view&id=122', NULL, '19394/P', NULL, '2016-01-18 15:07:48'),
(160, 1, 'Anda mendapatkan <b>surat</b> baru dari <b>Staf Kasubbag Persuratan Arsip dan Dokumentasi (Nunuk Tri Muranjari, S.Pd.)</b>', '/eoffice/index.php?r=distribusi/view&id=123', 176, '12046/P', NULL, '2016-01-18 15:07:48'),
(161, 1, 'Anda mendapatkan <b>surat</b> baru dari <b>Staf Kasubbag Persuratan Arsip dan Dokumentasi (Nunuk Tri Muranjari, S.Pd.)</b>', '/eoffice/index.php?r=distribusi/view&id=124', 172, '10390/P', NULL, '2016-01-18 15:07:48'),
(162, 1, 'Anda mendapatkan <b>surat</b> baru dari <b>Staf Kasubbag Persuratan Arsip dan Dokumentasi (Nunuk Tri Muranjari, S.Pd.)</b>', '/eoffice/index.php?r=distribusi/view&id=125', 171, '198609202014021001', NULL, '2016-01-18 15:07:48'),
(163, 1, 'Anda mendapatkan <b>surat</b> baru dari <b>Staf Kasubbag Persuratan Arsip dan Dokumentasi (Nunuk Tri Muranjari, S.Pd.)</b>', '/eoffice/index.php?r=distribusi/view&id=126', 175, '197505112010121001', NULL, '2016-01-18 15:07:48'),
(164, 1, 'Anda mendapatkan <b>surat</b> baru dari <b>Staf Kasubbag Persuratan Arsip dan Dokumentasi (Nunuk Tri Muranjari, S.Pd.)</b>', '/eoffice/index.php?r=distribusi/view&id=127', NULL, '198102192009011002', NULL, '2016-01-18 15:07:48'),
(165, 1, 'Anda mendapatkan <b>surat</b> baru dari <b>Staf Kasubbag Persuratan Arsip dan Dokumentasi (Nunuk Tri Muranjari, S.Pd.)</b>', '/eoffice/index.php?r=distribusi/view&id=128', NULL, '196912191991031001', NULL, '2016-01-18 15:07:48'),
(166, 1, 'Anda mendapatkan <b>surat</b> baru dari <b>Staf Kasubbag Persuratan Arsip dan Dokumentasi (Nunuk Tri Muranjari, S.Pd.)</b>', '/eoffice/index.php?r=distribusi/view&id=129', 183, '11600/P', NULL, '2016-01-18 15:07:48'),
(167, 1, 'Anda mendapatkan <b>surat</b> baru dari <b>Staf Kasubbag Persuratan Arsip dan Dokumentasi (Nunuk Tri Muranjari, S.Pd.)</b>', '/eoffice/index.php?r=distribusi/view&id=130', NULL, '197412202009121001', NULL, '2016-01-18 15:07:48'),
(168, 1, 'Anda mendapatkan <b>surat</b> baru dari <b>Staf Kasubbag Persuratan Arsip dan Dokumentasi (Nunuk Tri Muranjari, S.Pd.)</b>', '/eoffice/index.php?r=distribusi/view&id=131', 201, '197710122009011003', NULL, '2016-01-18 15:07:48'),
(169, 1, 'Anda mendapatkan <b>surat</b> baru dari <b>Staf Kasubbag Persuratan Arsip dan Dokumentasi (Nunuk Tri Muranjari, S.Pd.)</b>', '/eoffice/index.php?r=distribusi/view&id=132', 51, '198305062009012002', '2016-01-19 11:50:44', '2016-01-18 15:07:49'),
(170, 1, 'Anda mendapatkan <b>surat</b> baru dari <b>Staf Kasubbag Persuratan Arsip dan Dokumentasi (Nunuk Tri Muranjari, S.Pd.)</b>', '/eoffice/index.php?r=distribusi/view&id=133', 62, '197911032009011002', NULL, '2016-01-18 15:07:49'),
(171, 1, 'Anda mendapatkan <b>surat</b> baru dari <b>Staf Kasubbag Persuratan Arsip dan Dokumentasi (Nunuk Tri Muranjari, S.Pd.)</b>', '/eoffice/index.php?r=distribusi/view&id=134', 74, '198412092009012001', '2016-01-20 10:00:48', '2016-01-18 15:07:49'),
(172, 1, 'Anda mendapatkan <b>surat</b> baru dari <b>Staf Kasubbag Persuratan Arsip dan Dokumentasi (Nunuk Tri Muranjari, S.Pd.)</b>', '/eoffice/index.php?r=distribusi/view&id=135', 58, '197412042009011001', NULL, '2016-01-18 15:07:49'),
(173, 1, 'Anda mendapatkan <b>surat</b> baru dari <b>Staf Kasubbag Persuratan Arsip dan Dokumentasi (Nunuk Tri Muranjari, S.Pd.)</b>', '/eoffice/index.php?r=distribusi/view&id=136', 50, '198308112009012001', NULL, '2016-01-18 15:07:49'),
(174, 1, 'Anda mendapatkan <b>surat</b> baru dari <b>Staf Kasubbag Persuratan Arsip dan Dokumentasi (Nunuk Tri Muranjari, S.Pd.)</b>', '/eoffice/index.php?r=distribusi/view&id=137', 59, '198305022005011003', NULL, '2016-01-18 15:07:49'),
(175, 1, 'Anda mendapatkan <b>surat</b> baru dari <b>Staf Kasubbag Persuratan Arsip dan Dokumentasi (Nunuk Tri Muranjari, S.Pd.)</b>', '/eoffice/index.php?r=distribusi/view&id=138', 54, '198605102009121001', NULL, '2016-01-18 15:07:49'),
(176, 1, 'Anda mendapatkan <b>surat</b> baru dari <b>Staf Kasubbag Persuratan Arsip dan Dokumentasi (Nunuk Tri Muranjari, S.Pd.)</b>', '/eoffice/index.php?r=distribusi/view&id=139', 60, '16074/P', NULL, '2016-01-18 15:07:49'),
(177, 1, 'Anda mendapatkan <b>surat</b> baru dari <b>Staf Kasubbag Persuratan Arsip dan Dokumentasi (Nunuk Tri Muranjari, S.Pd.)</b>', '/eoffice/index.php?r=distribusi/view&id=140', NULL, '197908082009011001', NULL, '2016-01-18 15:07:49'),
(178, 1, 'Anda mendapatkan <b>surat</b> baru dari <b>Staf Kasubbag Persuratan Arsip dan Dokumentasi (Nunuk Tri Muranjari, S.Pd.)</b>', '/eoffice/index.php?r=distribusi/view&id=141', 55, '198210112010122001', NULL, '2016-01-18 15:07:49'),
(179, 1, 'Anda mendapatkan <b>surat</b> baru dari <b>Staf Kasubbag Persuratan Arsip dan Dokumentasi (Nunuk Tri Muranjari, S.Pd.)</b>', '/eoffice/index.php?r=distribusi/view&id=142', 56, '198601192010121002', NULL, '2016-01-18 15:07:49'),
(180, 1, 'Anda mendapatkan <b>surat</b> baru dari <b>Staf Kasubbag Persuratan Arsip dan Dokumentasi (Nunuk Tri Muranjari, S.Pd.)</b>', '/eoffice/index.php?r=distribusi/view&id=143', 80, '198507302009122001', NULL, '2016-01-18 15:07:49'),
(181, 1, 'Anda mendapatkan <b>surat</b> baru dari <b>Staf Kasubbag Persuratan Arsip dan Dokumentasi (Nunuk Tri Muranjari, S.Pd.)</b>', '/eoffice/index.php?r=distribusi/view&id=144', 84, '198509092009012001', NULL, '2016-01-18 15:07:49'),
(182, 1, 'Anda mendapatkan <b>surat</b> baru dari <b>Staf Kasubbag Persuratan Arsip dan Dokumentasi (Nunuk Tri Muranjari, S.Pd.)</b>', '/eoffice/index.php?r=distribusi/view&id=145', 78, '198410262010121002', NULL, '2016-01-18 15:07:49'),
(183, 1, 'Anda mendapatkan <b>surat</b> baru dari <b>Staf Kasubbag Persuratan Arsip dan Dokumentasi (Nunuk Tri Muranjari, S.Pd.)</b>', '/eoffice/index.php?r=distribusi/view&id=146', 61, '197901142006041014', NULL, '2016-01-18 15:07:49'),
(184, 1, 'Anda mendapatkan <b>surat</b> baru dari <b>Staf Kasubbag Persuratan Arsip dan Dokumentasi (Nunuk Tri Muranjari, S.Pd.)</b>', '/eoffice/index.php?r=distribusi/view&id=147', 53, '198010012009012002', NULL, '2016-01-18 15:07:49'),
(185, 1, 'Anda mendapatkan <b>surat</b> baru dari <b>Staf Kasubbag Persuratan Arsip dan Dokumentasi (Nunuk Tri Muranjari, S.Pd.)</b>', '/eoffice/index.php?r=distribusi/view&id=148', 52, '198404052010121001', NULL, '2016-01-18 15:07:49'),
(186, 1, 'Anda mendapatkan <b>surat</b> baru dari <b>Staf Kasubbag Persuratan Arsip dan Dokumentasi (Nunuk Tri Muranjari, S.Pd.)</b>', '/eoffice/index.php?r=distribusi/view&id=149', 82, '198701062009011001', NULL, '2016-01-18 15:07:49'),
(187, 1, 'Anda mendapatkan <b>surat</b> baru dari <b>Staf Kasubbag Persuratan Arsip dan Dokumentasi (Nunuk Tri Muranjari, S.Pd.)</b>', '/eoffice/index.php?r=distribusi/view&id=150', 81, '15622/P', NULL, '2016-01-18 15:07:49'),
(188, 1, 'Anda mendapatkan <b>surat</b> baru dari <b>Staf Kasubbag Persuratan Arsip dan Dokumentasi (Nunuk Tri Muranjari, S.Pd.)</b>', '/eoffice/index.php?r=distribusi/view&id=151', 76, '198412182009121001', NULL, '2016-01-18 15:07:50'),
(189, 1, 'Anda mendapatkan <b>surat</b> baru dari <b>Staf Kasubbag Persuratan Arsip dan Dokumentasi (Nunuk Tri Muranjari, S.Pd.)</b>', '/eoffice/index.php?r=distribusi/view&id=152', 102, '198609172009122001', '2016-01-20 10:09:06', '2016-01-18 15:07:50'),
(190, 1, 'Anda mendapatkan <b>surat</b> baru dari <b>Staf Kasubbag Persuratan Arsip dan Dokumentasi (Nunuk Tri Muranjari, S.Pd.)</b>', '/eoffice/index.php?r=distribusi/view&id=153', 72, '198303132010121001', NULL, '2016-01-18 15:07:50'),
(191, 1, 'Anda mendapatkan <b>surat</b> baru dari <b>Staf Kasubbag Persuratan Arsip dan Dokumentasi (Nunuk Tri Muranjari, S.Pd.)</b>', '/eoffice/index.php?r=distribusi/view&id=154', 73, '196904062009011001', '2016-01-20 10:01:19', '2016-01-18 15:07:50'),
(192, 1, 'Anda mendapatkan <b>surat</b> baru dari <b>Staf Kasubbag Persuratan Arsip dan Dokumentasi (Nunuk Tri Muranjari, S.Pd.)</b>', '/eoffice/index.php?r=distribusi/view&id=155', 57, '197103202009122001', NULL, '2016-01-18 15:07:50'),
(193, 1, 'Anda mendapatkan <b>surat</b> baru dari <b>Staf Kasubbag Persuratan Arsip dan Dokumentasi (Nunuk Tri Muranjari, S.Pd.)</b>', '/eoffice/index.php?r=distribusi/view&id=156', 63, '198305012009012001', NULL, '2016-01-18 15:07:50'),
(194, 1, 'Anda mendapatkan <b>surat</b> baru dari <b>Staf Kasubbag Persuratan Arsip dan Dokumentasi (Nunuk Tri Muranjari, S.Pd.)</b>', '/eoffice/index.php?r=distribusi/view&id=157', NULL, '198111182009121001', NULL, '2016-01-18 15:07:50'),
(195, 1, 'Anda mendapatkan <b>surat</b> baru dari <b>Staf Kasubbag Persuratan Arsip dan Dokumentasi (Nunuk Tri Muranjari, S.Pd.)</b>', '/eoffice/index.php?r=distribusi/view&id=158', 205, '15213/P', NULL, '2016-01-18 15:07:50'),
(196, 1, 'Anda mendapatkan <b>surat</b> baru dari <b>Staf Kasubbag Persuratan Arsip dan Dokumentasi (Nunuk Tri Muranjari, S.Pd.)</b>', '/eoffice/index.php?r=distribusi/view&id=159', NULL, '197811042010121001', NULL, '2016-01-18 15:07:50'),
(197, 1, 'Anda mendapatkan <b>surat</b> baru dari <b>Staf Kasubbag Persuratan Arsip dan Dokumentasi (Nunuk Tri Muranjari, S.Pd.)</b>', '/eoffice/index.php?r=distribusi/view&id=160', NULL, '197903222010121001', NULL, '2016-01-18 15:07:50'),
(198, 1, 'Anda mendapatkan <b>surat</b> baru dari <b>Staf Kasubbag Persuratan Arsip dan Dokumentasi (Nunuk Tri Muranjari, S.Pd.)</b>', '/eoffice/index.php?r=distribusi/view&id=161', 149, '198211292010122002', '2016-01-20 14:48:26', '2016-01-18 15:07:50'),
(199, 1, 'Anda mendapatkan <b>surat</b> baru dari <b>Staf Kasubbag Persuratan Arsip dan Dokumentasi (Nunuk Tri Muranjari, S.Pd.)</b>', '/eoffice/index.php?r=distribusi/view&id=162', 140, '198411232009012003', NULL, '2016-01-18 15:07:50'),
(200, 1, 'Anda mendapatkan <b>surat</b> baru dari <b>Staf Kasubbag Persuratan Arsip dan Dokumentasi (Nunuk Tri Muranjari, S.Pd.)</b>', '/eoffice/index.php?r=distribusi/view&id=163', 92, '197305031994121001', NULL, '2016-01-18 15:07:50'),
(201, 1, 'Anda mendapatkan <b>surat</b> baru dari <b>Staf Kasubbag Persuratan Arsip dan Dokumentasi (Nunuk Tri Muranjari, S.Pd.)</b>', '/eoffice/index.php?r=distribusi/view&id=164', 104, '197001171991101001', NULL, '2016-01-18 15:07:50'),
(202, 1, 'Anda mendapatkan <b>surat</b> baru dari <b>Staf Kasubbag Persuratan Arsip dan Dokumentasi (Nunuk Tri Muranjari, S.Pd.)</b>', '/eoffice/index.php?r=distribusi/view&id=165', NULL, '15441/P', NULL, '2016-01-18 15:07:50'),
(203, 1, 'Anda mendapatkan <b>surat</b> baru dari <b>Staf Kasubbag Persuratan Arsip dan Dokumentasi (Nunuk Tri Muranjari, S.Pd.)</b>', '/eoffice/index.php?r=distribusi/view&id=166', NULL, '16592/P', NULL, '2016-01-18 15:07:50'),
(204, 1, 'Anda mendapatkan <b>surat</b> baru dari <b>Staf Kasubbag Persuratan Arsip dan Dokumentasi (Nunuk Tri Muranjari, S.Pd.)</b>', '/eoffice/index.php?r=distribusi/view&id=167', NULL, '15980/P', NULL, '2016-01-18 15:07:50'),
(205, 1, 'Anda mendapatkan <b>surat</b> baru dari <b>Staf Kasubbag Persuratan Arsip dan Dokumentasi (Nunuk Tri Muranjari, S.Pd.)</b>', '/eoffice/index.php?r=distribusi/view&id=168', NULL, '198012132009011003', NULL, '2016-01-18 15:07:50'),
(206, 1, 'Anda mendapatkan <b>surat</b> baru dari <b>Staf Kasubbag Persuratan Arsip dan Dokumentasi (Nunuk Tri Muranjari, S.Pd.)</b>', '/eoffice/index.php?r=distribusi/view&id=169', NULL, '198112222009121001', NULL, '2016-01-18 15:07:50'),
(207, 1, 'Anda mendapatkan <b>surat</b> baru dari <b>Staf Kasubbag Persuratan Arsip dan Dokumentasi (Nunuk Tri Muranjari, S.Pd.)</b>', '/eoffice/index.php?r=distribusi/view&id=170', NULL, '197711222009121001', NULL, '2016-01-18 15:07:51'),
(208, 1, 'Anda mendapatkan <b>surat</b> baru dari <b>Staf Kasubbag Persuratan Arsip dan Dokumentasi (Nunuk Tri Muranjari, S.Pd.)</b>', '/eoffice/index.php?r=distribusi/view&id=171', NULL, '19485/P', NULL, '2016-01-18 15:07:51'),
(209, 1, 'Anda mendapatkan <b>surat</b> baru dari <b>Staf Kasubbag Persuratan Arsip dan Dokumentasi (Nunuk Tri Muranjari, S.Pd.)</b>', '/eoffice/index.php?r=distribusi/view&id=172', NULL, '117225', NULL, '2016-01-18 15:07:51'),
(210, 1, 'Anda mendapatkan <b>surat</b> baru dari <b>Staf Kasubbag Persuratan Arsip dan Dokumentasi (Nunuk Tri Muranjari, S.Pd.)</b>', '/eoffice/index.php?r=distribusi/view&id=173', NULL, '115955', NULL, '2016-01-18 15:07:51'),
(211, 1, 'Anda mendapatkan <b>surat</b> baru dari <b>Staf Kasubbag Persuratan Arsip dan Dokumentasi (Nunuk Tri Muranjari, S.Pd.)</b>', '/eoffice/index.php?r=distribusi/view&id=174', NULL, '114084', NULL, '2016-01-18 15:07:51'),
(212, 1, 'Anda mendapatkan <b>surat</b> baru dari <b>Staf Kasubbag Persuratan Arsip dan Dokumentasi (Nunuk Tri Muranjari, S.Pd.)</b>', '/eoffice/index.php?r=distribusi/view&id=175', NULL, '114963', NULL, '2016-01-18 15:07:51'),
(213, 1, 'Anda mendapatkan <b>surat</b> baru dari <b>Staf Kasubbag Persuratan Arsip dan Dokumentasi (Nunuk Tri Muranjari, S.Pd.)</b>', '/eoffice/index.php?r=distribusi/view&id=176', NULL, '81570', NULL, '2016-01-18 15:07:51'),
(214, 1, 'Anda mendapatkan <b>surat</b> baru dari <b>Staf Kasubbag Persuratan Arsip dan Dokumentasi (Nunuk Tri Muranjari, S.Pd.)</b>', '/eoffice/index.php?r=distribusi/view&id=177', NULL, '75097', NULL, '2016-01-18 15:07:51');
INSERT INTO `pemberitahuan` (`id`, `id_pemberitahuan_sifat`, `isi`, `url`, `id_jabatan`, `username`, `waktu_dilihat`, `waktu_dibuat`) VALUES
(215, 1, 'Anda mendapatkan <b>surat</b> baru dari <b>Staf Kasubbag Persuratan Arsip dan Dokumentasi (Nunuk Tri Muranjari, S.Pd.)</b>', '/eoffice/index.php?r=distribusi/view&id=178', NULL, '116011', NULL, '2016-01-18 15:07:51'),
(216, 1, 'Anda mendapatkan <b>surat</b> baru dari <b>Staf Kasubbag Persuratan Arsip dan Dokumentasi (Nunuk Tri Muranjari, S.Pd.)</b>', '/eoffice/index.php?r=distribusi/view&id=179', NULL, '115990', NULL, '2016-01-18 15:07:51'),
(217, 1, 'Anda mendapatkan <b>surat</b> baru dari <b>Staf Kasubbag Persuratan Arsip dan Dokumentasi (Nunuk Tri Muranjari, S.Pd.)</b>', '/eoffice/index.php?r=distribusi/view&id=180', NULL, '116008', NULL, '2016-01-18 15:07:51'),
(218, 1, 'Anda mendapatkan <b>surat</b> baru dari <b>Staf Kasubbag Persuratan Arsip dan Dokumentasi (Nunuk Tri Muranjari, S.Pd.)</b>', '/eoffice/index.php?r=distribusi/view&id=181', NULL, '96177', NULL, '2016-01-18 15:07:51'),
(219, 1, 'Anda mendapatkan <b>surat</b> baru dari <b>Staf Kasubbag Persuratan Arsip dan Dokumentasi (Nunuk Tri Muranjari, S.Pd.)</b>', '/eoffice/index.php?r=distribusi/view&id=182', NULL, '98494', NULL, '2016-01-18 15:07:51'),
(220, 1, 'Anda mendapatkan <b>surat</b> baru dari <b>Staf Kasubbag Persuratan Arsip dan Dokumentasi (Nunuk Tri Muranjari, S.Pd.)</b>', '/eoffice/index.php?r=distribusi/view&id=183', NULL, '98426', NULL, '2016-01-18 15:07:51'),
(221, 1, 'Anda mendapatkan <b>surat</b> baru dari <b>Staf Kasubbag Persuratan Arsip dan Dokumentasi (Nunuk Tri Muranjari, S.Pd.)</b>', '/eoffice/index.php?r=distribusi/view&id=184', NULL, '88954', NULL, '2016-01-18 15:07:51'),
(222, 1, 'Anda mendapatkan <b>surat</b> baru dari <b>Staf Kasubbag Persuratan Arsip dan Dokumentasi (Nunuk Tri Muranjari, S.Pd.)</b>', '/eoffice/index.php?r=distribusi/view&id=185', NULL, '106617', NULL, '2016-01-18 15:07:51'),
(223, 1, 'Anda mendapatkan <b>surat</b> baru dari <b>Staf Kasubbag Persuratan Arsip dan Dokumentasi (Nunuk Tri Muranjari, S.Pd.)</b>', '/eoffice/index.php?r=distribusi/view&id=186', NULL, '110147', NULL, '2016-01-18 15:07:51'),
(224, 1, 'Anda mendapatkan <b>surat</b> baru dari <b>Staf Kasubbag Persuratan Arsip dan Dokumentasi (Nunuk Tri Muranjari, S.Pd.)</b>', '/eoffice/index.php?r=distribusi/view&id=187', NULL, '112539', NULL, '2016-01-18 15:07:51'),
(225, 1, 'Anda mendapatkan <b>surat</b> baru dari <b>Staf Kasubbag Persuratan Arsip dan Dokumentasi (Nunuk Tri Muranjari, S.Pd.)</b>', '/eoffice/index.php?r=distribusi/view&id=188', NULL, '108053', NULL, '2016-01-18 15:07:51'),
(226, 1, 'Anda mendapatkan <b>surat</b> baru dari <b>Staf Kasubbag Persuratan Arsip dan Dokumentasi (Nunuk Tri Muranjari, S.Pd.)</b>', '/eoffice/index.php?r=distribusi/view&id=189', NULL, '18149/P', NULL, '2016-01-18 15:07:52'),
(227, 1, 'Anda mendapatkan <b>surat</b> baru dari <b>Staf Kasubbag Persuratan Arsip dan Dokumentasi (Nunuk Tri Muranjari, S.Pd.)</b>', '/eoffice/index.php?r=distribusi/view&id=190', NULL, '20060/P', NULL, '2016-01-18 15:07:52'),
(228, 1, 'Anda mendapatkan <b>surat</b> baru dari <b>Staf Kasubbag Persuratan Arsip dan Dokumentasi (Nunuk Tri Muranjari, S.Pd.)</b>', '/eoffice/index.php?r=distribusi/view&id=191', NULL, '19995/P', NULL, '2016-01-18 15:07:52'),
(229, 1, 'Anda mendapatkan <b>surat</b> baru dari <b>Staf Kasubbag Persuratan Arsip dan Dokumentasi (Nunuk Tri Muranjari, S.Pd.)</b>', '/eoffice/index.php?r=distribusi/view&id=192', NULL, '19493/P', NULL, '2016-01-18 15:07:52'),
(230, 1, 'Anda mendapatkan <b>surat</b> baru dari <b>Staf Kasubbag Persuratan Arsip dan Dokumentasi (Nunuk Tri Muranjari, S.Pd.)</b>', '/eoffice/index.php?r=distribusi/view&id=193', NULL, '18708/P', NULL, '2016-01-18 15:07:52'),
(231, 1, 'Anda mendapatkan <b>surat</b> baru dari <b>Staf Kasubbag Persuratan Arsip dan Dokumentasi (Nunuk Tri Muranjari, S.Pd.)</b>', '/eoffice/index.php?r=distribusi/view&id=194', NULL, '118661', NULL, '2016-01-18 15:07:52'),
(232, 1, 'Anda mendapatkan <b>surat</b> baru dari <b>Staf Kasubbag Persuratan Arsip dan Dokumentasi (Nunuk Tri Muranjari, S.Pd.)</b>', '/eoffice/index.php?r=distribusi/view&id=195', NULL, '117216', NULL, '2016-01-18 15:07:52'),
(233, 1, 'Anda mendapatkan <b>surat</b> baru dari <b>Staf Kasubbag Persuratan Arsip dan Dokumentasi (Nunuk Tri Muranjari, S.Pd.)</b>', '/eoffice/index.php?r=distribusi/view&id=196', NULL, '117228', NULL, '2016-01-18 15:07:52'),
(234, 1, 'Anda mendapatkan <b>surat</b> baru dari <b>Staf Kasubbag Persuratan Arsip dan Dokumentasi (Nunuk Tri Muranjari, S.Pd.)</b>', '/eoffice/index.php?r=distribusi/view&id=197', NULL, '117213', NULL, '2016-01-18 15:07:52'),
(235, 1, 'Anda mendapatkan <b>surat</b> baru dari <b>Staf Kasubbag Persuratan Arsip dan Dokumentasi (Nunuk Tri Muranjari, S.Pd.)</b>', '/eoffice/index.php?r=distribusi/view&id=198', NULL, '117215', NULL, '2016-01-18 15:07:52'),
(236, 1, 'Anda mendapatkan <b>surat</b> baru dari <b>Staf Kasubbag Persuratan Arsip dan Dokumentasi (Nunuk Tri Muranjari, S.Pd.)</b>', '/eoffice/index.php?r=distribusi/view&id=199', NULL, '117437', NULL, '2016-01-18 15:07:52'),
(237, 1, 'Anda mendapatkan <b>surat</b> baru dari <b>Staf Kasubbag Persuratan Arsip dan Dokumentasi (Nunuk Tri Muranjari, S.Pd.)</b>', '/eoffice/index.php?r=distribusi/view&id=200', NULL, '117445', NULL, '2016-01-18 15:07:52'),
(238, 1, 'Anda mendapatkan <b>surat</b> baru dari <b>Staf Kasubbag Persuratan Arsip dan Dokumentasi (Nunuk Tri Muranjari, S.Pd.)</b>', '/eoffice/index.php?r=distribusi/view&id=201', NULL, '80472', NULL, '2016-01-18 15:07:52'),
(239, 1, 'Anda mendapatkan <b>surat</b> baru dari <b>Staf Kasubbag Persuratan Arsip dan Dokumentasi (Nunuk Tri Muranjari, S.Pd.)</b>', '/eoffice/index.php?r=distribusi/view&id=202', NULL, '117347', NULL, '2016-01-18 15:07:52'),
(240, 1, 'Anda mendapatkan <b>surat</b> baru dari <b>Staf Kasubbag Persuratan Arsip dan Dokumentasi (Nunuk Tri Muranjari, S.Pd.)</b>', '/eoffice/index.php?r=distribusi/view&id=203', NULL, '118332', NULL, '2016-01-18 15:07:52'),
(241, 1, 'Anda mendapatkan <b>surat</b> baru dari <b>Staf Kasubbag Persuratan Arsip dan Dokumentasi (Nunuk Tri Muranjari, S.Pd.)</b>', '/eoffice/index.php?r=distribusi/view&id=204', NULL, '116059', NULL, '2016-01-18 15:07:52'),
(242, 1, 'Anda mendapatkan <b>surat</b> baru dari <b>Staf Kasubbag Persuratan Arsip dan Dokumentasi (Nunuk Tri Muranjari, S.Pd.)</b>', '/eoffice/index.php?r=distribusi/view&id=205', NULL, '116056', NULL, '2016-01-18 15:07:52'),
(243, 1, 'Anda mendapatkan <b>surat</b> baru dari <b>Staf Kasubbag Persuratan Arsip dan Dokumentasi (Nunuk Tri Muranjari, S.Pd.)</b>', '/eoffice/index.php?r=distribusi/view&id=206', NULL, '117313', NULL, '2016-01-18 15:07:52'),
(244, 1, 'Anda mendapatkan <b>surat</b> baru dari <b>Staf Kasubbag Persuratan Arsip dan Dokumentasi (Nunuk Tri Muranjari, S.Pd.)</b>', '/eoffice/index.php?r=distribusi/view&id=207', NULL, '117194', NULL, '2016-01-18 15:07:52'),
(245, 1, 'Anda mendapatkan <b>surat</b> baru dari <b>Staf Kasubbag Persuratan Arsip dan Dokumentasi (Nunuk Tri Muranjari, S.Pd.)</b>', '/eoffice/index.php?r=distribusi/view&id=208', NULL, '117193', NULL, '2016-01-18 15:07:52'),
(246, 1, 'Anda mendapatkan <b>surat</b> baru dari <b>Staf Kasubbag Persuratan Arsip dan Dokumentasi (Nunuk Tri Muranjari, S.Pd.)</b>', '/eoffice/index.php?r=distribusi/view&id=209', NULL, '117198', NULL, '2016-01-18 15:07:53'),
(247, 1, 'Anda mendapatkan <b>surat</b> baru dari <b>Staf Kasubbag Persuratan Arsip dan Dokumentasi (Nunuk Tri Muranjari, S.Pd.)</b>', '/eoffice/index.php?r=distribusi/view&id=210', NULL, '117248', NULL, '2016-01-18 15:07:53'),
(248, 1, 'Anda mendapatkan <b>surat</b> baru dari <b>Staf Kasubbag Persuratan Arsip dan Dokumentasi (Nunuk Tri Muranjari, S.Pd.)</b>', '/eoffice/index.php?r=distribusi/view&id=211', NULL, '117249', NULL, '2016-01-18 15:07:53'),
(249, 1, 'Anda mendapatkan <b>surat</b> baru dari <b>Staf Kasubbag Persuratan Arsip dan Dokumentasi (Nunuk Tri Muranjari, S.Pd.)</b>', '/eoffice/index.php?r=distribusi/view&id=212', NULL, '112442', NULL, '2016-01-18 15:07:53'),
(250, 1, 'Anda mendapatkan <b>surat</b> baru dari <b>Staf Kasubbag Persuratan Arsip dan Dokumentasi (Nunuk Tri Muranjari, S.Pd.)</b>', '/eoffice/index.php?r=distribusi/view&id=213', NULL, '20428/P', NULL, '2016-01-18 15:07:53'),
(251, 1, 'Anda mendapatkan <b>surat</b> baru dari <b>Staf Kasubbag Persuratan Arsip dan Dokumentasi (Nunuk Tri Muranjari, S.Pd.)</b>', '/eoffice/index.php?r=distribusi/view&id=214', NULL, '19193/P', NULL, '2016-01-18 15:07:53'),
(252, 1, 'Anda mendapatkan <b>surat</b> baru dari <b>Staf Kasubbag Persuratan Arsip dan Dokumentasi (Nunuk Tri Muranjari, S.Pd.)</b>', '/eoffice/index.php?r=distribusi/view&id=215', NULL, '19991/P', NULL, '2016-01-18 15:07:53'),
(253, 1, 'Anda mendapatkan <b>surat</b> baru dari <b>Staf Kasubbag Persuratan Arsip dan Dokumentasi (Nunuk Tri Muranjari, S.Pd.)</b>', '/eoffice/index.php?r=distribusi/view&id=216', NULL, '18705/P', NULL, '2016-01-18 15:07:53'),
(254, 1, 'Anda mendapatkan <b>surat</b> baru dari <b>Staf Kasubbag Persuratan Arsip dan Dokumentasi (Nunuk Tri Muranjari, S.Pd.)</b>', '/eoffice/index.php?r=distribusi/view&id=217', NULL, '117227', NULL, '2016-01-18 15:07:53'),
(255, 1, 'Anda mendapatkan <b>surat</b> baru dari <b>Staf Kasubbag Persuratan Arsip dan Dokumentasi (Nunuk Tri Muranjari, S.Pd.)</b>', '/eoffice/index.php?r=distribusi/view&id=218', NULL, '115916', NULL, '2016-01-18 15:07:53'),
(256, 1, 'Anda mendapatkan <b>surat</b> baru dari <b>Staf Kasubbag Persuratan Arsip dan Dokumentasi (Nunuk Tri Muranjari, S.Pd.)</b>', '/eoffice/index.php?r=distribusi/view&id=219', NULL, '118284', NULL, '2016-01-18 15:07:53'),
(257, 1, 'Anda mendapatkan <b>surat</b> baru dari <b>Staf Kasubbag Persuratan Arsip dan Dokumentasi (Nunuk Tri Muranjari, S.Pd.)</b>', '/eoffice/index.php?r=distribusi/view&id=220', NULL, '114858', NULL, '2016-01-18 15:07:53'),
(258, 1, 'Anda mendapatkan <b>surat</b> baru dari <b>Staf Kasubbag Persuratan Arsip dan Dokumentasi (Nunuk Tri Muranjari, S.Pd.)</b>', '/eoffice/index.php?r=distribusi/view&id=221', NULL, '115928', NULL, '2016-01-18 15:07:53'),
(259, 1, 'Anda mendapatkan <b>surat</b> baru dari <b>Staf Kasubbag Persuratan Arsip dan Dokumentasi (Nunuk Tri Muranjari, S.Pd.)</b>', '/eoffice/index.php?r=distribusi/view&id=222', NULL, '118386', NULL, '2016-01-18 15:07:53'),
(260, 1, 'Anda mendapatkan <b>surat</b> baru dari <b>Staf Kasubbag Persuratan Arsip dan Dokumentasi (Nunuk Tri Muranjari, S.Pd.)</b>', '/eoffice/index.php?r=distribusi/view&id=223', NULL, '115971', NULL, '2016-01-18 15:07:53'),
(261, 1, 'Anda mendapatkan <b>surat</b> baru dari <b>Staf Kasubbag Persuratan Arsip dan Dokumentasi (Nunuk Tri Muranjari, S.Pd.)</b>', '/eoffice/index.php?r=distribusi/view&id=224', NULL, '118321', NULL, '2016-01-18 15:07:53'),
(262, 1, 'Anda mendapatkan <b>surat</b> baru dari <b>Staf Kasubbag Persuratan Arsip dan Dokumentasi (Nunuk Tri Muranjari, S.Pd.)</b>', '/eoffice/index.php?r=distribusi/view&id=225', NULL, '117362', NULL, '2016-01-18 15:07:53'),
(263, 1, 'Anda mendapatkan <b>surat</b> baru dari <b>Staf Kasubbag Persuratan Arsip dan Dokumentasi (Nunuk Tri Muranjari, S.Pd.)</b>', '/eoffice/index.php?r=distribusi/view&id=226', NULL, '117306', NULL, '2016-01-18 15:07:53'),
(264, 1, 'Anda mendapatkan <b>surat</b> baru dari <b>Staf Kasubbag Persuratan Arsip dan Dokumentasi (Nunuk Tri Muranjari, S.Pd.)</b>', '/eoffice/index.php?r=distribusi/view&id=227', NULL, '117329', NULL, '2016-01-18 15:07:53'),
(265, 1, 'Anda mendapatkan <b>surat</b> baru dari <b>Staf Kasubbag Persuratan Arsip dan Dokumentasi (Nunuk Tri Muranjari, S.Pd.)</b>', '/eoffice/index.php?r=distribusi/view&id=228', NULL, '117308', NULL, '2016-01-18 15:07:54'),
(266, 1, 'Anda mendapatkan <b>surat</b> baru dari <b>Staf Kasubbag Persuratan Arsip dan Dokumentasi (Nunuk Tri Muranjari, S.Pd.)</b>', '/eoffice/index.php?r=distribusi/view&id=229', NULL, '118273', NULL, '2016-01-18 15:07:54'),
(267, 1, 'Anda mendapatkan <b>surat</b> baru dari <b>Staf Kasubbag Persuratan Arsip dan Dokumentasi (Nunuk Tri Muranjari, S.Pd.)</b>', '/eoffice/index.php?r=distribusi/view&id=230', NULL, '118270', NULL, '2016-01-18 15:07:54'),
(268, 1, 'Anda mendapatkan <b>surat</b> baru dari <b>Staf Kasubbag Persuratan Arsip dan Dokumentasi (Nunuk Tri Muranjari, S.Pd.)</b>', '/eoffice/index.php?r=distribusi/view&id=231', NULL, '118269', NULL, '2016-01-18 15:07:54'),
(269, 1, 'Anda mendapatkan <b>surat</b> baru dari <b>Staf Kasubbag Persuratan Arsip dan Dokumentasi (Nunuk Tri Muranjari, S.Pd.)</b>', '/eoffice/index.php?r=distribusi/view&id=232', NULL, '118300', NULL, '2016-01-18 15:07:54'),
(270, 1, 'Anda mendapatkan <b>surat</b> baru dari <b>Staf Kasubbag Persuratan Arsip dan Dokumentasi (Nunuk Tri Muranjari, S.Pd.)</b>', '/eoffice/index.php?r=distribusi/view&id=233', NULL, '118301', NULL, '2016-01-18 15:07:54'),
(271, 1, 'Anda mendapatkan <b>surat</b> baru dari <b>Staf Kasubbag Persuratan Arsip dan Dokumentasi (Nunuk Tri Muranjari, S.Pd.)</b>', '/eoffice/index.php?r=distribusi/view&id=234', NULL, '74531', NULL, '2016-01-18 15:07:54'),
(272, 1, 'Anda mendapatkan <b>surat</b> baru dari <b>Staf Kasubbag Persuratan Arsip dan Dokumentasi (Nunuk Tri Muranjari, S.Pd.)</b>', '/eoffice/index.php?r=distribusi/view&id=235', NULL, '198802072010121001', NULL, '2016-01-18 15:07:54'),
(273, 1, 'Anda mendapatkan <b>surat</b> baru dari <b>Staf Kasubbag Persuratan Arsip dan Dokumentasi (Nunuk Tri Muranjari, S.Pd.)</b>', '/eoffice/index.php?r=distribusi/view&id=236', 241, '198402072015012001', NULL, '2016-01-18 15:07:54'),
(274, 1, 'Anda mendapatkan <b>surat</b> baru dari <b>Staf Kasubbag Persuratan Arsip dan Dokumentasi (Nunuk Tri Muranjari, S.Pd.)</b>', '/eoffice/index.php?r=distribusi/view&id=237', 242, '198412172015012001', NULL, '2016-01-18 15:07:54'),
(275, 1, 'Anda mendapatkan <b>surat</b> baru dari <b>Staf Kasubbag Persuratan Arsip dan Dokumentasi (Nunuk Tri Muranjari, S.Pd.)</b>', '/eoffice/index.php?r=distribusi/view&id=238', 240, '198910252015011001', NULL, '2016-01-18 15:07:54'),
(276, 1, 'Anda mendapatkan <b>surat</b> baru dari <b>Staf Kasubbag Persuratan Arsip dan Dokumentasi (Nunuk Tri Muranjari, S.Pd.)</b>', '/eoffice/index.php?r=distribusi/view&id=239', 290, '198911302015011001', NULL, '2016-01-18 15:07:54'),
(277, 1, 'Anda mendapatkan <b>surat</b> baru dari <b>Staf Kasubbag Persuratan Arsip dan Dokumentasi (Nunuk Tri Muranjari, S.Pd.)</b>', '/eoffice/index.php?r=distribusi/view&id=240', 288, '198811292015012001', NULL, '2016-01-18 15:07:54'),
(278, 1, 'Anda mendapatkan <b>surat</b> baru dari <b>Staf Kasubbag Persuratan Arsip dan Dokumentasi (Nunuk Tri Muranjari, S.Pd.)</b>', '/eoffice/index.php?r=distribusi/view&id=241', 245, '199201022015012001', NULL, '2016-01-18 15:07:54'),
(279, 1, 'Anda mendapatkan <b>surat</b> baru dari <b>Staf Kasubbag Persuratan Arsip dan Dokumentasi (Nunuk Tri Muranjari, S.Pd.)</b>', '/eoffice/index.php?r=distribusi/view&id=242', 235, '199208012015012001', NULL, '2016-01-18 15:07:54'),
(280, 1, 'Anda mendapatkan <b>surat</b> baru dari <b>Staf Kasubbag Persuratan Arsip dan Dokumentasi (Nunuk Tri Muranjari, S.Pd.)</b>', '/eoffice/index.php?r=distribusi/view&id=243', 234, '198112272010121002', NULL, '2016-01-18 15:07:54'),
(281, 1, 'Anda mendapatkan <b>surat</b> baru dari <b>Staf Kasubbag Persuratan Arsip dan Dokumentasi (Nunuk Tri Muranjari, S.Pd.)</b>', '/eoffice/index.php?r=distribusi/view&id=244', 237, '197411302010122001', '2016-01-19 08:22:27', '2016-01-18 15:07:55'),
(282, 1, 'Anda mendapatkan <b>surat</b> baru dari <b>Staf Kasubbag Persuratan Arsip dan Dokumentasi (Nunuk Tri Muranjari, S.Pd.)</b>', '/eoffice/index.php?r=distribusi/view&id=245', 239, '198009122010121001', NULL, '2016-01-18 15:07:55'),
(283, 1, 'Anda mendapatkan <b>surat</b> baru dari <b>Staf Kasubbag Persuratan Arsip dan Dokumentasi (Nunuk Tri Muranjari, S.Pd.)</b>', '/eoffice/index.php?r=distribusi/view&id=246', 231, '198301162010121001', '2016-01-19 09:40:31', '2016-01-18 15:07:55'),
(284, 1, 'Anda mendapatkan <b>surat</b> baru dari <b>Staf Kasubbag Persuratan Arsip dan Dokumentasi (Nunuk Tri Muranjari, S.Pd.)</b>', '/eoffice/index.php?r=distribusi/view&id=247', NULL, '198306262010121001', NULL, '2016-01-18 15:07:55'),
(285, 1, 'Anda mendapatkan <b>surat</b> baru dari <b>Staf Kasubbag Persuratan Arsip dan Dokumentasi (Nunuk Tri Muranjari, S.Pd.)</b>', '/eoffice/index.php?r=distribusi/view&id=248', NULL, '198710272009121001', NULL, '2016-01-18 15:07:55'),
(286, 1, 'Anda mendapatkan <b>surat</b> baru dari <b>Staf Kasubbag Persuratan Arsip dan Dokumentasi (Nunuk Tri Muranjari, S.Pd.)</b>', '/eoffice/index.php?r=distribusi/view&id=249', 246, '197111182009121001', NULL, '2016-01-18 15:07:55'),
(287, 1, 'Anda mendapatkan <b>surat</b> baru dari <b>Staf Kasubbag Persuratan Arsip dan Dokumentasi (Nunuk Tri Muranjari, S.Pd.)</b>', '/eoffice/index.php?r=distribusi/view&id=250', 236, '198306262010121002', NULL, '2016-01-18 15:07:55'),
(288, 1, 'Anda mendapatkan <b>surat</b> baru dari <b>Staf Kasubbag Persuratan Arsip dan Dokumentasi (Nunuk Tri Muranjari, S.Pd.)</b>', '/eoffice/index.php?r=distribusi/view&id=251', NULL, '197810242010121001', NULL, '2016-01-18 15:07:55'),
(289, 1, 'Anda mendapatkan <b>surat</b> baru dari <b>Staf Kasubbag Persuratan Arsip dan Dokumentasi (Nunuk Tri Muranjari, S.Pd.)</b>', '/eoffice/index.php?r=distribusi/view&id=252', 263, '3273222704820009', NULL, '2016-01-18 15:07:55'),
(290, 1, 'Anda mendapatkan <b>surat</b> baru dari <b>Staf Kasubbag Persuratan Arsip dan Dokumentasi (Nunuk Tri Muranjari, S.Pd.)</b>', '/eoffice/index.php?r=distribusi/view&id=253', 285, '3674020801920007', NULL, '2016-01-18 15:07:55'),
(291, 1, 'Anda mendapatkan <b>surat</b> baru dari <b>Staf Kasubbag Persuratan Arsip dan Dokumentasi (Nunuk Tri Muranjari, S.Pd.)</b>', '/eoffice/index.php?r=distribusi/view&id=254', NULL, '198808202015012001', NULL, '2016-01-18 15:07:55'),
(292, 1, 'Anda mendapatkan <b>surat</b> baru dari <b>Staf Kasubbag Persuratan Arsip dan Dokumentasi (Nunuk Tri Muranjari, S.Pd.)</b>', '/eoffice/index.php?r=distribusi/view&id=255', NULL, '198512202015012001', NULL, '2016-01-18 15:07:55'),
(293, 1, 'Anda mendapatkan <b>surat</b> baru dari <b>Staf Kasubbag Persuratan Arsip dan Dokumentasi (Nunuk Tri Muranjari, S.Pd.)</b>', '/eoffice/index.php?r=distribusi/view&id=256', NULL, '198507252015012001', NULL, '2016-01-18 15:07:55'),
(294, 1, 'Anda mendapatkan <b>surat</b> baru dari <b>Staf Kasubbag Persuratan Arsip dan Dokumentasi (Nunuk Tri Muranjari, S.Pd.)</b>', '/eoffice/index.php?r=distribusi/view&id=257', NULL, '198308172015011001', NULL, '2016-01-18 15:07:55'),
(295, 1, 'Anda mendapatkan <b>surat</b> baru dari <b>Staf Kasubbag Persuratan Arsip dan Dokumentasi (Nunuk Tri Muranjari, S.Pd.)</b>', '/eoffice/index.php?r=distribusi/view&id=258', NULL, '198501062015012001', NULL, '2016-01-18 15:07:55'),
(296, 1, 'Anda mendapatkan <b>surat</b> baru dari <b>Staf Kasubbag Persuratan Arsip dan Dokumentasi (Nunuk Tri Muranjari, S.Pd.)</b>', '/eoffice/index.php?r=distribusi/view&id=259', NULL, '198005242015011001', NULL, '2016-01-18 15:07:55'),
(297, 1, 'Anda mendapatkan <b>surat</b> baru dari <b>Staf Kasubbag Persuratan Arsip dan Dokumentasi (Nunuk Tri Muranjari, S.Pd.)</b>', '/eoffice/index.php?r=distribusi/view&id=260', NULL, '198209292009121001', NULL, '2016-01-18 15:07:55'),
(298, 1, 'Anda mendapatkan <b>surat</b> baru dari <b>Staf Kasubbag Persuratan Arsip dan Dokumentasi (Nunuk Tri Muranjari, S.Pd.)</b>', '/eoffice/index.php?r=distribusi/view&id=261', NULL, '196301201990121001', NULL, '2016-01-18 15:07:55'),
(299, 1, 'Anda mendapatkan <b>surat</b> baru dari <b>Staf Kasubbag Persuratan Arsip dan Dokumentasi (Nunuk Tri Muranjari, S.Pd.)</b>', '/eoffice/index.php?r=distribusi/view&id=262', NULL, '197306082009011001', NULL, '2016-01-18 15:07:55'),
(300, 1, 'Anda mendapatkan <b>surat</b> baru dari <b>Staf Kasubbag Persuratan Arsip dan Dokumentasi (Nunuk Tri Muranjari, S.Pd.)</b>', '/eoffice/index.php?r=distribusi/view&id=263', 269, '3172061605850002 ', NULL, '2016-01-18 15:07:55'),
(301, 1, 'Anda mendapatkan <b>surat</b> baru dari <b>Staf Kasubbag Persuratan Arsip dan Dokumentasi (Nunuk Tri Muranjari, S.Pd.)</b>', '/eoffice/index.php?r=distribusi/view&id=264', NULL, '198304022010121001', NULL, '2016-01-18 15:07:56'),
(302, 1, 'Anda mendapatkan <b>surat</b> baru dari <b>Staf Kasubbag Persuratan Arsip dan Dokumentasi (Nunuk Tri Muranjari, S.Pd.)</b>', '/eoffice/index.php?r=distribusi/view&id=265', 264, '3172031209900013', NULL, '2016-01-18 15:07:56'),
(303, 1, 'Anda mendapatkan <b>surat</b> baru dari <b>Staf Kasubbag Persuratan Arsip dan Dokumentasi (Nunuk Tri Muranjari, S.Pd.)</b>', '/eoffice/index.php?r=distribusi/view&id=266', NULL, '198312252014021001', NULL, '2016-01-18 15:07:56'),
(304, 1, 'Anda mendapatkan <b>surat</b> baru dari <b>Staf Kasubbag Persuratan Arsip dan Dokumentasi (Nunuk Tri Muranjari, S.Pd.)</b>', '/eoffice/index.php?r=distribusi/view&id=267', NULL, '198508042015012001', NULL, '2016-01-18 15:07:56'),
(305, 1, 'Anda mendapatkan <b>surat</b> baru dari <b>Staf Kasubbag Persuratan Arsip dan Dokumentasi (Nunuk Tri Muranjari, S.Pd.)</b>', '/eoffice/index.php?r=distribusi/view&id=268', 265, '198810092010121003', NULL, '2016-01-18 15:07:56'),
(306, 1, 'Anda mendapatkan <b>surat</b> baru dari <b>Staf Kasubbag Persuratan Arsip dan Dokumentasi (Nunuk Tri Muranjari, S.Pd.)</b>', '/eoffice/index.php?r=distribusi/view&id=269', NULL, '198408302015011001', NULL, '2016-01-18 15:07:56'),
(307, 1, 'Anda mendapatkan <b>surat</b> baru dari <b>Staf Kasubbag Persuratan Arsip dan Dokumentasi (Nunuk Tri Muranjari, S.Pd.)</b>', '/eoffice/index.php?r=distribusi/view&id=270', NULL, '198606172009122001', NULL, '2016-01-18 15:07:56'),
(308, 1, 'Anda mendapatkan <b>surat</b> baru dari <b>Staf Kasubbag Persuratan Arsip dan Dokumentasi (Nunuk Tri Muranjari, S.Pd.)</b>', '/eoffice/index.php?r=distribusi/view&id=271', NULL, '103674', NULL, '2016-01-18 15:07:56'),
(309, 1, 'Anda mendapatkan <b>surat</b> baru dari <b>Staf Kasubbag Persuratan Arsip dan Dokumentasi (Nunuk Tri Muranjari, S.Pd.)</b>', '/eoffice/index.php?r=distribusi/view&id=272', NULL, '198503312009121001', NULL, '2016-01-18 15:07:56'),
(310, 1, 'Anda mendapatkan <b>surat</b> baru dari <b>Staf Kasubbag Persuratan Arsip dan Dokumentasi (Nunuk Tri Muranjari, S.Pd.)</b>', '/eoffice/index.php?r=distribusi/view&id=273', NULL, '198206162010121001', NULL, '2016-01-18 15:07:56'),
(311, 1, 'Anda mendapatkan <b>surat</b> baru dari <b>Staf Kasubbag Persuratan Arsip dan Dokumentasi (Nunuk Tri Muranjari, S.Pd.)</b>', '/eoffice/index.php?r=distribusi/view&id=274', 267, '199007012010121001', NULL, '2016-01-18 15:07:56'),
(312, 1, 'Anda mendapatkan <b>surat</b> baru dari <b>Staf Kasubbag Persuratan Arsip dan Dokumentasi (Nunuk Tri Muranjari, S.Pd.)</b>', '/eoffice/index.php?r=distribusi/view&id=275', NULL, '76923', NULL, '2016-01-18 15:07:56'),
(313, 1, 'Anda mendapatkan <b>surat</b> baru dari <b>Staf Kasubbag Persuratan Arsip dan Dokumentasi (Nunuk Tri Muranjari, S.Pd.)</b>', '/eoffice/index.php?r=distribusi/view&id=276', NULL, '198703042010121002', NULL, '2016-01-18 15:07:56'),
(314, 1, 'Anda mendapatkan <b>surat</b> baru dari <b>Staf Kasubbag Persuratan Arsip dan Dokumentasi (Nunuk Tri Muranjari, S.Pd.)</b>', '/eoffice/index.php?r=distribusi/view&id=277', NULL, '198012242009121001', NULL, '2016-01-18 15:07:56'),
(315, 1, 'Anda mendapatkan <b>surat</b> baru dari <b>Staf Kasubbag Persuratan Arsip dan Dokumentasi (Nunuk Tri Muranjari, S.Pd.)</b>', '/eoffice/index.php?r=distribusi/view&id=278', NULL, '104632', NULL, '2016-01-18 15:07:56'),
(316, 1, 'Anda mendapatkan <b>surat</b> baru dari <b>Staf Kasubbag Persuratan Arsip dan Dokumentasi (Nunuk Tri Muranjari, S.Pd.)</b>', '/eoffice/index.php?r=distribusi/view&id=279', NULL, '198407082009012001', NULL, '2016-01-18 15:07:56'),
(317, 1, 'Anda mendapatkan <b>surat</b> baru dari <b>Staf Kasubbag Persuratan Arsip dan Dokumentasi (Nunuk Tri Muranjari, S.Pd.)</b>', '/eoffice/index.php?r=distribusi/view&id=280', NULL, '198605142015012001', NULL, '2016-01-18 15:07:57'),
(318, 1, 'Anda mendapatkan <b>surat</b> baru dari <b>Staf Kasubbag Persuratan Arsip dan Dokumentasi (Nunuk Tri Muranjari, S.Pd.)</b>', '/eoffice/index.php?r=distribusi/view&id=281', NULL, '75088', NULL, '2016-01-18 15:07:57'),
(319, 1, 'Anda mendapatkan <b>surat</b> baru dari <b>Staf Kasubbag Persuratan Arsip dan Dokumentasi (Nunuk Tri Muranjari, S.Pd.)</b>', '/eoffice/index.php?r=distribusi/view&id=282', 283, '197908112015011001', NULL, '2016-01-18 15:07:57'),
(320, 1, 'Anda mendapatkan <b>surat</b> baru dari <b>Staf Kasubbag Persuratan Arsip dan Dokumentasi (Nunuk Tri Muranjari, S.Pd.)</b>', '/eoffice/index.php?r=distribusi/view&id=283', NULL, '198701102010122001', NULL, '2016-01-18 15:07:57'),
(321, 1, 'Anda mendapatkan <b>surat</b> baru dari <b>Staf Kasubbag Persuratan Arsip dan Dokumentasi (Nunuk Tri Muranjari, S.Pd.)</b>', '/eoffice/index.php?r=distribusi/view&id=284', NULL, '199403172014021001', NULL, '2016-01-18 15:07:57'),
(322, 1, 'Anda mendapatkan <b>surat</b> baru dari <b>Staf Kasubbag Persuratan Arsip dan Dokumentasi (Nunuk Tri Muranjari, S.Pd.)</b>', '/eoffice/index.php?r=distribusi/view&id=285', NULL, '197908142014021001', NULL, '2016-01-18 15:07:57'),
(323, 1, 'Anda mendapatkan <b>surat</b> baru dari <b>Staf Kasubbag Persuratan Arsip dan Dokumentasi (Nunuk Tri Muranjari, S.Pd.)</b>', '/eoffice/index.php?r=distribusi/view&id=286', NULL, '198805142014021001', NULL, '2016-01-18 15:07:57'),
(324, 1, 'Anda mendapatkan <b>surat</b> baru dari <b>Staf Kasubbag Persuratan Arsip dan Dokumentasi (Nunuk Tri Muranjari, S.Pd.)</b>', '/eoffice/index.php?r=distribusi/view&id=287', NULL, '197901162015011001', NULL, '2016-01-18 15:07:57'),
(325, 1, 'Anda mendapatkan <b>surat</b> baru dari <b>Staf Kasubbag Persuratan Arsip dan Dokumentasi (Nunuk Tri Muranjari, S.Pd.)</b>', '/eoffice/index.php?r=distribusi/view&id=288', NULL, '198403302010121001', NULL, '2016-01-18 15:07:57'),
(326, 1, 'Anda mendapatkan <b>surat</b> baru dari <b>Staf Kasubbag Persuratan Arsip dan Dokumentasi (Nunuk Tri Muranjari, S.Pd.)</b>', '/eoffice/index.php?r=distribusi/view&id=289', NULL, '3204285811920006', NULL, '2016-01-18 15:07:57'),
(327, 1, 'Anda mendapatkan <b>surat</b> baru dari <b>Staf Kasubbag Persuratan Arsip dan Dokumentasi (Nunuk Tri Muranjari, S.Pd.)</b>', '/eoffice/index.php?r=distribusi/view&id=290', NULL, '197912162009122001', NULL, '2016-01-18 15:07:57'),
(328, 1, 'Anda mendapatkan <b>surat</b> baru dari <b>Staf Kasubbag Persuratan Arsip dan Dokumentasi (Nunuk Tri Muranjari, S.Pd.)</b>', '/eoffice/index.php?r=distribusi/view&id=291', NULL, '89744', NULL, '2016-01-18 15:07:57'),
(329, 1, 'Anda mendapatkan <b>surat</b> baru dari <b>Staf Kasubbag Persuratan Arsip dan Dokumentasi (Nunuk Tri Muranjari, S.Pd.)</b>', '/eoffice/index.php?r=distribusi/view&id=292', NULL, '198810032010121002', NULL, '2016-01-18 15:07:57'),
(330, 1, 'Anda mendapatkan <b>surat</b> baru dari <b>Staf Kasubbag Persuratan Arsip dan Dokumentasi (Nunuk Tri Muranjari, S.Pd.)</b>', '/eoffice/index.php?r=distribusi/view&id=293', NULL, '102574', NULL, '2016-01-18 15:07:57'),
(331, 1, 'Anda mendapatkan <b>surat</b> baru dari <b>Staf Kasubbag Persuratan Arsip dan Dokumentasi (Nunuk Tri Muranjari, S.Pd.)</b>', '/eoffice/index.php?r=distribusi/view&id=294', NULL, '197911202015011001', NULL, '2016-01-18 15:07:57'),
(332, 1, 'Anda mendapatkan <b>surat</b> baru dari <b>Staf Kasubbag Persuratan Arsip dan Dokumentasi (Nunuk Tri Muranjari, S.Pd.)</b>', '/eoffice/index.php?r=distribusi/view&id=295', NULL, '199108172014021001', NULL, '2016-01-18 15:07:57'),
(333, 1, 'Anda mendapatkan <b>surat</b> baru dari <b>Staf Kasubbag Persuratan Arsip dan Dokumentasi (Nunuk Tri Muranjari, S.Pd.)</b>', '/eoffice/index.php?r=distribusi/view&id=296', NULL, '198304222014021001', NULL, '2016-01-18 15:07:57'),
(334, 1, 'Anda mendapatkan <b>surat</b> baru dari <b>Staf Kasubbag Persuratan Arsip dan Dokumentasi (Nunuk Tri Muranjari, S.Pd.)</b>', '/eoffice/index.php?r=distribusi/view&id=297', NULL, '199011232014021001', NULL, '2016-01-18 15:07:57'),
(335, 1, 'Anda mendapatkan <b>surat</b> baru dari <b>Staf Kasubbag Persuratan Arsip dan Dokumentasi (Nunuk Tri Muranjari, S.Pd.)</b>', '/eoffice/index.php?r=distribusi/view&id=298', NULL, '99429', NULL, '2016-01-18 15:07:57'),
(336, 1, 'Anda mendapatkan <b>surat</b> baru dari <b>Staf Kasubbag Persuratan Arsip dan Dokumentasi (Nunuk Tri Muranjari, S.Pd.)</b>', '/eoffice/index.php?r=distribusi/view&id=299', NULL, '197712132010122001', NULL, '2016-01-18 15:07:58'),
(337, 1, 'Anda mendapatkan <b>surat</b> baru dari <b>Staf Kasubbag Persuratan Arsip dan Dokumentasi (Nunuk Tri Muranjari, S.Pd.)</b>', '/eoffice/index.php?r=distribusi/view&id=300', NULL, '72018', NULL, '2016-01-18 15:07:58'),
(338, 1, 'Anda mendapatkan <b>surat</b> baru dari <b>Staf Kasubbag Persuratan Arsip dan Dokumentasi (Nunuk Tri Muranjari, S.Pd.)</b>', '/eoffice/index.php?r=distribusi/view&id=301', NULL, '198911252015011001', NULL, '2016-01-18 15:07:58'),
(339, 1, 'Anda mendapatkan <b>surat</b> baru dari <b>Staf Kasubbag Persuratan Arsip dan Dokumentasi (Nunuk Tri Muranjari, S.Pd.)</b>', '/eoffice/index.php?r=distribusi/view&id=302', NULL, '198707132010121001', NULL, '2016-01-18 15:07:58'),
(340, 1, 'Anda mendapatkan <b>surat</b> baru dari <b>Staf Kasubbag Persuratan Arsip dan Dokumentasi (Nunuk Tri Muranjari, S.Pd.)</b>', '/eoffice/index.php?r=distribusi/view&id=303', NULL, '199309252015011001', NULL, '2016-01-18 15:07:58'),
(341, 1, 'Anda mendapatkan <b>surat</b> baru dari <b>Staf Kasubbag Persuratan Arsip dan Dokumentasi (Nunuk Tri Muranjari, S.Pd.)</b>', '/eoffice/index.php?r=distribusi/view&id=304', NULL, '197712152014022001', NULL, '2016-01-18 15:07:58'),
(342, 1, 'Anda mendapatkan <b>surat</b> baru dari <b>Staf Kasubbag Persuratan Arsip dan Dokumentasi (Nunuk Tri Muranjari, S.Pd.)</b>', '/eoffice/index.php?r=distribusi/view&id=305', NULL, '197807202010121001', NULL, '2016-01-18 15:07:58'),
(343, 1, 'Anda mendapatkan <b>surat</b> baru dari <b>Staf Kasubbag Persuratan Arsip dan Dokumentasi (Nunuk Tri Muranjari, S.Pd.)</b>', '/eoffice/index.php?r=distribusi/view&id=306', NULL, '199006302015012001', NULL, '2016-01-18 15:07:58'),
(344, 1, 'Anda mendapatkan <b>surat</b> baru dari <b>Staf Kasubbag Persuratan Arsip dan Dokumentasi (Nunuk Tri Muranjari, S.Pd.)</b>', '/eoffice/index.php?r=distribusi/view&id=307', 153, '198009192009011003', NULL, '2016-01-18 15:07:58'),
(345, 1, 'Anda mendapatkan <b>surat</b> baru dari <b>Staf Kasubbag Persuratan Arsip dan Dokumentasi (Nunuk Tri Muranjari, S.Pd.)</b>', '/eoffice/index.php?r=distribusi/view&id=308', NULL, '197507282009011002', NULL, '2016-01-18 15:07:58'),
(346, 1, 'Anda mendapatkan <b>surat</b> baru dari <b>Staf Kasubbag Persuratan Arsip dan Dokumentasi (Nunuk Tri Muranjari, S.Pd.)</b>', '/eoffice/index.php?r=distribusi/view&id=309', NULL, '199106142015012002', NULL, '2016-01-18 15:07:58'),
(347, 1, 'Anda mendapatkan <b>surat</b> baru dari <b>Staf Kasubbag Persuratan Arsip dan Dokumentasi (Nunuk Tri Muranjari, S.Pd.)</b>', '/eoffice/index.php?r=distribusi/view&id=310', NULL, '198109172014021001', NULL, '2016-01-18 15:07:58'),
(348, 1, 'Anda mendapatkan <b>surat</b> baru dari <b>Staf Kasubbag Persuratan Arsip dan Dokumentasi (Nunuk Tri Muranjari, S.Pd.)</b>', '/eoffice/index.php?r=distribusi/view&id=311', NULL, '199406042014021001', NULL, '2016-01-18 15:07:58'),
(349, 1, 'Anda mendapatkan <b>surat</b> baru dari <b>Staf Kasubbag Persuratan Arsip dan Dokumentasi (Nunuk Tri Muranjari, S.Pd.)</b>', '/eoffice/index.php?r=distribusi/view&id=312', NULL, '67626', NULL, '2016-01-18 15:07:58'),
(350, 1, 'Anda mendapatkan <b>surat</b> baru dari <b>Staf Kasubbag Persuratan Arsip dan Dokumentasi (Nunuk Tri Muranjari, S.Pd.)</b>', '/eoffice/index.php?r=distribusi/view&id=313', NULL, '197607032009122001', NULL, '2016-01-18 15:07:58'),
(351, 1, 'Anda mendapatkan <b>surat</b> baru dari <b>Staf Kasubbag Persuratan Arsip dan Dokumentasi (Nunuk Tri Muranjari, S.Pd.)</b>', '/eoffice/index.php?r=distribusi/view&id=314', 280, '199107152015011001', NULL, '2016-01-18 15:07:58'),
(352, 1, 'Anda mendapatkan <b>surat</b> baru dari <b>Staf Kasubbag Persuratan Arsip dan Dokumentasi (Nunuk Tri Muranjari, S.Pd.)</b>', '/eoffice/index.php?r=distribusi/view&id=315', NULL, '198909012015012002', NULL, '2016-01-18 15:07:58'),
(353, 1, 'Anda mendapatkan <b>surat</b> baru dari <b>Staf Kasubbag Persuratan Arsip dan Dokumentasi (Nunuk Tri Muranjari, S.Pd.)</b>', '/eoffice/index.php?r=distribusi/view&id=316', NULL, '198808302015041001', NULL, '2016-01-18 15:07:58'),
(354, 1, 'Anda mendapatkan <b>surat</b> baru dari <b>Staf Kasubbag Persuratan Arsip dan Dokumentasi (Nunuk Tri Muranjari, S.Pd.)</b>', '/eoffice/index.php?r=distribusi/view&id=317', NULL, '197709222014022001', NULL, '2016-01-18 15:07:58'),
(355, 1, 'Anda mendapatkan <b>surat</b> baru dari <b>Staf Kasubbag Persuratan Arsip dan Dokumentasi (Nunuk Tri Muranjari, S.Pd.)</b>', '/eoffice/index.php?r=distribusi/view&id=318', 282, '197011042009121001', NULL, '2016-01-18 15:07:59'),
(356, 1, 'Anda mendapatkan <b>surat</b> baru dari <b>Staf Kasubbag Persuratan Arsip dan Dokumentasi (Nunuk Tri Muranjari, S.Pd.)</b>', '/eoffice/index.php?r=distribusi/view&id=319', NULL, '198509192015012001', NULL, '2016-01-18 15:07:59'),
(357, 1, 'Anda mendapatkan <b>surat</b> baru dari <b>Staf Kasubbag Persuratan Arsip dan Dokumentasi (Nunuk Tri Muranjari, S.Pd.)</b>', '/eoffice/index.php?r=distribusi/view&id=320', 280, '199104282015012001', NULL, '2016-01-18 15:07:59'),
(358, 1, 'Anda mendapatkan <b>surat</b> baru dari <b>Staf Kasubbag Persuratan Arsip dan Dokumentasi (Nunuk Tri Muranjari, S.Pd.)</b>', '/eoffice/index.php?r=distribusi/view&id=321', NULL, '198705282014021001', NULL, '2016-01-18 15:07:59'),
(359, 1, 'Anda mendapatkan <b>surat</b> baru dari <b>Staf Kasubbag Persuratan Arsip dan Dokumentasi (Nunuk Tri Muranjari, S.Pd.)</b>', '/eoffice/index.php?r=distribusi/view&id=322', 272, '198910252015012001', NULL, '2016-01-18 15:07:59'),
(360, 1, 'Anda mendapatkan <b>surat</b> baru dari <b>Staf Kasubbag Persuratan Arsip dan Dokumentasi (Nunuk Tri Muranjari, S.Pd.)</b>', '/eoffice/index.php?r=distribusi/view&id=323', NULL, '198611122014022001', NULL, '2016-01-18 15:07:59'),
(361, 1, 'Anda mendapatkan <b>surat</b> baru dari <b>Staf Kasubbag Persuratan Arsip dan Dokumentasi (Nunuk Tri Muranjari, S.Pd.)</b>', '/eoffice/index.php?r=distribusi/view&id=324', 278, '198510052009011001', NULL, '2016-01-18 15:07:59'),
(362, 1, 'Anda mendapatkan <b>surat</b> baru dari <b>Staf Kasubbag Persuratan Arsip dan Dokumentasi (Nunuk Tri Muranjari, S.Pd.)</b>', '/eoffice/index.php?r=distribusi/view&id=325', NULL, '198903162015011001', NULL, '2016-01-18 15:07:59'),
(363, 1, 'Anda mendapatkan <b>surat</b> baru dari <b>Staf Kasubbag Persuratan Arsip dan Dokumentasi (Nunuk Tri Muranjari, S.Pd.)</b>', '/eoffice/index.php?r=distribusi/view&id=326', NULL, '198101112009121001', NULL, '2016-01-18 15:07:59'),
(364, 1, 'Anda mendapatkan <b>surat</b> baru dari <b>Staf Kasubbag Persuratan Arsip dan Dokumentasi (Nunuk Tri Muranjari, S.Pd.)</b>', '/eoffice/index.php?r=distribusi/view&id=327', NULL, '197907052015012001', NULL, '2016-01-18 15:07:59'),
(365, 1, 'Anda mendapatkan <b>surat</b> baru dari <b>Staf Kasubbag Persuratan Arsip dan Dokumentasi (Nunuk Tri Muranjari, S.Pd.)</b>', '/eoffice/index.php?r=distribusi/view&id=328', NULL, '93924', NULL, '2016-01-18 15:07:59'),
(366, 1, 'Anda mendapatkan <b>surat</b> baru dari <b>Staf Kasubbag Persuratan Arsip dan Dokumentasi (Nunuk Tri Muranjari, S.Pd.)</b>', '/eoffice/index.php?r=distribusi/view&id=329', NULL, '94004', NULL, '2016-01-18 15:07:59'),
(367, 1, 'Anda mendapatkan <b>surat</b> baru dari <b>Staf Kasubbag Persuratan Arsip dan Dokumentasi (Nunuk Tri Muranjari, S.Pd.)</b>', '/eoffice/index.php?r=distribusi/view&id=330', NULL, '199004182015012002', NULL, '2016-01-18 15:07:59'),
(368, 1, 'Anda mendapatkan <b>surat</b> baru dari <b>Staf Kasubbag Persuratan Arsip dan Dokumentasi (Nunuk Tri Muranjari, S.Pd.)</b>', '/eoffice/index.php?r=distribusi/view&id=331', NULL, '197908192008101001', NULL, '2016-01-18 15:07:59'),
(369, 1, 'Anda mendapatkan <b>surat</b> baru dari <b>Staf Kasubbag Persuratan Arsip dan Dokumentasi (Nunuk Tri Muranjari, S.Pd.)</b>', '/eoffice/index.php?r=distribusi/view&id=332', 273, '198912312015012001', NULL, '2016-01-18 15:07:59'),
(370, 1, 'Anda mendapatkan <b>surat</b> baru dari <b>Staf Kasubbag Persuratan Arsip dan Dokumentasi (Nunuk Tri Muranjari, S.Pd.)</b>', '/eoffice/index.php?r=distribusi/view&id=333', NULL, '199005222014022001', NULL, '2016-01-18 15:07:59'),
(371, 1, 'Anda mendapatkan <b>surat</b> baru dari <b>Staf Kasubbag Persuratan Arsip dan Dokumentasi (Nunuk Tri Muranjari, S.Pd.)</b>', '/eoffice/index.php?r=distribusi/view&id=334', NULL, '198511172014021001', NULL, '2016-01-18 15:07:59'),
(372, 1, 'Anda mendapatkan <b>surat</b> baru dari <b>Staf Kasubbag Persuratan Arsip dan Dokumentasi (Nunuk Tri Muranjari, S.Pd.)</b>', '/eoffice/index.php?r=distribusi/view&id=335', 276, '197912092014022001', NULL, '2016-01-18 15:07:59'),
(373, 1, 'Anda mendapatkan <b>surat</b> baru dari <b>Staf Kasubbag Persuratan Arsip dan Dokumentasi (Nunuk Tri Muranjari, S.Pd.)</b>', '/eoffice/index.php?r=distribusi/view&id=336', 274, '198005252015011001', NULL, '2016-01-18 15:07:59'),
(374, 1, 'Anda mendapatkan <b>surat</b> baru dari <b>Staf Kasubbag Persuratan Arsip dan Dokumentasi (Nunuk Tri Muranjari, S.Pd.)</b>', '/eoffice/index.php?r=distribusi/view&id=337', 271, '60289', NULL, '2016-01-18 15:07:59'),
(375, 1, 'Anda mendapatkan <b>surat</b> baru dari <b>Staf Kasubbag Persuratan Arsip dan Dokumentasi (Nunuk Tri Muranjari, S.Pd.)</b>', '/eoffice/index.php?r=distribusi/view&id=338', 282, '199101042014072001', NULL, '2016-01-18 15:08:00'),
(376, 1, 'Anda mendapatkan <b>surat</b> baru dari <b>Staf Kasubbag Persuratan Arsip dan Dokumentasi (Nunuk Tri Muranjari, S.Pd.)</b>', '/eoffice/index.php?r=distribusi/view&id=339', NULL, '198309242015011001', NULL, '2016-01-18 15:08:00'),
(377, 1, 'Anda mendapatkan <b>surat</b> baru dari <b>Staf Kasubbag Persuratan Arsip dan Dokumentasi (Nunuk Tri Muranjari, S.Pd.)</b>', '/eoffice/index.php?r=distribusi/view&id=340', NULL, '11667/P', NULL, '2016-01-18 15:08:00'),
(378, 1, 'Anda mendapatkan <b>surat</b> baru dari <b>Staf Kasubbag Persuratan Arsip dan Dokumentasi (Nunuk Tri Muranjari, S.Pd.)</b>', '/eoffice/index.php?r=distribusi/view&id=341', NULL, '15494/P', NULL, '2016-01-18 15:08:00'),
(379, 1, 'Anda mendapatkan <b>surat</b> baru dari <b>Staf Kasubbag Persuratan Arsip dan Dokumentasi (Nunuk Tri Muranjari, S.Pd.)</b>', '/eoffice/index.php?r=distribusi/view&id=342', NULL, '198205272009012001', NULL, '2016-01-18 15:08:00'),
(380, 1, 'Anda mendapatkan <b>surat</b> baru dari <b>Staf Kasubbag Persuratan Arsip dan Dokumentasi (Nunuk Tri Muranjari, S.Pd.)</b>', '/eoffice/index.php?r=distribusi/view&id=343', NULL, '197911042014022001', NULL, '2016-01-18 15:08:00'),
(381, 1, 'Anda mendapatkan <b>surat</b> baru dari <b>Staf Kasubbag Persuratan Arsip dan Dokumentasi (Nunuk Tri Muranjari, S.Pd.)</b>', '/eoffice/index.php?r=distribusi/view&id=344', 287, '197601172010122001', NULL, '2016-01-18 15:08:00'),
(382, 1, 'Anda mendapatkan <b>surat</b> baru dari <b>Staf Kasubbag Persuratan Arsip dan Dokumentasi (Nunuk Tri Muranjari, S.Pd.)</b>', '/eoffice/index.php?r=distribusi/view&id=345', 261, '198101242010122001', NULL, '2016-01-18 15:08:00'),
(383, 1, 'Anda mendapatkan <b>surat</b> baru dari <b>Staf Kasubbag Persuratan Arsip dan Dokumentasi (Nunuk Tri Muranjari, S.Pd.)</b>', '/eoffice/index.php?r=distribusi/view&id=346', NULL, '17727/P', NULL, '2016-01-18 15:08:00'),
(384, 1, 'Anda mendapatkan <b>surat</b> baru dari <b>Staf Kasubbag Persuratan Arsip dan Dokumentasi (Nunuk Tri Muranjari, S.Pd.)</b>', '/eoffice/index.php?r=distribusi/view&id=347', NULL, '15961/P', NULL, '2016-01-18 15:08:00'),
(385, 1, 'Anda mendapatkan <b>surat</b> baru dari <b>Staf Kasubbag Persuratan Arsip dan Dokumentasi (Nunuk Tri Muranjari, S.Pd.)</b>', '/eoffice/index.php?r=distribusi/view&id=348', NULL, '16089/P', NULL, '2016-01-18 15:08:00'),
(386, 1, 'Anda mendapatkan <b>surat</b> baru dari <b>Staf Kasubbag Persuratan Arsip dan Dokumentasi (Nunuk Tri Muranjari, S.Pd.)</b>', '/eoffice/index.php?r=distribusi/view&id=349', NULL, '16005/P', NULL, '2016-01-18 15:08:00'),
(387, 1, 'Anda mendapatkan <b>surat</b> baru dari <b>Staf Kasubbag Persuratan Arsip dan Dokumentasi (Nunuk Tri Muranjari, S.Pd.)</b>', '/eoffice/index.php?r=distribusi/view&id=350', NULL, '5371015901950002', NULL, '2016-01-18 15:08:00'),
(388, 1, 'Anda mendapatkan <b>surat</b> baru dari <b>Staf Kasubbag Persuratan Arsip dan Dokumentasi (Nunuk Tri Muranjari, S.Pd.)</b>', '/eoffice/index.php?r=distribusi/view&id=351', NULL, '99589', NULL, '2016-01-18 15:08:00'),
(389, 1, 'Anda mendapatkan <b>surat</b> baru dari <b>Staf Kasubbag Persuratan Arsip dan Dokumentasi (Nunuk Tri Muranjari, S.Pd.)</b>', '/eoffice/index.php?r=distribusi/view&id=352', NULL, '94897', NULL, '2016-01-18 15:08:00'),
(390, 1, 'Anda mendapatkan <b>surat</b> baru dari <b>Staf Kasubbag Persuratan Arsip dan Dokumentasi (Nunuk Tri Muranjari, S.Pd.)</b>', '/eoffice/index.php?r=distribusi/view&id=353', 247, '111606', NULL, '2016-01-18 15:08:00'),
(391, 1, 'Anda mendapatkan <b>surat</b> baru dari <b>Staf Kasubbag Persuratan Arsip dan Dokumentasi (Nunuk Tri Muranjari, S.Pd.)</b>', '/eoffice/index.php?r=distribusi/view&id=354', NULL, '93124', NULL, '2016-01-18 15:08:00'),
(392, 1, 'Anda mendapatkan <b>surat</b> baru dari <b>Staf Kasubbag Persuratan Arsip dan Dokumentasi (Nunuk Tri Muranjari, S.Pd.)</b>', '/eoffice/index.php?r=distribusi/view&id=355', NULL, '114483', NULL, '2016-01-18 15:08:00'),
(393, 1, 'Anda mendapatkan <b>surat</b> baru dari <b>Staf Kasubbag Persuratan Arsip dan Dokumentasi (Nunuk Tri Muranjari, S.Pd.)</b>', '/eoffice/index.php?r=distribusi/view&id=356', NULL, '103226', NULL, '2016-01-18 15:08:01'),
(394, 1, 'Anda mendapatkan <b>surat</b> baru dari <b>Staf Kasubbag Persuratan Arsip dan Dokumentasi (Nunuk Tri Muranjari, S.Pd.)</b>', '/eoffice/index.php?r=distribusi/view&id=357', NULL, '84641', NULL, '2016-01-18 15:08:01'),
(395, 1, 'Anda mendapatkan <b>surat</b> baru dari <b>Staf Kasubbag Persuratan Arsip dan Dokumentasi (Nunuk Tri Muranjari, S.Pd.)</b>', '/eoffice/index.php?r=distribusi/view&id=358', NULL, '96818', NULL, '2016-01-18 15:08:01'),
(396, 1, 'Anda mendapatkan <b>surat</b> baru dari <b>Staf Kasubbag Persuratan Arsip dan Dokumentasi (Nunuk Tri Muranjari, S.Pd.)</b>', '/eoffice/index.php?r=distribusi/view&id=359', NULL, '85279', NULL, '2016-01-18 15:08:01'),
(397, 1, 'Anda mendapatkan <b>surat</b> baru dari <b>Staf Kasubbag Persuratan Arsip dan Dokumentasi (Nunuk Tri Muranjari, S.Pd.)</b>', '/eoffice/index.php?r=distribusi/view&id=360', NULL, '88136', NULL, '2016-01-18 15:08:01'),
(398, 1, 'Anda mendapatkan <b>surat</b> baru dari <b>Staf Kasubbag Persuratan Arsip dan Dokumentasi (Nunuk Tri Muranjari, S.Pd.)</b>', '/eoffice/index.php?r=distribusi/view&id=361', NULL, '95369', NULL, '2016-01-18 15:08:01'),
(399, 1, 'Anda mendapatkan <b>surat</b> baru dari <b>Staf Kasubbag Persuratan Arsip dan Dokumentasi (Nunuk Tri Muranjari, S.Pd.)</b>', '/eoffice/index.php?r=distribusi/view&id=362', NULL, '105864', NULL, '2016-01-18 15:08:01'),
(400, 1, 'Anda mendapatkan <b>surat</b> baru dari <b>Staf Kasubbag Persuratan Arsip dan Dokumentasi (Nunuk Tri Muranjari, S.Pd.)</b>', '/eoffice/index.php?r=distribusi/view&id=363', 261, '199007162010121002', NULL, '2016-01-18 15:08:01'),
(401, 1, 'Anda mendapatkan <b>surat</b> baru dari <b>Staf Kasubbag Persuratan Arsip dan Dokumentasi (Nunuk Tri Muranjari, S.Pd.)</b>', '/eoffice/index.php?r=distribusi/view&id=364', NULL, '198906302010122001', NULL, '2016-01-18 15:08:01'),
(402, 1, 'Anda mendapatkan <b>surat</b> baru dari <b>Staf Kasubbag Persuratan Arsip dan Dokumentasi (Nunuk Tri Muranjari, S.Pd.)</b>', '/eoffice/index.php?r=distribusi/view&id=365', NULL, '198102222010121001', NULL, '2016-01-18 15:08:01'),
(403, 1, 'Anda mendapatkan <b>surat</b> baru dari <b>Staf Kasubbag Persuratan Arsip dan Dokumentasi (Nunuk Tri Muranjari, S.Pd.)</b>', '/eoffice/index.php?r=distribusi/view&id=366', NULL, '197503152009121001', NULL, '2016-01-18 15:08:01'),
(404, 1, 'Anda mendapatkan <b>surat</b> baru dari <b>Staf Kasubbag Persuratan Arsip dan Dokumentasi (Nunuk Tri Muranjari, S.Pd.)</b>', '/eoffice/index.php?r=distribusi/view&id=367', NULL, '198507272010121001', NULL, '2016-01-18 15:08:01'),
(405, 1, 'Anda mendapatkan <b>surat</b> baru dari <b>Staf Kasubbag Persuratan Arsip dan Dokumentasi (Nunuk Tri Muranjari, S.Pd.)</b>', '/eoffice/index.php?r=distribusi/view&id=368', NULL, '198511202009012001', NULL, '2016-01-18 15:08:01'),
(406, 1, 'Anda mendapatkan <b>surat</b> baru dari <b>Staf Kasubbag Persuratan Arsip dan Dokumentasi (Nunuk Tri Muranjari, S.Pd.)</b>', '/eoffice/index.php?r=distribusi/view&id=369', NULL, '198205102010122001', NULL, '2016-01-18 15:08:01'),
(407, 1, 'Anda mendapatkan <b>surat</b> baru dari <b>Staf Kasubbag Persuratan Arsip dan Dokumentasi (Nunuk Tri Muranjari, S.Pd.)</b>', '/eoffice/index.php?r=distribusi/view&id=370', NULL, '198303222010121002', NULL, '2016-01-18 15:08:01'),
(408, 1, 'Anda mendapatkan <b>surat</b> baru dari <b>Staf Kasubbag Persuratan Arsip dan Dokumentasi (Nunuk Tri Muranjari, S.Pd.)</b>', '/eoffice/index.php?r=distribusi/view&id=371', NULL, '198402112010121001', NULL, '2016-01-18 15:08:01'),
(409, 1, 'Anda mendapatkan <b>surat</b> baru dari <b>Staf Kasubbag Persuratan Arsip dan Dokumentasi (Nunuk Tri Muranjari, S.Pd.)</b>', '/eoffice/index.php?r=distribusi/view&id=372', NULL, '197406022009121001', NULL, '2016-01-18 15:08:01'),
(410, 1, 'Anda mendapatkan <b>surat</b> baru dari <b>Staf Kasubbag Persuratan Arsip dan Dokumentasi (Nunuk Tri Muranjari, S.Pd.)</b>', '/eoffice/index.php?r=distribusi/view&id=373', NULL, '198405282010121004', NULL, '2016-01-18 15:08:01'),
(411, 1, 'Anda mendapatkan <b>surat</b> baru dari <b>Staf Kasubbag Persuratan Arsip dan Dokumentasi (Nunuk Tri Muranjari, S.Pd.)</b>', '/eoffice/index.php?r=distribusi/view&id=374', 261, '198402292009122001', NULL, '2016-01-18 15:08:02'),
(412, 1, 'Anda mendapatkan <b>surat</b> baru dari <b>Staf Kasubbag Persuratan Arsip dan Dokumentasi (Nunuk Tri Muranjari, S.Pd.)</b>', '/eoffice/index.php?r=distribusi/view&id=375', NULL, '198604012010121002', NULL, '2016-01-18 15:08:02'),
(413, 1, 'Anda mendapatkan <b>surat</b> baru dari <b>Staf Kasubbag Persuratan Arsip dan Dokumentasi (Nunuk Tri Muranjari, S.Pd.)</b>', '/eoffice/index.php?r=distribusi/view&id=376', NULL, '75682', NULL, '2016-01-18 15:08:02'),
(414, 1, 'Anda mendapatkan <b>surat</b> baru dari <b>Staf Kasubbag Persuratan Arsip dan Dokumentasi (Nunuk Tri Muranjari, S.Pd.)</b>', '/eoffice/index.php?r=distribusi/view&id=377', NULL, '198803182009121001', NULL, '2016-01-18 15:08:02'),
(415, 1, 'Anda mendapatkan <b>surat</b> baru dari <b>Staf Kasubbag Persuratan Arsip dan Dokumentasi (Nunuk Tri Muranjari, S.Pd.)</b>', '/eoffice/index.php?r=distribusi/view&id=378', NULL, '197012182009121001', NULL, '2016-01-18 15:08:02'),
(416, 1, 'Anda mendapatkan <b>surat</b> baru dari <b>Staf Kasubbag Persuratan Arsip dan Dokumentasi (Nunuk Tri Muranjari, S.Pd.)</b>', '/eoffice/index.php?r=distribusi/view&id=379', NULL, '198810172010121001', NULL, '2016-01-18 15:08:02'),
(417, 1, 'Anda mendapatkan <b>surat</b> baru dari <b>Staf Kasubbag Persuratan Arsip dan Dokumentasi (Nunuk Tri Muranjari, S.Pd.)</b>', '/eoffice/index.php?r=distribusi/view&id=380', NULL, '197103072009121001', NULL, '2016-01-18 15:08:02'),
(418, 1, 'Anda mendapatkan <b>surat</b> baru dari <b>Staf Kasubbag Persuratan Arsip dan Dokumentasi (Nunuk Tri Muranjari, S.Pd.)</b>', '/eoffice/index.php?r=distribusi/view&id=381', NULL, '198407062010121002', NULL, '2016-01-18 15:08:02'),
(419, 1, 'Anda mendapatkan <b>surat</b> baru dari <b>Staf Kasubbag Persuratan Arsip dan Dokumentasi (Nunuk Tri Muranjari, S.Pd.)</b>', '/eoffice/index.php?r=distribusi/view&id=382', NULL, '197712052009121001', NULL, '2016-01-18 15:08:02'),
(420, 1, 'Anda mendapatkan <b>surat</b> baru dari <b>Staf Kasubbag Persuratan Arsip dan Dokumentasi (Nunuk Tri Muranjari, S.Pd.)</b>', '/eoffice/index.php?r=distribusi/view&id=383', NULL, '197104182009121001', NULL, '2016-01-18 15:08:02'),
(421, 1, 'Anda mendapatkan <b>surat</b> baru dari <b>Staf Kasubbag Persuratan Arsip dan Dokumentasi (Nunuk Tri Muranjari, S.Pd.)</b>', '/eoffice/index.php?r=distribusi/view&id=384', NULL, '198104152010122001', NULL, '2016-01-18 15:08:02'),
(422, 1, 'Anda mendapatkan <b>surat</b> baru dari <b>Staf Kasubbag Persuratan Arsip dan Dokumentasi (Nunuk Tri Muranjari, S.Pd.)</b>', '/eoffice/index.php?r=distribusi/view&id=385', NULL, '198501172009121001', NULL, '2016-01-18 15:08:02'),
(423, 1, 'Anda mendapatkan <b>surat</b> baru dari <b>Staf Kasubbag Persuratan Arsip dan Dokumentasi (Nunuk Tri Muranjari, S.Pd.)</b>', '/eoffice/index.php?r=distribusi/view&id=386', NULL, '198111232010121001', NULL, '2016-01-18 15:08:02'),
(424, 1, 'Anda mendapatkan <b>surat</b> baru dari <b>Staf Kasubbag Persuratan Arsip dan Dokumentasi (Nunuk Tri Muranjari, S.Pd.)</b>', '/eoffice/index.php?r=distribusi/view&id=387', NULL, '197804042009121001', NULL, '2016-01-18 15:08:02'),
(425, 1, 'Anda mendapatkan <b>surat</b> baru dari <b>Staf Kasubbag Persuratan Arsip dan Dokumentasi (Nunuk Tri Muranjari, S.Pd.)</b>', '/eoffice/index.php?r=distribusi/view&id=388', NULL, '198503212010121002', NULL, '2016-01-18 15:08:02'),
(426, 1, 'Anda mendapatkan <b>surat</b> baru dari <b>Staf Kasubbag Persuratan Arsip dan Dokumentasi (Nunuk Tri Muranjari, S.Pd.)</b>', '/eoffice/index.php?r=distribusi/view&id=389', NULL, '100508', NULL, '2016-01-18 15:08:02'),
(427, 1, 'Anda mendapatkan <b>surat</b> baru dari <b>Staf Kasubbag Persuratan Arsip dan Dokumentasi (Nunuk Tri Muranjari, S.Pd.)</b>', '/eoffice/index.php?r=distribusi/view&id=390', NULL, '197909022010121001', NULL, '2016-01-18 15:08:02'),
(428, 1, 'Anda mendapatkan <b>surat</b> baru dari <b>Staf Kasubbag Persuratan Arsip dan Dokumentasi (Nunuk Tri Muranjari, S.Pd.)</b>', '/eoffice/index.php?r=distribusi/view&id=391', 243, '199102022015012001', NULL, '2016-01-18 15:08:02');
INSERT INTO `pemberitahuan` (`id`, `id_pemberitahuan_sifat`, `isi`, `url`, `id_jabatan`, `username`, `waktu_dilihat`, `waktu_dibuat`) VALUES
(429, 1, 'Anda mendapatkan <b>surat</b> baru dari <b>Staf Kasubbag Persuratan Arsip dan Dokumentasi (Nunuk Tri Muranjari, S.Pd.)</b>', '/eoffice/index.php?r=distribusi/view&id=392', NULL, '198602252010121002', NULL, '2016-01-18 15:08:02'),
(430, 1, 'Anda mendapatkan <b>surat</b> baru dari <b>Staf Kasubbag Persuratan Arsip dan Dokumentasi (Nunuk Tri Muranjari, S.Pd.)</b>', '/eoffice/index.php?r=distribusi/view&id=393', 271, '197010072009011001', NULL, '2016-01-18 15:08:03'),
(431, 1, 'Anda mendapatkan <b>surat</b> baru dari <b>Staf Kasubbag Persuratan Arsip dan Dokumentasi (Nunuk Tri Muranjari, S.Pd.)</b>', '/eoffice/index.php?r=distribusi/view&id=394', NULL, '198502202014021001', NULL, '2016-01-18 15:08:03'),
(432, 1, 'Anda mendapatkan <b>surat</b> baru dari <b>Staf Kasubbag Persuratan Arsip dan Dokumentasi (Nunuk Tri Muranjari, S.Pd.)</b>', '/eoffice/index.php?r=distribusi/view&id=395', NULL, '198210142010121001', NULL, '2016-01-18 15:08:03'),
(433, 1, 'Anda mendapatkan <b>surat</b> baru dari <b>Staf Kasubbag Persuratan Arsip dan Dokumentasi (Nunuk Tri Muranjari, S.Pd.)</b>', '/eoffice/index.php?r=distribusi/view&id=396', NULL, '198706272009121001', NULL, '2016-01-18 15:08:03'),
(434, 1, 'Anda mendapatkan <b>surat</b> baru dari <b>Staf Kasubbag Persuratan Arsip dan Dokumentasi (Nunuk Tri Muranjari, S.Pd.)</b>', '/eoffice/index.php?r=distribusi/view&id=397', NULL, '197412022009011002', NULL, '2016-01-18 15:08:03'),
(435, 1, 'Anda mendapatkan <b>surat</b> baru dari <b>Staf Kasubbag Persuratan Arsip dan Dokumentasi (Nunuk Tri Muranjari, S.Pd.)</b>', '/eoffice/index.php?r=distribusi/view&id=398', NULL, '198609122010121001', NULL, '2016-01-18 15:08:03'),
(436, 1, 'Anda mendapatkan <b>surat</b> baru dari <b>Staf Kasubbag Persuratan Arsip dan Dokumentasi (Nunuk Tri Muranjari, S.Pd.)</b>', '/eoffice/index.php?r=distribusi/view&id=399', 278, '198701092010121004', NULL, '2016-01-18 15:08:03'),
(437, 1, 'Anda mendapatkan <b>surat</b> baru dari <b>Staf Kasubbag Persuratan Arsip dan Dokumentasi (Nunuk Tri Muranjari, S.Pd.)</b>', '/eoffice/index.php?r=distribusi/view&id=400', NULL, '199007172014021001', NULL, '2016-01-18 15:08:03'),
(438, 1, 'Anda mendapatkan <b>surat</b> baru dari <b>Staf Kasubbag Persuratan Arsip dan Dokumentasi (Nunuk Tri Muranjari, S.Pd.)</b>', '/eoffice/index.php?r=distribusi/view&id=401', 282, '198011072015011001', NULL, '2016-01-18 15:08:03'),
(439, 1, 'Anda mendapatkan <b>surat</b> baru dari <b>Staf Kasubbag Persuratan Arsip dan Dokumentasi (Nunuk Tri Muranjari, S.Pd.)</b>', '/eoffice/index.php?r=distribusi/view&id=402', NULL, '198506112014021001', NULL, '2016-01-18 15:08:03'),
(440, 1, 'Anda mendapatkan <b>surat</b> baru dari <b>Staf Kasubbag Persuratan Arsip dan Dokumentasi (Nunuk Tri Muranjari, S.Pd.)</b>', '/eoffice/index.php?r=distribusi/view&id=403', NULL, '197809142015011001', NULL, '2016-01-18 15:08:03'),
(441, 1, 'Anda mendapatkan <b>surat</b> baru dari <b>Staf Kasubbag Persuratan Arsip dan Dokumentasi (Nunuk Tri Muranjari, S.Pd.)</b>', '/eoffice/index.php?r=distribusi/view&id=404', NULL, '199111212014022001', NULL, '2016-01-18 15:08:03'),
(442, 1, 'Anda mendapatkan <b>surat</b> baru dari <b>Staf Kasubbag Persuratan Arsip dan Dokumentasi (Nunuk Tri Muranjari, S.Pd.)</b>', '/eoffice/index.php?r=distribusi/view&id=405', 261, '199309132014021001', NULL, '2016-01-18 15:08:03'),
(443, 1, 'Anda mendapatkan <b>surat</b> baru dari <b>Staf Kasubbag Persuratan Arsip dan Dokumentasi (Nunuk Tri Muranjari, S.Pd.)</b>', '/eoffice/index.php?r=distribusi/view&id=406', NULL, '198107012015011001', NULL, '2016-01-18 15:08:03'),
(444, 1, 'Anda mendapatkan <b>surat</b> baru dari <b>Staf Kasubbag Persuratan Arsip dan Dokumentasi (Nunuk Tri Muranjari, S.Pd.)</b>', '/eoffice/index.php?r=distribusi/view&id=407', NULL, '197606112014021001', NULL, '2016-01-18 15:08:03'),
(445, 1, 'Anda mendapatkan <b>surat</b> baru dari <b>Staf Kasubbag Persuratan Arsip dan Dokumentasi (Nunuk Tri Muranjari, S.Pd.)</b>', '/eoffice/index.php?r=distribusi/view&id=408', NULL, '83144', NULL, '2016-01-18 15:08:03'),
(446, 1, 'Anda mendapatkan <b>surat</b> baru dari <b>Staf Kasubbag Persuratan Arsip dan Dokumentasi (Nunuk Tri Muranjari, S.Pd.)</b>', '/eoffice/index.php?r=distribusi/view&id=409', NULL, '199211052015011001', NULL, '2016-01-18 15:08:03'),
(447, 1, 'Anda mendapatkan <b>surat</b> baru dari <b>Staf Kasubbag Persuratan Arsip dan Dokumentasi (Nunuk Tri Muranjari, S.Pd.)</b>', '/eoffice/index.php?r=distribusi/view&id=410', NULL, '198809012015011001', NULL, '2016-01-18 15:08:03'),
(448, 1, 'Anda mendapatkan <b>surat</b> baru dari <b>Staf Kasubbag Persuratan Arsip dan Dokumentasi (Nunuk Tri Muranjari, S.Pd.)</b>', '/eoffice/index.php?r=distribusi/view&id=411', NULL, '198809102015011001', NULL, '2016-01-18 15:08:03'),
(449, 1, 'Anda mendapatkan <b>surat</b> baru dari <b>Staf Kasubbag Persuratan Arsip dan Dokumentasi (Nunuk Tri Muranjari, S.Pd.)</b>', '/eoffice/index.php?r=distribusi/view&id=412', NULL, '198605202015011001', NULL, '2016-01-18 15:08:04'),
(450, 1, 'Anda mendapatkan <b>surat</b> baru dari <b>Staf Kasubbag Persuratan Arsip dan Dokumentasi (Nunuk Tri Muranjari, S.Pd.)</b>', '/eoffice/index.php?r=distribusi/view&id=413', NULL, '198111262015011001', NULL, '2016-01-18 15:08:04'),
(451, 1, 'Anda mendapatkan <b>surat</b> baru dari <b>Staf Kasubbag Persuratan Arsip dan Dokumentasi (Nunuk Tri Muranjari, S.Pd.)</b>', '/eoffice/index.php?r=distribusi/view&id=414', NULL, '199112232015011001', NULL, '2016-01-18 15:08:04'),
(452, 1, 'Anda mendapatkan <b>surat</b> baru dari <b>Staf Kasubbag Persuratan Arsip dan Dokumentasi (Nunuk Tri Muranjari, S.Pd.)</b>', '/eoffice/index.php?r=distribusi/view&id=415', NULL, '199404232015011001', NULL, '2016-01-18 15:08:04'),
(453, 1, 'Anda mendapatkan <b>surat</b> baru dari <b>Staf Kasubbag Persuratan Arsip dan Dokumentasi (Nunuk Tri Muranjari, S.Pd.)</b>', '/eoffice/index.php?r=distribusi/view&id=416', 238, '198408152015011001', '2016-01-19 09:01:11', '2016-01-18 15:08:04'),
(454, 1, 'Anda mendapatkan <b>surat</b> baru dari <b>Staf Kasubbag Persuratan Arsip dan Dokumentasi (Nunuk Tri Muranjari, S.Pd.)</b>', '/eoffice/index.php?r=distribusi/view&id=417', NULL, '199307212015011001', NULL, '2016-01-18 15:08:04'),
(455, 1, 'Anda mendapatkan <b>surat</b> baru dari <b>Staf Kasubbag Persuratan Arsip dan Dokumentasi (Nunuk Tri Muranjari, S.Pd.)</b>', '/eoffice/index.php?r=distribusi/view&id=418', NULL, '197711062014021001', NULL, '2016-01-18 15:08:04'),
(456, 1, 'Anda mendapatkan <b>surat</b> baru dari <b>Staf Kasubbag Persuratan Arsip dan Dokumentasi (Nunuk Tri Muranjari, S.Pd.)</b>', '/eoffice/index.php?r=distribusi/view&id=419', 277, '198211162015011001', NULL, '2016-01-18 15:08:04'),
(457, 1, 'Anda mendapatkan <b>surat</b> baru dari <b>Staf Kasubbag Persuratan Arsip dan Dokumentasi (Nunuk Tri Muranjari, S.Pd.)</b>', '/eoffice/index.php?r=distribusi/view&id=420', 249, '198003172015011001', NULL, '2016-01-18 15:08:04'),
(458, 1, 'Anda mendapatkan <b>surat</b> baru dari <b>Staf Kasubbag Persuratan Arsip dan Dokumentasi (Nunuk Tri Muranjari, S.Pd.)</b>', '/eoffice/index.php?r=distribusi/view&id=421', NULL, '198903152015012001', NULL, '2016-01-18 15:08:04'),
(459, 1, 'Anda mendapatkan <b>surat</b> baru dari <b>Staf Kasubbag Persuratan Arsip dan Dokumentasi (Nunuk Tri Muranjari, S.Pd.)</b>', '/eoffice/index.php?r=distribusi/view&id=422', NULL, '198001272015011001', NULL, '2016-01-18 15:08:04'),
(460, 1, 'Anda mendapatkan <b>surat</b> baru dari <b>Staf Kasubbag Persuratan Arsip dan Dokumentasi (Nunuk Tri Muranjari, S.Pd.)</b>', '/eoffice/index.php?r=distribusi/view&id=423', NULL, '199110072014021001', NULL, '2016-01-18 15:08:04'),
(461, 1, 'Anda mendapatkan <b>surat</b> baru dari <b>Staf Kasubbag Persuratan Arsip dan Dokumentasi (Nunuk Tri Muranjari, S.Pd.)</b>', '/eoffice/index.php?r=distribusi/view&id=424', NULL, '199203082010121001', NULL, '2016-01-18 15:08:04'),
(462, 1, 'Anda mendapatkan <b>surat</b> baru dari <b>Staf Kasubbag Persuratan Arsip dan Dokumentasi (Nunuk Tri Muranjari, S.Pd.)</b>', '/eoffice/index.php?r=distribusi/view&id=425', NULL, '197608082014021001', NULL, '2016-01-18 15:08:04'),
(463, 1, 'Anda mendapatkan <b>surat</b> baru dari <b>Staf Kasubbag Persuratan Arsip dan Dokumentasi (Nunuk Tri Muranjari, S.Pd.)</b>', '/eoffice/index.php?r=distribusi/view&id=426', NULL, '198601142014021001', NULL, '2016-01-18 15:08:04'),
(464, 1, 'Anda mendapatkan <b>surat</b> baru dari <b>Staf Kasubbag Persuratan Arsip dan Dokumentasi (Nunuk Tri Muranjari, S.Pd.)</b>', '/eoffice/index.php?r=distribusi/view&id=427', NULL, '199304182015011001', NULL, '2016-01-18 15:08:04'),
(465, 1, 'Anda mendapatkan <b>surat</b> baru dari <b>Staf Kasubbag Persuratan Arsip dan Dokumentasi (Nunuk Tri Muranjari, S.Pd.)</b>', '/eoffice/index.php?r=distribusi/view&id=428', NULL, '198709012015011001', NULL, '2016-01-18 15:08:05'),
(466, 1, 'Anda mendapatkan <b>surat</b> baru dari <b>Staf Kasubbag Persuratan Arsip dan Dokumentasi (Nunuk Tri Muranjari, S.Pd.)</b>', '/eoffice/index.php?r=distribusi/view&id=429', NULL, '198312282015011001', NULL, '2016-01-18 15:08:05'),
(467, 1, 'Anda mendapatkan <b>surat</b> baru dari <b>Staf Kasubbag Persuratan Arsip dan Dokumentasi (Nunuk Tri Muranjari, S.Pd.)</b>', '/eoffice/index.php?r=distribusi/view&id=430', NULL, '78755', NULL, '2016-01-18 15:08:05'),
(468, 1, 'Anda mendapatkan <b>surat</b> baru dari <b>Staf Kasubbag Persuratan Arsip dan Dokumentasi (Nunuk Tri Muranjari, S.Pd.)</b>', '/eoffice/index.php?r=distribusi/view&id=431', NULL, '199503182015011001', NULL, '2016-01-18 15:08:05'),
(469, 1, 'Anda mendapatkan <b>surat</b> baru dari <b>Staf Kasubbag Persuratan Arsip dan Dokumentasi (Nunuk Tri Muranjari, S.Pd.)</b>', '/eoffice/index.php?r=distribusi/view&id=432', NULL, '199511042015011001', NULL, '2016-01-18 15:08:05'),
(470, 1, 'Anda mendapatkan <b>surat</b> baru dari <b>Staf Kasubbag Persuratan Arsip dan Dokumentasi (Nunuk Tri Muranjari, S.Pd.)</b>', '/eoffice/index.php?r=distribusi/view&id=433', NULL, '198105202015011001', NULL, '2016-01-18 15:08:05'),
(471, 1, 'Anda mendapatkan <b>surat</b> baru dari <b>Staf Kasubbag Persuratan Arsip dan Dokumentasi (Nunuk Tri Muranjari, S.Pd.)</b>', '/eoffice/index.php?r=distribusi/view&id=434', NULL, '74200', NULL, '2016-01-18 15:08:05'),
(472, 1, 'Anda mendapatkan <b>surat</b> baru dari <b>Staf Kasubbag Persuratan Arsip dan Dokumentasi (Nunuk Tri Muranjari, S.Pd.)</b>', '/eoffice/index.php?r=distribusi/view&id=435', NULL, '198911102015011001', NULL, '2016-01-18 15:08:05'),
(473, 1, 'Anda mendapatkan <b>surat</b> baru dari <b>Staf Kasubbag Persuratan Arsip dan Dokumentasi (Nunuk Tri Muranjari, S.Pd.)</b>', '/eoffice/index.php?r=distribusi/view&id=436', 256, '198408282015011001', NULL, '2016-01-18 15:08:05'),
(474, 1, 'Anda mendapatkan <b>surat</b> baru dari <b>Staf Kasubbag Persuratan Arsip dan Dokumentasi (Nunuk Tri Muranjari, S.Pd.)</b>', '/eoffice/index.php?r=distribusi/view&id=437', NULL, '198704102014021001', NULL, '2016-01-18 15:08:05'),
(475, 1, 'Anda mendapatkan <b>surat</b> baru dari <b>Staf Kasubbag Persuratan Arsip dan Dokumentasi (Nunuk Tri Muranjari, S.Pd.)</b>', '/eoffice/index.php?r=distribusi/view&id=438', 200, '198311052015011001', NULL, '2016-01-18 15:08:05'),
(476, 1, 'Anda mendapatkan <b>surat</b> baru dari <b>Staf Kasubbag Persuratan Arsip dan Dokumentasi (Nunuk Tri Muranjari, S.Pd.)</b>', '/eoffice/index.php?r=distribusi/view&id=439', NULL, '198403032015011001', NULL, '2016-01-18 15:08:05'),
(477, 1, 'Anda mendapatkan <b>surat</b> baru dari <b>Staf Kasubbag Persuratan Arsip dan Dokumentasi (Nunuk Tri Muranjari, S.Pd.)</b>', '/eoffice/index.php?r=distribusi/view&id=440', NULL, '199107162015011001', NULL, '2016-01-18 15:08:05'),
(478, 1, 'Anda mendapatkan <b>surat</b> baru dari <b>Staf Kasubbag Persuratan Arsip dan Dokumentasi (Nunuk Tri Muranjari, S.Pd.)</b>', '/eoffice/index.php?r=distribusi/view&id=441', NULL, '199306132014021001', NULL, '2016-01-18 15:08:05'),
(479, 1, 'Anda mendapatkan <b>surat</b> baru dari <b>Staf Kasubbag Persuratan Arsip dan Dokumentasi (Nunuk Tri Muranjari, S.Pd.)</b>', '/eoffice/index.php?r=distribusi/view&id=442', 251, '198602232015011001', NULL, '2016-01-18 15:08:05'),
(480, 1, 'Anda mendapatkan <b>surat</b> baru dari <b>Staf Kasubbag Persuratan Arsip dan Dokumentasi (Nunuk Tri Muranjari, S.Pd.)</b>', '/eoffice/index.php?r=distribusi/view&id=443', 250, '198811292015011001', NULL, '2016-01-18 15:08:05'),
(481, 1, 'Anda mendapatkan <b>surat</b> baru dari <b>Staf Kasubbag Persuratan Arsip dan Dokumentasi (Nunuk Tri Muranjari, S.Pd.)</b>', '/eoffice/index.php?r=distribusi/view&id=444', NULL, '199102252015011001', NULL, '2016-01-18 15:08:05'),
(482, 1, 'Anda mendapatkan <b>surat</b> baru dari <b>Staf Kasubbag Persuratan Arsip dan Dokumentasi (Nunuk Tri Muranjari, S.Pd.)</b>', '/eoffice/index.php?r=distribusi/view&id=445', 279, '198205182015011001', NULL, '2016-01-18 15:08:05'),
(483, 1, 'Anda mendapatkan <b>surat</b> baru dari <b>Staf Kasubbag Persuratan Arsip dan Dokumentasi (Nunuk Tri Muranjari, S.Pd.)</b>', '/eoffice/index.php?r=distribusi/view&id=446', NULL, '198709252015011001', NULL, '2016-01-18 15:08:05'),
(484, 1, 'Anda mendapatkan <b>surat</b> baru dari <b>Staf Kasubbag Persuratan Arsip dan Dokumentasi (Nunuk Tri Muranjari, S.Pd.)</b>', '/eoffice/index.php?r=distribusi/view&id=447', 281, '198908222015011001', NULL, '2016-01-18 15:08:06'),
(485, 1, 'Anda mendapatkan <b>surat</b> baru dari <b>Staf Kasubbag Persuratan Arsip dan Dokumentasi (Nunuk Tri Muranjari, S.Pd.)</b>', '/eoffice/index.php?r=distribusi/view&id=448', NULL, '198910182014022002', NULL, '2016-01-18 15:08:06'),
(486, 1, 'Anda mendapatkan <b>surat</b> baru dari <b>Staf Kasubbag Persuratan Arsip dan Dokumentasi (Nunuk Tri Muranjari, S.Pd.)</b>', '/eoffice/index.php?r=distribusi/view&id=449', NULL, '198002062015011001', NULL, '2016-01-18 15:08:06'),
(487, 1, 'Anda mendapatkan <b>surat</b> baru dari <b>Staf Kasubbag Persuratan Arsip dan Dokumentasi (Nunuk Tri Muranjari, S.Pd.)</b>', '/eoffice/index.php?r=distribusi/view&id=450', NULL, '198307192015011001', NULL, '2016-01-18 15:08:06'),
(488, 1, 'Anda mendapatkan <b>surat</b> baru dari <b>Staf Kasubbag Persuratan Arsip dan Dokumentasi (Nunuk Tri Muranjari, S.Pd.)</b>', '/eoffice/index.php?r=distribusi/view&id=451', 244, '3201070108850006', NULL, '2016-01-18 15:08:06'),
(489, 1, 'Anda mendapatkan <b>surat</b> baru dari <b>Staf Kasubbag Persuratan Arsip dan Dokumentasi (Nunuk Tri Muranjari, S.Pd.)</b>', '/eoffice/index.php?r=distribusi/view&id=452', NULL, '198601042015011001', NULL, '2016-01-18 15:08:06'),
(490, 1, 'Anda mendapatkan <b>surat</b> baru dari <b>Staf Kasubbag Persuratan Arsip dan Dokumentasi (Nunuk Tri Muranjari, S.Pd.)</b>', '/eoffice/index.php?r=distribusi/view&id=453', NULL, '198109192015011001', NULL, '2016-01-18 15:08:06'),
(491, 1, 'Anda mendapatkan <b>surat</b> baru dari <b>Staf Kasubbag Persuratan Arsip dan Dokumentasi (Nunuk Tri Muranjari, S.Pd.)</b>', '/eoffice/index.php?r=distribusi/view&id=454', NULL, '198412272015011001', NULL, '2016-01-18 15:08:06'),
(492, 1, 'Anda mendapatkan <b>surat</b> baru dari <b>Staf Kasubbag Persuratan Arsip dan Dokumentasi (Nunuk Tri Muranjari, S.Pd.)</b>', '/eoffice/index.php?r=distribusi/view&id=455', NULL, '198902242015011001', NULL, '2016-01-18 15:08:06'),
(493, 1, 'Anda mendapatkan <b>surat</b> baru dari <b>Staf Kasubbag Persuratan Arsip dan Dokumentasi (Nunuk Tri Muranjari, S.Pd.)</b>', '/eoffice/index.php?r=distribusi/view&id=456', NULL, '91534', NULL, '2016-01-18 15:08:06'),
(494, 1, 'Anda mendapatkan <b>surat</b> baru dari <b>Staf Kasubbag Persuratan Arsip dan Dokumentasi (Nunuk Tri Muranjari, S.Pd.)</b>', '/eoffice/index.php?r=distribusi/view&id=457', NULL, '199105292015011001', NULL, '2016-01-18 15:08:06'),
(495, 1, 'Anda mendapatkan <b>surat</b> baru dari <b>Staf Kasubbag Persuratan Arsip dan Dokumentasi (Nunuk Tri Muranjari, S.Pd.)</b>', '/eoffice/index.php?r=distribusi/view&id=458', NULL, '198906192015011001', NULL, '2016-01-18 15:08:06'),
(496, 1, 'Anda mendapatkan <b>surat</b> baru dari <b>Staf Kasubbag Persuratan Arsip dan Dokumentasi (Nunuk Tri Muranjari, S.Pd.)</b>', '/eoffice/index.php?r=distribusi/view&id=459', NULL, '198408302009122001', NULL, '2016-01-18 15:08:06'),
(497, 1, 'Anda mendapatkan <b>surat</b> baru dari <b>Staf Kasubbag Persuratan Arsip dan Dokumentasi (Nunuk Tri Muranjari, S.Pd.)</b>', '/eoffice/index.php?r=distribusi/view&id=460', NULL, '12691/P', NULL, '2016-01-18 15:08:06'),
(498, 1, 'Anda mendapatkan <b>surat</b> baru dari <b>Staf Kasubbag Persuratan Arsip dan Dokumentasi (Nunuk Tri Muranjari, S.Pd.)</b>', '/eoffice/index.php?r=distribusi/view&id=461', 247, '3515071810940002', NULL, '2016-01-18 15:08:06'),
(499, 1, 'Anda mendapatkan <b>surat</b> baru dari <b>Staf Kasubbag Persuratan Arsip dan Dokumentasi (Nunuk Tri Muranjari, S.Pd.)</b>', '/eoffice/index.php?r=distribusi/view&id=462', NULL, '12467/P', NULL, '2016-01-18 15:08:06'),
(500, 1, 'Anda mendapatkan <b>surat</b> baru dari <b>Staf Kasubbag Persuratan Arsip dan Dokumentasi (Nunuk Tri Muranjari, S.Pd.)</b>', '/eoffice/index.php?r=distribusi/view&id=463', 284, '198903262015011001', NULL, '2016-01-18 15:08:06'),
(501, 1, 'Anda mendapatkan <b>surat</b> baru dari <b>Staf Kasubbag Persuratan Arsip dan Dokumentasi (Nunuk Tri Muranjari, S.Pd.)</b>', '/eoffice/index.php?r=distribusi/view&id=464', NULL, '197711212010121001', NULL, '2016-01-18 15:08:06'),
(502, 1, 'Anda mendapatkan <b>surat</b> baru dari <b>Staf Kasubbag Persuratan Arsip dan Dokumentasi (Nunuk Tri Muranjari, S.Pd.)</b>', '/eoffice/index.php?r=distribusi/view&id=465', NULL, '198808162015012001', NULL, '2016-01-18 15:08:06'),
(503, 1, 'Anda mendapatkan <b>surat</b> baru dari <b>Staf Kasubbag Persuratan Arsip dan Dokumentasi (Nunuk Tri Muranjari, S.Pd.)</b>', '/eoffice/index.php?r=distribusi/view&id=466', NULL, '199001192010121003', NULL, '2016-01-18 15:08:06'),
(504, 1, 'Anda mendapatkan <b>surat</b> baru dari <b>Staf Kasubbag Persuratan Arsip dan Dokumentasi (Nunuk Tri Muranjari, S.Pd.)</b>', '/eoffice/index.php?r=distribusi/view&id=467', NULL, '198206062014021001', NULL, '2016-01-18 15:08:07'),
(505, 1, 'Anda mendapatkan <b>surat</b> baru dari <b>Staf Kasubbag Persuratan Arsip dan Dokumentasi (Nunuk Tri Muranjari, S.Pd.)</b>', '/eoffice/index.php?r=distribusi/view&id=468', 260, '198507152010121001', NULL, '2016-01-18 15:08:07'),
(506, 1, 'Anda mendapatkan <b>surat</b> baru dari <b>Staf Kasubbag Persuratan Arsip dan Dokumentasi (Nunuk Tri Muranjari, S.Pd.)</b>', '/eoffice/index.php?r=distribusi/view&id=469', 213, '76471', NULL, '2016-01-18 15:08:07'),
(507, 1, 'Anda mendapatkan <b>surat</b> baru dari <b>Staf Kasubbag Persuratan Arsip dan Dokumentasi (Nunuk Tri Muranjari, S.Pd.)</b>', '/eoffice/index.php?r=distribusi/view&id=470', 239, '199005162015011001', NULL, '2016-01-18 15:08:07'),
(508, 1, 'Anda mendapatkan <b>surat</b> baru dari <b>Staf Kasubbag Persuratan Arsip dan Dokumentasi (Nunuk Tri Muranjari, S.Pd.)</b>', '/eoffice/index.php?r=distribusi/view&id=471', 211, '198904112010121004', NULL, '2016-01-18 15:08:07'),
(509, 1, 'Anda mendapatkan <b>surat</b> baru dari <b>Staf Kasubbag Persuratan Arsip dan Dokumentasi (Nunuk Tri Muranjari, S.Pd.)</b>', '/eoffice/index.php?r=distribusi/view&id=472', NULL, '198906192015011001', NULL, '2016-01-18 15:08:07'),
(510, 1, 'Anda mendapatkan <b>surat</b> baru dari <b>Staf Kasubbag Persuratan Arsip dan Dokumentasi (Nunuk Tri Muranjari, S.Pd.)</b>', '/eoffice/index.php?r=distribusi/view&id=473', NULL, '199308032014022001', NULL, '2016-01-18 15:08:07'),
(511, 1, 'Anda mendapatkan <b>surat</b> baru dari <b>Staf Kasubbag Persuratan Arsip dan Dokumentasi (Nunuk Tri Muranjari, S.Pd.)</b>', '/eoffice/index.php?r=distribusi/view&id=474', NULL, '199101312014022001', NULL, '2016-01-18 15:08:07'),
(512, 1, 'Anda mendapatkan <b>surat</b> baru dari <b>Staf Kasubbag Persuratan Arsip dan Dokumentasi (Nunuk Tri Muranjari, S.Pd.)</b>', '/eoffice/index.php?r=distribusi/view&id=475', NULL, '199503282014022001', NULL, '2016-01-18 15:08:07'),
(513, 1, 'Anda mendapatkan <b>surat</b> baru dari <b>Staf Kasubbag Persuratan Arsip dan Dokumentasi (Nunuk Tri Muranjari, S.Pd.)</b>', '/eoffice/index.php?r=distribusi/view&id=476', NULL, '198904182010121004', NULL, '2016-01-18 15:08:07'),
(514, 1, 'Anda mendapatkan <b>surat</b> baru dari <b>Staf Kasubbag Persuratan Arsip dan Dokumentasi (Nunuk Tri Muranjari, S.Pd.)</b>', '/eoffice/index.php?r=distribusi/view&id=477', NULL, '199010102015011001', NULL, '2016-01-18 15:08:07'),
(515, 1, 'Anda mendapatkan <b>surat</b> baru dari <b>Staf Kasubbag Persuratan Arsip dan Dokumentasi (Nunuk Tri Muranjari, S.Pd.)</b>', '/eoffice/index.php?r=distribusi/view&id=478', 224, '20833/P', NULL, '2016-01-18 15:08:07'),
(516, 1, 'Anda mendapatkan <b>surat</b> baru dari <b>Staf Kasubbag Persuratan Arsip dan Dokumentasi (Nunuk Tri Muranjari, S.Pd.)</b>', '/eoffice/index.php?r=distribusi/view&id=479', NULL, '108092', NULL, '2016-01-18 15:08:07'),
(517, 1, 'Anda mendapatkan <b>surat</b> baru dari <b>Staf Kasubbag Persuratan Arsip dan Dokumentasi (Nunuk Tri Muranjari, S.Pd.)</b>', '/eoffice/index.php?r=distribusi/view&id=480', NULL, '92505', NULL, '2016-01-18 15:08:07'),
(518, 1, 'Anda mendapatkan <b>surat</b> baru dari <b>Staf Kasubbag Persuratan Arsip dan Dokumentasi (Nunuk Tri Muranjari, S.Pd.)</b>', '/eoffice/index.php?r=distribusi/view&id=481', NULL, '198612312014021001', NULL, '2016-01-18 15:08:07'),
(519, 1, 'Anda mendapatkan <b>surat</b> baru dari <b>Staf Kasubbag Persuratan Arsip dan Dokumentasi (Nunuk Tri Muranjari, S.Pd.)</b>', '/eoffice/index.php?r=distribusi/view&id=482', NULL, '198906132014021001', NULL, '2016-01-18 15:08:07'),
(520, 1, 'Anda mendapatkan <b>surat</b> baru dari <b>Staf Kasubbag Persuratan Arsip dan Dokumentasi (Nunuk Tri Muranjari, S.Pd.)</b>', '/eoffice/index.php?r=distribusi/view&id=483', 95, '69110338', NULL, '2016-01-18 15:08:07'),
(521, 1, 'Anda mendapatkan <b>surat</b> baru dari <b>Staf Kasubbag Persuratan Arsip dan Dokumentasi (Nunuk Tri Muranjari, S.Pd.)</b>', '/eoffice/index.php?r=distribusi/view&id=484', 120, '70060343', NULL, '2016-01-18 15:08:08'),
(522, 1, 'Anda mendapatkan <b>surat</b> baru dari <b>Staf Kasubbag Persuratan Arsip dan Dokumentasi (Nunuk Tri Muranjari, S.Pd.)</b>', '/eoffice/index.php?r=distribusi/view&id=485', 174, '58090723', NULL, '2016-01-18 15:08:08'),
(523, 1, 'Anda mendapatkan <b>surat</b> baru dari <b>Staf Kasubbag Persuratan Arsip dan Dokumentasi (Nunuk Tri Muranjari, S.Pd.)</b>', '/eoffice/index.php?r=distribusi/view&id=486', NULL, '73120209', NULL, '2016-01-18 15:08:08'),
(524, 1, 'Anda mendapatkan <b>surat</b> baru dari <b>Staf Kasubbag Persuratan Arsip dan Dokumentasi (Nunuk Tri Muranjari, S.Pd.)</b>', '/eoffice/index.php?r=distribusi/view&id=487', NULL, '1982113020100111019', NULL, '2016-01-18 15:08:08'),
(525, 1, 'Anda mendapatkan <b>surat</b> baru dari <b>Staf Kasubbag Persuratan Arsip dan Dokumentasi (Nunuk Tri Muranjari, S.Pd.)</b>', '/eoffice/index.php?r=distribusi/view&id=488', 85, '11143/P', NULL, '2016-01-18 15:08:08'),
(526, 1, 'Anda mendapatkan <b>surat</b> baru dari <b>Staf Kasubbag Persuratan Arsip dan Dokumentasi (Nunuk Tri Muranjari, S.Pd.)</b>', '/eoffice/index.php?r=distribusi/view&id=489', 86, '10707/P', NULL, '2016-01-18 15:08:08'),
(527, 1, 'Anda mendapatkan <b>surat</b> baru dari <b>Staf Kasubbag Persuratan Arsip dan Dokumentasi (Nunuk Tri Muranjari, S.Pd.)</b>', '/eoffice/index.php?r=distribusi/view&id=490', NULL, '198304272001121005', NULL, '2016-01-18 15:08:08'),
(528, 1, 'Anda mendapatkan <b>surat</b> baru dari <b>Staf Kasubbag Persuratan Arsip dan Dokumentasi (Nunuk Tri Muranjari, S.Pd.)</b>', '/eoffice/index.php?r=distribusi/view&id=491', NULL, '59110796', NULL, '2016-01-18 15:08:08'),
(529, 1, 'Anda mendapatkan <b>surat</b> baru dari <b>Staf Kasubbag Persuratan Arsip dan Dokumentasi (Nunuk Tri Muranjari, S.Pd.)</b>', '/eoffice/index.php?r=distribusi/view&id=492', NULL, '63010801', NULL, '2016-01-18 15:08:08'),
(530, 1, 'Anda mendapatkan <b>surat</b> baru dari <b>Staf Kasubbag Persuratan Arsip dan Dokumentasi (Nunuk Tri Muranjari, S.Pd.)</b>', '/eoffice/index.php?r=distribusi/view&id=493', NULL, '63100807', NULL, '2016-01-18 15:08:08'),
(531, 1, 'Anda mendapatkan <b>surat</b> baru dari <b>Staf Kasubbag Persuratan Arsip dan Dokumentasi (Nunuk Tri Muranjari, S.Pd.)</b>', '/eoffice/index.php?r=distribusi/view&id=494', NULL, '63010800', NULL, '2016-01-18 15:08:08'),
(532, 1, 'Anda mendapatkan <b>surat</b> baru dari <b>Staf Kasubbag Persuratan Arsip dan Dokumentasi (Nunuk Tri Muranjari, S.Pd.)</b>', '/eoffice/index.php?r=distribusi/view&id=495', 103, '8904/P', NULL, '2016-01-18 15:08:08'),
(533, 1, 'Anda mendapatkan <b>surat</b> baru dari <b>Staf Kasubbag Persuratan Arsip dan Dokumentasi (Nunuk Tri Muranjari, S.Pd.)</b>', '/eoffice/index.php?r=distribusi/view&id=496', NULL, '197805152010011018', NULL, '2016-01-18 15:08:08'),
(534, 1, 'Anda mendapatkan <b>surat</b> baru dari <b>Staf Kasubbag Persuratan Arsip dan Dokumentasi (Nunuk Tri Muranjari, S.Pd.)</b>', '/eoffice/index.php?r=distribusi/view&id=497', 44, '16231/P', NULL, '2016-01-18 15:08:08'),
(535, 1, 'Anda mendapatkan <b>surat</b> baru dari <b>Staf Kasubbag Persuratan Arsip dan Dokumentasi (Nunuk Tri Muranjari, S.Pd.)</b>', '/eoffice/index.php?r=distribusi/view&id=498', NULL, '16720/P', NULL, '2016-01-18 15:08:08'),
(536, 1, 'Anda mendapatkan <b>surat</b> baru dari <b>Staf Kasubbag Persuratan Arsip dan Dokumentasi (Nunuk Tri Muranjari, S.Pd.)</b>', '/eoffice/index.php?r=distribusi/view&id=499', NULL, '86527', NULL, '2016-01-18 15:08:08'),
(537, 1, 'Anda mendapatkan <b>surat</b> baru dari <b>Staf Kasubbag Persuratan Arsip dan Dokumentasi (Nunuk Tri Muranjari, S.Pd.)</b>', '/eoffice/index.php?r=distribusi/view&id=500', NULL, '103643', NULL, '2016-01-18 15:08:08'),
(538, 1, 'Anda mendapatkan <b>surat</b> baru dari <b>Staf Kasubbag Persuratan Arsip dan Dokumentasi (Nunuk Tri Muranjari, S.Pd.)</b>', '/eoffice/index.php?r=distribusi/view&id=501', NULL, '108754', NULL, '2016-01-18 15:08:08'),
(539, 1, 'Anda mendapatkan <b>surat</b> baru dari <b>Staf Kasubbag Persuratan Arsip dan Dokumentasi (Nunuk Tri Muranjari, S.Pd.)</b>', '/eoffice/index.php?r=distribusi/view&id=502', NULL, '105609', NULL, '2016-01-18 15:08:09'),
(540, 1, 'Anda mendapatkan <b>surat</b> baru dari <b>Staf Kasubbag Persuratan Arsip dan Dokumentasi (Nunuk Tri Muranjari, S.Pd.)</b>', '/eoffice/index.php?r=distribusi/view&id=503', 20, '8326/P', NULL, '2016-01-18 15:08:09'),
(541, 1, 'Anda mendapatkan <b>surat</b> baru dari <b>Staf Kasubbag Persuratan Arsip dan Dokumentasi (Nunuk Tri Muranjari, S.Pd.)</b>', '/eoffice/index.php?r=distribusi/view&id=504', NULL, '68248', NULL, '2016-01-18 15:08:09'),
(542, 1, 'Anda mendapatkan <b>surat</b> baru dari <b>Staf Kasubbag Persuratan Arsip dan Dokumentasi (Nunuk Tri Muranjari, S.Pd.)</b>', '/eoffice/index.php?r=distribusi/view&id=505', 262, '3275085103700022', '2016-01-20 09:34:41', '2016-01-18 15:08:09'),
(543, 1, 'Anda mendapatkan <b>tembusan</b> surat baru dari <b>Staf Kasubbag Persuratan Arsip dan Dokumentasi (Nunuk Tri Muranjari, S.Pd.)</b>', '/eoffice/index.php?r=distribusi/view&id=506', 69, NULL, NULL, '2016-01-18 15:08:09'),
(544, 1, 'Anda mendapatkan <b>tembusan</b> surat baru dari <b>Staf Kasubbag Persuratan Arsip dan Dokumentasi (Nunuk Tri Muranjari, S.Pd.)</b>', '/eoffice/index.php?r=distribusi/view&id=507', 1, '8312/P', NULL, '2016-01-18 15:08:09'),
(545, 1, 'Anda mendapatkan <b>surat</b> baru dari <b>Staf Kasubbag Persuratan Arsip dan Dokumentasi (Nunuk Tri Muranjari, S.Pd.)</b>', '/eoffice/index.php?r=distribusi/view&id=374', 261, '198402292009122001', '2016-01-18 15:27:18', '2016-01-18 15:10:30'),
(546, 1, 'Anda mendapatkan <b>surat</b> baru dari <b>Staf Kasubbag Persuratan Arsip dan Dokumentasi (Nunuk Tri Muranjari, S.Pd.)</b>', '/eoffice/index.php?r=distribusi/view&id=363', 261, '199007162010121002', '2016-01-18 15:29:52', '2016-01-18 15:28:51'),
(547, 1, 'Anda mendapatkan <b>surat</b> baru dari <b>Staf Kasubbag Persuratan Arsip dan Dokumentasi (Nunuk Tri Muranjari, S.Pd.)</b>', '/eoffice/index.php?r=distribusi/view&id=345', 261, '198101242010122001', '2016-01-18 15:30:52', '2016-01-18 15:29:54'),
(548, 1, 'Anda mendapatkan <b>surat</b> baru dari <b>Staf Kasubbag Persuratan Arsip dan Dokumentasi (Nunuk Tri Muranjari, S.Pd.)</b>', '/eoffice/index.php?r=distribusi/view&id=25', 2, '196105271985031001', NULL, '2016-01-18 15:34:03'),
(549, 1, 'Anda mendapatkan <b>surat</b> baru dari <b>Staf Kasubbag Persuratan Arsip dan Dokumentasi (Nunuk Tri Muranjari, S.Pd.)</b>', '/eoffice/index.php?r=distribusi/view&id=246', 231, '198301162010121001', '2016-01-19 09:40:10', '2016-01-19 06:40:20'),
(550, 1, 'Anda mendapatkan <b>surat</b> baru dari <b>Staf Kasubbag Persuratan Arsip dan Dokumentasi (Nunuk Tri Muranjari, S.Pd.)</b>', '/eoffice/index.php?r=distribusi/view&id=74', 67, '198308032010121001', '2016-01-19 08:16:17', '2016-01-19 08:08:56'),
(551, 1, 'Anda mendapatkan <b>surat</b> baru dari <b>Staf Kasubbag Persuratan Arsip dan Dokumentasi (Nunuk Tri Muranjari, S.Pd.)</b>', '/eoffice/index.php?r=distribusi/view&id=244', 237, '197411302010122001', '2016-01-19 08:14:07', '2016-01-19 08:12:04'),
(552, 1, 'Anda mendapatkan <b>terusan</b> surat baru dari <b>Staf Kasie Pengolahan Basis Data (Novy Poedjawati, S.T.)</b>', '/eoffice/index.php?r=distribusi/view&id=508', 239, '199005162015011001', NULL, '2016-01-19 08:24:14'),
(553, 1, 'Anda mendapatkan <b>terusan</b> surat baru dari <b>Staf Kasie Pengolahan Basis Data (Novy Poedjawati, S.T.)</b>', '/eoffice/index.php?r=distribusi/view&id=509', 261, '198101242010122001', '2016-01-20 08:37:45', '2016-01-19 08:24:15'),
(554, 1, 'Anda mendapatkan <b>terusan</b> surat baru dari <b>Staf Seksi Pengembangan Sistem Informasi (Ujang Rusmana, S.Si.)</b>', '/eoffice/index.php?r=distribusi/view&id=21', 238, '198408152015011001', NULL, '2016-01-19 09:00:05'),
(555, 1, 'Anda mendapatkan <b>surat</b> baru dari <b>Staf Kasubbag Persuratan Arsip dan Dokumentasi (Nunuk Tri Muranjari, S.Pd.)</b>', '/eoffice/index.php?r=distribusi/view&id=416', 238, '198408152015011001', '2016-01-19 15:44:46', '2016-01-19 09:01:13'),
(556, 1, 'Anda mendapatkan <b>surat</b> baru dari <b>Staf Kasubbag Persuratan Arsip dan Dokumentasi (Nunuk Tri Muranjari, S.Pd.)</b>', '/eoffice/index.php?r=distribusi/view&id=88', 133, '198109212009011002', '2016-01-19 09:08:11', '2016-01-19 09:06:55'),
(557, 1, 'Anda mendapatkan <b>terusan</b> surat baru dari <b>Kasie Pengolahan Basis Data (Wahyu Sigit Purwoko, S.Kom)</b>', '/eoffice/index.php?r=distribusi/view&id=510', 237, '197411302010122001', '2016-01-20 09:34:01', '2016-01-19 09:10:48'),
(558, 1, 'Anda mendapatkan <b>terusan</b> surat baru dari <b>Kasie Pengolahan Basis Data (Wahyu Sigit Purwoko, S.Kom)</b>', '/eoffice/index.php?r=distribusi/view&id=510', 237, '197411302010122001', NULL, '2016-01-19 09:11:56'),
(559, 1, 'Anda mendapatkan <b>surat</b> baru dari <b>Staf Kasubbag Persuratan Arsip dan Dokumentasi (Nunuk Tri Muranjari, S.Pd.)</b>', '/eoffice/index.php?r=distribusi/view&id=89', 134, '197807182010121002', '2016-01-19 09:41:09', '2016-01-19 09:12:22'),
(560, 1, 'Anda mendapatkan <b>surat</b> baru dari <b>Staf Kasubbag Persuratan Arsip dan Dokumentasi (Nunuk Tri Muranjari, S.Pd.)</b>', '/eoffice/index.php?r=distribusi/view&id=87', 66, '197509152009012001', '2016-02-08 20:42:58', '2016-01-19 09:15:03'),
(561, 1, '<b>Kasie Pengembangan Jaringan (Dikki Triwasananda, S.Kom)</b> mengajukan <b>Surat Tugas</b>. ', '/eoffice/index.php?r=surat/paraf&id=87', 39, '198204252009121001', '2016-01-19 11:13:51', '2016-01-19 09:47:30'),
(562, 1, 'Anda mendapatkan <b>surat</b> baru dari <b>Staf Kasubbag Persuratan Arsip dan Dokumentasi (Nunuk Tri Muranjari, S.Pd.)</b>', '/eoffice/index.php?r=distribusi/view&id=491', NULL, '59110796', NULL, '2016-01-19 09:49:15'),
(563, 1, 'Anda mendapatkan <b>surat</b> baru dari <b>Staf Kasubbag Persuratan Arsip dan Dokumentasi (Nunuk Tri Muranjari, S.Pd.)</b>', '/eoffice/index.php?r=distribusi/view&id=257', NULL, '198308172015011001', NULL, '2016-01-19 11:03:56'),
(564, 1, 'Anda mendapatkan <b>surat</b> baru dari <b>Kepala Subbag Persuratan, Arsip, dan Dokumentasi (Yusnita Budi Pramesti, S.E.)</b>', '/eoffice/index.php?r=distribusi/view&id=8', 39, '198204252009121001', NULL, '2016-01-19 11:12:52'),
(565, 1, 'Anda mendapatkan <b>surat</b> baru dari <b>Staf Kasubbag Persuratan Arsip dan Dokumentasi (Nunuk Tri Muranjari, S.Pd.)</b>', '/eoffice/index.php?r=distribusi/view&id=78', 39, '198204252009121001', NULL, '2016-01-19 11:13:26'),
(566, 1, 'Selamat, <b>Kasie Pengembangan Jaringan (Dikki Triwasananda, S.Kom)</b> menyetujui pengajuan<b>Surat Tugas</b> Anda.', '/eoffice/index.php?r=surat/view&id=87', 238, '198408152015011001', NULL, '2016-01-19 11:15:29'),
(567, 1, '<b>Kasie Pengembangan Jaringan (Dikki Triwasananda, S.Kom)</b> mengajukan <b>Surat Tugas</b>. ', '/eoffice/index.php?r=surat/paraf&id=87', 38, '197110211991101001', NULL, '2016-01-19 11:15:29'),
(568, 1, 'Anda mendapatkan <b>terusan</b> surat baru dari <b> (Rindra Swandita, S.E.)</b>', '/eoffice/index.php?r=distribusi/view&id=511', 51, '198305062009012002', '2016-01-19 11:51:52', '2016-01-19 11:15:39'),
(569, 1, 'Anda mendapatkan <b>terusan</b> surat baru dari <b> (Rindra Swandita, S.E.)</b>', '/eoffice/index.php?r=distribusi/view&id=512', 50, '198308112009012001', NULL, '2016-01-19 11:15:39'),
(570, 1, 'Anda mendapatkan <b>terusan</b> surat baru dari <b> (Rindra Swandita, S.E.)</b>', '/eoffice/index.php?r=distribusi/view&id=513', 272, '198910252015012001', NULL, '2016-01-19 11:15:39'),
(571, 1, 'Anda mendapatkan <b>terusan</b> surat baru dari <b> (Rindra Swandita, S.E.)</b>', '/eoffice/index.php?r=distribusi/view&id=514', NULL, '199004182015012002', NULL, '2016-01-19 11:15:39'),
(572, 1, 'Anda mendapatkan <b>terusan</b> surat baru dari <b> (Rindra Swandita, S.E.)</b>', '/eoffice/index.php?r=distribusi/view&id=515', 40, '197011171998031001', NULL, '2016-01-19 11:15:39'),
(573, 1, 'Anda mendapatkan <b>surat</b> baru dari <b>Staf Kasubbag Persuratan Arsip dan Dokumentasi (Nunuk Tri Muranjari, S.Pd.)</b>', '/eoffice/index.php?r=distribusi/view&id=132', 51, '198305062009012002', '2016-01-19 11:50:59', '2016-01-19 11:50:45'),
(574, 1, 'Anda mendapatkan <b>terusan</b> surat baru dari <b> (Rindra Swandita, S.E.)</b>', '/eoffice/index.php?r=distribusi/view&id=511', 51, '198305062009012002', NULL, '2016-01-19 11:51:54'),
(575, 1, 'Anda mendapatkan <b>terusan</b> surat baru dari <b>Staf Kasie Pengolahan Basis Data (Novy Poedjawati, S.T.)</b>', '/eoffice/index.php?r=distribusi/view&id=509', 261, '198101242010122001', NULL, '2016-01-20 08:37:48'),
(576, 1, 'Anda mendapatkan <b>surat</b> baru dari <b>Staf Kasubbag Persuratan Arsip dan Dokumentasi (Nunuk Tri Muranjari, S.Pd.)</b>', '/eoffice/index.php?r=distribusi/view&id=322', 272, '198910252015012001', NULL, '2016-01-20 09:12:08'),
(577, 1, 'Anda mendapatkan <b>terusan</b> surat baru dari <b> (Rindra Swandita, S.E.)</b>', '/eoffice/index.php?r=distribusi/view&id=513', 272, '198910252015012001', NULL, '2016-01-20 09:13:22'),
(578, 1, 'Anda mendapatkan <b>surat</b> baru dari <b>Staf Kasubbag Persuratan Arsip dan Dokumentasi (Nunuk Tri Muranjari, S.Pd.)</b>', '/eoffice/index.php?r=distribusi/view&id=307', 153, '198009192009011003', NULL, '2016-01-20 09:28:14'),
(579, 1, 'Anda mendapatkan <b>surat</b> baru dari <b>Staf Kasubbag Persuratan Arsip dan Dokumentasi (Nunuk Tri Muranjari, S.Pd.)</b>', '/eoffice/index.php?r=distribusi/view&id=505', 262, '3275085103700022', '2016-01-20 09:34:15', '2016-01-20 09:28:28'),
(580, 1, 'Anda mendapatkan <b>surat</b> baru dari <b>Staf Kasubbag Persuratan Arsip dan Dokumentasi (Nunuk Tri Muranjari, S.Pd.)</b>', '/eoffice/index.php?r=distribusi/view&id=327', NULL, '197907052015012001', NULL, '2016-01-20 09:29:48'),
(581, 1, 'Anda mendapatkan <b>terusan</b> surat baru dari <b>TU Deputi Bid. Info, Hukum, & Kerjasama (Wakhid Ma''mun, S.Ag)</b>', '/eoffice/index.php?r=distribusi/view&id=22', 262, '3275085103700022', '2016-01-20 09:35:10', '2016-01-20 09:32:46'),
(582, 1, 'Anda mendapatkan <b>surat</b> baru dari <b>Staf Kasubbag Persuratan Arsip dan Dokumentasi (Nunuk Tri Muranjari, S.Pd.)</b>', '/eoffice/index.php?r=distribusi/view&id=69', 46, '196904211996031005', '2016-01-20 09:47:53', '2016-01-20 09:35:15'),
(583, 1, 'Anda mendapatkan <b>surat</b> baru dari <b>Staf Kasubbag Persuratan Arsip dan Dokumentasi (Nunuk Tri Muranjari, S.Pd.)</b>', '/eoffice/index.php?r=distribusi/view&id=314', 280, '199107152015011001', NULL, '2016-01-20 09:43:27'),
(584, 1, 'Anda mendapatkan <b>surat</b> baru dari <b>Staf Kasubbag Persuratan Arsip dan Dokumentasi (Nunuk Tri Muranjari, S.Pd.)</b>', '/eoffice/index.php?r=distribusi/view&id=316', NULL, '198808302015041001', NULL, '2016-01-20 09:44:50'),
(585, 1, 'Anda mendapatkan <b>surat</b> baru dari <b>Staf Kasubbag Persuratan Arsip dan Dokumentasi (Nunuk Tri Muranjari, S.Pd.)</b>', '/eoffice/index.php?r=distribusi/view&id=306', NULL, '199006302015012001', NULL, '2016-01-20 09:48:57'),
(586, 1, 'Anda mendapatkan <b>surat</b> baru dari <b>Staf Kasubbag Persuratan Arsip dan Dokumentasi (Nunuk Tri Muranjari, S.Pd.)</b>', '/eoffice/index.php?r=distribusi/view&id=134', 74, '198412092009012001', '2016-01-20 10:00:18', '2016-01-20 09:50:04'),
(587, 1, 'Anda mendapatkan <b>disposisi</b> surat baru dari <b>Kabag Humas dan Protokol (Waryoto, S.E.)</b>', '/eoffice/index.php?r=distribusi/view&id=516', 46, '196904211996031005', '2016-01-20 09:52:22', '2016-01-20 09:51:48'),
(588, 1, 'Anda mendapatkan <b>disposisi</b> surat baru dari <b>Kabag Humas dan Protokol (Waryoto, S.E.)</b>', '/eoffice/index.php?r=distribusi/view&id=516', 46, '196904211996031005', '2016-01-20 09:56:32', '2016-01-20 09:52:24'),
(589, 1, 'Anda mendapatkan <b>surat</b> baru dari <b>Staf Kasubbag Persuratan Arsip dan Dokumentasi (Nunuk Tri Muranjari, S.Pd.)</b>', '/eoffice/index.php?r=distribusi/view&id=154', 73, '196904062009011001', '2016-01-20 10:01:05', '2016-01-20 09:54:07'),
(590, 1, 'Anda mendapatkan <b>terusan</b> surat baru dari <b>Kabag Humas dan Protokol (Waryoto, S.E.)</b>', '/eoffice/index.php?r=distribusi/view&id=517', 77, '198811272010122002', NULL, '2016-01-20 09:55:36'),
(591, 1, 'Anda mendapatkan <b>terusan</b> surat baru dari <b>Kabag Humas dan Protokol (Waryoto, S.E.)</b>', '/eoffice/index.php?r=distribusi/view&id=518', 78, '198410262010121002', NULL, '2016-01-20 09:55:36'),
(592, 1, 'Anda mendapatkan <b>surat</b> baru dari <b>TU Deputi Bidang Kebijakan dan Strategi Kamla (Aulia Maulidina Badar, S.T.)</b>', '/eoffice/index.php?r=distribusi/view&id=519', 74, '198412092009012001', '2016-01-20 10:01:01', '2016-01-20 09:57:06'),
(593, 1, 'Anda mendapatkan <b>tembusan</b> surat baru dari <b>TU Deputi Bidang Kebijakan dan Strategi Kamla (Aulia Maulidina Badar, S.T.)</b>', '/eoffice/index.php?r=distribusi/view&id=520', 15, '195812181979032001', NULL, '2016-01-20 09:57:06'),
(594, 1, 'Anda mendapatkan <b>surat</b> baru dari <b>TU Deputi Bidang Kebijakan dan Strategi Kamla (Aulia Maulidina Badar, S.T.)</b>', '/eoffice/index.php?r=distribusi/view&id=521', NULL, '199006302015012001', NULL, '2016-01-20 09:58:30'),
(595, 1, 'Anda mendapatkan <b>surat</b> baru dari <b>TU Deputi Bidang Kebijakan dan Strategi Kamla (Aulia Maulidina Badar, S.T.)</b>', '/eoffice/index.php?r=distribusi/view&id=519', 74, '198412092009012001', '2016-01-20 10:00:37', '2016-01-20 09:59:14'),
(596, 1, 'Anda mendapatkan <b>terusan</b> surat baru dari <b>TU Deputi Bidang Info, Hukum, & Kerjasama (Wakhid Ma''mun, S.Ag)</b>', '/eoffice/index.php?r=distribusi/view&id=522', 262, '3275085103700022', NULL, '2016-01-20 10:00:34'),
(597, 1, 'Anda mendapatkan <b>terusan</b> surat baru dari <b>TU Deputi Bidang Info, Hukum, & Kerjasama (Wakhid Ma''mun, S.Ag)</b>', '/eoffice/index.php?r=distribusi/view&id=523', 288, '198811292015012001', NULL, '2016-01-20 10:00:34'),
(598, 1, 'Anda mendapatkan <b>surat</b> baru dari <b>Staf Kasubbag Persuratan Arsip dan Dokumentasi (Nunuk Tri Muranjari, S.Pd.)</b>', '/eoffice/index.php?r=distribusi/view&id=83', 152, '198106112010122001', NULL, '2016-01-20 10:01:27'),
(599, 1, 'Anda mendapatkan <b>surat</b> baru dari <b>Staf Kasubbag Persuratan Arsip dan Dokumentasi (Nunuk Tri Muranjari, S.Pd.)</b>', '/eoffice/index.php?r=distribusi/view&id=152', 102, '198609172009122001', '2016-01-20 10:08:57', '2016-01-20 10:01:37'),
(600, 1, 'Anda mendapatkan <b>surat</b> baru dari <b>Staf Kasubbag Persuratan Arsip dan Dokumentasi (Nunuk Tri Muranjari, S.Pd.)</b>', '/eoffice/index.php?r=distribusi/view&id=461', 247, '3515071810940002', NULL, '2016-01-20 10:09:58'),
(601, 1, 'Anda mendapatkan <b>surat</b> baru dari <b>Staf Kasubbag Persuratan Arsip dan Dokumentasi (Nunuk Tri Muranjari, S.Pd.)</b>', '/eoffice/index.php?r=distribusi/view&id=453', NULL, '198109192015011001', NULL, '2016-01-20 10:17:16'),
(602, 1, 'Anda mendapatkan <b>surat</b> baru dari <b>Staf Kasubbag Persuratan Arsip dan Dokumentasi (Nunuk Tri Muranjari, S.Pd.)</b>', '/eoffice/index.php?r=distribusi/view&id=409', NULL, '199211052015011001', NULL, '2016-01-20 10:18:46'),
(603, 1, 'Anda mendapatkan <b>surat</b> baru dari <b>Staf Kasubbag Persuratan Arsip dan Dokumentasi (Nunuk Tri Muranjari, S.Pd.)</b>', '/eoffice/index.php?r=distribusi/view&id=256', NULL, '198507252015012001', NULL, '2016-01-20 10:20:20'),
(604, 1, 'Anda mendapatkan <b>disposisi</b> surat baru dari <b>Kabag Humas dan Protokol (Waryoto, S.E.)</b>', '/eoffice/index.php?r=distribusi/view&id=524', 77, '198811272010122002', NULL, '2016-01-20 11:36:46'),
(605, 1, 'Anda mendapatkan <b>disposisi</b> surat baru dari <b>Kabag Humas dan Protokol (Waryoto, S.E.)</b>', '/eoffice/index.php?r=distribusi/view&id=525', 78, '198410262010121002', NULL, '2016-01-20 11:36:46'),
(606, 1, 'Anda mendapatkan <b>surat</b> baru dari <b>TU Deputi Bidang Kebijakan dan Strategi Kamla (Aulia Maulidina Badar, S.T.)</b>', '/eoffice/index.php?r=distribusi/view&id=526', 74, '198412092009012001', NULL, '2016-01-20 12:06:30'),
(607, 1, 'Anda mendapatkan <b>surat</b> baru dari <b>TU Deputi Bidang Kebijakan dan Strategi Kamla (Aulia Maulidina Badar, S.T.)</b>', '/eoffice/index.php?r=distribusi/view&id=527', 6, '60010951', NULL, '2016-01-20 12:06:30'),
(608, 1, 'Anda mendapatkan <b>tembusan</b> surat baru dari <b>TU Deputi Bidang Kebijakan dan Strategi Kamla (Aulia Maulidina Badar, S.T.)</b>', '/eoffice/index.php?r=distribusi/view&id=528', 280, '199104282015012001', NULL, '2016-01-20 12:06:31'),
(609, 1, 'Anda mendapatkan <b>tembusan</b> surat baru dari <b>TU Deputi Bidang Kebijakan dan Strategi Kamla (Aulia Maulidina Badar, S.T.)</b>', '/eoffice/index.php?r=distribusi/view&id=529', 43, NULL, NULL, '2016-01-20 12:06:31'),
(610, 1, 'Anda mendapatkan <b>surat</b> baru dari <b>TU Deputi Bidang Kebijakan dan Strategi Kamla (Aulia Maulidina Badar, S.T.)</b>', '/eoffice/index.php?r=distribusi/view&id=526', 74, '198412092009012001', NULL, '2016-01-20 13:19:32'),
(611, 1, 'Anda mendapatkan <b>surat</b> baru dari <b>Staf Kasubbag Persuratan Arsip dan Dokumentasi (Nunuk Tri Muranjari, S.Pd.)</b>', '/eoffice/index.php?r=distribusi/view&id=161', 149, '198211292010122002', NULL, '2016-01-20 14:48:27'),
(612, 1, 'Anda mendapatkan <b>surat</b> baru dari <b>Staf Kasubbag Persuratan Arsip dan Dokumentasi (Nunuk Tri Muranjari, S.Pd.)</b>', '/eoffice/index.php?r=distribusi/view&id=93', 123, '198703122009121001', NULL, '2016-01-20 16:11:31'),
(613, 1, '<b>Staf Kasie Pengembangan Sistem Informasi (Ujang Rusmana, S.Si.)</b> mengajukan <b>Memo Internal</b>. ', '/eoffice/index.php?r=surat/paraf&id=92', 66, '197509152009012001', '2016-02-08 20:42:49', '2016-02-08 10:26:01'),
(614, 1, '<b>Kasie Pengembangan Sistem Informasi (Tuti Ida Halida, S.T., M.I.T.M)</b> mengajukan <b>Surat Perintah</b>. ', '/eoffice/index.php?r=surat/paraf&id=100', 25, '71100504', NULL, '2016-02-08 14:39:49'),
(615, 1, '<b>Kasie Pengembangan Sistem Informasi (Tuti Ida Halida, S.T., M.I.T.M)</b> mengajukan <b>Surat Perintah</b>. ', '/eoffice/index.php?r=surat/paraf&id=100', 20, '8326/P', NULL, '2016-02-08 14:40:28'),
(616, 1, '<b>Kasie Pengembangan Sistem Informasi (Tuti Ida Halida, S.T., M.I.T.M)</b> mengajukan <b>Surat Perintah</b>. ', '/eoffice/index.php?r=surat/paraf&id=100', 73, '196904062009011001', NULL, '2016-02-08 14:40:41'),
(617, 1, '<b>Kasie Pengembangan Sistem Informasi (Tuti Ida Halida, S.T., M.I.T.M)</b> mengajukan <b>Surat Perintah</b>. ', '/eoffice/index.php?r=surat/paraf&id=100', 5, '196003151980031002', NULL, '2016-02-08 14:40:55'),
(618, 1, 'Selamat, <b>Kasie Pengembangan Sistem Informasi (Tuti Ida Halida, S.T., M.I.T.M)</b> menyetujui pengajuan<b>Memo Internal</b> Anda.', '/eoffice/index.php?r=surat/view&id=92', 231, '198301162010121001', NULL, '2016-02-08 21:07:12'),
(619, 1, '<b>Staf Kasie Pengembangan Sistem Informasi (Ujang Rusmana, S.Si.)</b> mengajukan <b>Memo Internal</b>. ', '/eoffice/index.php?r=surat/paraf&id=92', 25, '71100504', NULL, '2016-02-08 21:07:12');

-- --------------------------------------------------------

--
-- Struktur dari tabel `penerbit`
--

CREATE TABLE IF NOT EXISTS `penerbit` (
  `id` int(11) NOT NULL AUTO_INCREMENT,
  `id_jabatan_penandatangan` int(11) DEFAULT NULL,
  `id_jabatan_penerbit` int(11) DEFAULT NULL,
  `username_penerbit` varchar(255) DEFAULT NULL,
  PRIMARY KEY (`id`)
) ENGINE=InnoDB  DEFAULT CHARSET=latin1 AUTO_INCREMENT=9 ;

--
-- Dumping data untuk tabel `penerbit`
--

INSERT INTO `penerbit` (`id`, `id_jabatan_penandatangan`, `id_jabatan_penerbit`, `username_penerbit`) VALUES
(2, 1, 63, ''),
(4, 2, 63, ''),
(5, 4, 72, ''),
(6, 5, 73, ''),
(7, 6, 74, ''),
(8, 2, NULL, '198101242010122001');

-- --------------------------------------------------------

--
-- Struktur dari tabel `surat`
--

CREATE TABLE IF NOT EXISTS `surat` (
  `id` int(11) NOT NULL AUTO_INCREMENT,
  `urutan` int(11) DEFAULT NULL,
  `nomor` varchar(255) DEFAULT NULL,
  `tanggal` date DEFAULT NULL,
  `id_surat_kop` int(11) DEFAULT NULL,
  `id_surat_jenis` int(11) DEFAULT NULL,
  `id_surat_sifat` int(11) DEFAULT NULL,
  `ringkasan` text,
  `draf` varchar(255) DEFAULT NULL,
  `berkas` varchar(255) DEFAULT NULL,
  `lampiran` varchar(255) DEFAULT NULL,
  `tujuan` text,
  `tujuan_jabatan` text,
  `tujuan_pegawai` text,
  `tembusan` text,
  `tembusan_jabatan` text,
  `tembusan_laporan` text,
  `tembusan_pegawai` text,
  `id_jabatan_penandatangan` int(11) DEFAULT NULL,
  `username_penandatangan` varchar(255) DEFAULT NULL,
  `id_jabatan_penerbit` int(11) DEFAULT NULL,
  `username_penerbit` varchar(255) DEFAULT NULL,
  `id_surat_metode` int(11) DEFAULT '1',
  `id_surat_status` int(11) DEFAULT NULL,
  `id_jabatan_pengaju` int(11) DEFAULT NULL,
  `username_pengaju` varchar(255) DEFAULT NULL,
  `id_jabatan_pembuat` int(11) DEFAULT NULL,
  `username_pembuat` varchar(255) DEFAULT NULL,
  `waktu_dibuat` datetime DEFAULT NULL,
  `waktu_diajukan` datetime DEFAULT NULL,
  `waktu_disetujui` datetime DEFAULT NULL,
  `waktu_diterbitkan` datetime DEFAULT NULL,
  PRIMARY KEY (`id`)
) ENGINE=InnoDB  DEFAULT CHARSET=latin1 AUTO_INCREMENT=108 ;

--
-- Dumping data untuk tabel `surat`
--

INSERT INTO `surat` (`id`, `urutan`, `nomor`, `tanggal`, `id_surat_kop`, `id_surat_jenis`, `id_surat_sifat`, `ringkasan`, `draf`, `berkas`, `lampiran`, `tujuan`, `tujuan_jabatan`, `tujuan_pegawai`, `tembusan`, `tembusan_jabatan`, `tembusan_laporan`, `tembusan_pegawai`, `id_jabatan_penandatangan`, `username_penandatangan`, `id_jabatan_penerbit`, `username_penerbit`, `id_surat_metode`, `id_surat_status`, `id_jabatan_pengaju`, `username_pengaju`, `id_jabatan_pembuat`, `username_pembuat`, `waktu_dibuat`, `waktu_diajukan`, `waktu_disetujui`, `waktu_diterbitkan`) VALUES
(3, 90, 'SE-0090/Sestama/Bakamla/XII/2015', '2015-12-28', NULL, 6, 1, 'Surat edaran berita lahir', '1451279376_SE-Berita-Kelahiran.jpg', NULL, NULL, 'TU Deputi Bid. Info, Hukum, & Kerjasama;Reza Gustav, S.T.;Adriansyah Putra Harahap, S.Si., MS.;Tuti Ida Halida, S.T., M.I.T.M;Ujang Rusmana, S.Si.;Peik Sugiarto, S.T;Ika Budiawati;Dikki Triwasananda, S.Kom;Yusnita Budi Pramesti, S.E.;Agis Anshari Faila, S.E.;Nunuk Tri Muranjari, S.Pd.;Muhammad Ali, S.H.;Direktur Data dan Informasi;Seksi Pemeliharaan Jaringan;Seksi Pengolahan Basis Data;Kepala Biro Umum', NULL, NULL, '', NULL, 'Kepala Bakamla', NULL, 2, NULL, 70, NULL, 2, 1, 231, '198301162010121001', 231, '198301162010121001', '2015-12-28 11:19:00', '2015-12-29 11:33:10', '2015-12-29 11:33:10', '2015-12-29 12:00:24'),
(5, NULL, NULL, NULL, NULL, 2, 1, '', NULL, NULL, NULL, NULL, NULL, NULL, NULL, NULL, NULL, NULL, 2, NULL, 70, NULL, 1, 2, 63, '198305012009012001', 63, '198305012009012001', '2015-12-28 15:32:29', NULL, NULL, NULL),
(6, NULL, NULL, NULL, NULL, 2, 1, '', NULL, NULL, NULL, NULL, NULL, NULL, NULL, NULL, NULL, NULL, 63, NULL, NULL, NULL, 1, 5, 63, '198305012009012001', 63, '198305012009012001', '2015-12-28 15:33:48', '2016-01-05 14:41:54', '2016-01-05 14:41:54', NULL),
(7, NULL, NULL, NULL, NULL, 2, 1, '', NULL, NULL, NULL, NULL, NULL, NULL, NULL, NULL, NULL, NULL, 63, NULL, NULL, NULL, 1, 2, 63, '198305012009012001', 63, '198305012009012001', '2015-12-28 15:36:54', NULL, NULL, NULL),
(8, NULL, NULL, NULL, NULL, 13, 2, 'Undangan Rapat Pembahasan Draf Nota Kesepahaman antara Bakamla RI dengan Polri\r\n', NULL, NULL, NULL, 'Yuli Dharmawanto, S.H.,M.H.;Yansen Angkuw, S.ST., M.K., S.H.;Nyoto Saptono, S.H.;Ambar Indra Kusuma, S.H.;Eli Susiyanti, S.H., M.H., M.M.;Arief Meidyanto;Muhammad Ali, S.H.;Akhmad Firdaus, S.IP., M.Si.;Maya Veraningsih, S.Sos.;Irma Sahara, S.E.;Muhamad Azhari, S.H.;Andy Apriyanto, S.H.;Andre Bayu Widiyanto, S.H.;Adriansyah Putra Harahap, S.Si., MS.;Wahyu Sigit Purwoko, S.Kom;Sahlani, S.T.;Angga Heryana, S.T.;Diyah Widayanti, S.Ikom', NULL, NULL, 'Kepala Bakamla;Deputi Bidang Operasi dan Latihan;Deputi Bid. Info, Hukum, & Kerjasama;TU Deputi Bid. Kebijakan dan Strategi Kamla;Direktur Hukum;Direktur Kerja Sama;Direktur Data dan Informasi;Direktur Kebijakan Kamla;Direktorat Latihan;Direktorat Penelitian & Pengembangan Kamla', NULL, 'Kepala Bakamla', NULL, 2, NULL, 70, NULL, 1, 3, 242, '198412172015012001', 242, '198412172015012001', '2015-12-28 15:56:37', '2016-01-04 13:07:57', NULL, NULL),
(12, NULL, NULL, NULL, NULL, 17, 1, 'Pengajuan', '1451441933_naskahakademik_4.pdf', NULL, NULL, NULL, NULL, NULL, NULL, NULL, NULL, NULL, 2, NULL, 70, NULL, 2, 5, 277, '198211162015011001', 277, '198211162015011001', '2015-12-30 09:14:40', '2015-12-30 09:19:05', '2015-12-30 09:19:05', NULL),
(13, NULL, NULL, NULL, NULL, 16, 1, 'pemberitahuan tidak masuk kerja', NULL, NULL, NULL, 'Endah S. Pratiwi, S. Kom.', NULL, NULL, 'Yelvi Azwita, S.E., M.M.', NULL, '', NULL, 276, NULL, NULL, NULL, 1, 5, 276, '197912092014022001', 276, '197912092014022001', '2015-12-30 09:24:06', '2015-12-30 09:25:53', '2015-12-30 09:25:53', NULL),
(14, NULL, NULL, NULL, NULL, 6, 1, 'test', '1451442603_IMG-.pdf', NULL, NULL, 'Ade Kurniawan;Ikhsan Triyogo;Ismiyarti', NULL, NULL, 'Agung Pramujiawan', NULL, 'Kepala Bakamla', NULL, 1, NULL, 69, NULL, 2, 5, 261, '198101242010122001', 261, '198101242010122001', '2015-12-30 09:27:42', '2015-12-30 09:34:07', '2015-12-30 09:34:07', NULL),
(15, NULL, NULL, NULL, NULL, 2, 1, 'Surat Perintah Menghadiri Undangan Rapat di Surabaya', NULL, NULL, NULL, NULL, NULL, NULL, NULL, NULL, NULL, NULL, 2, NULL, 70, NULL, 1, 2, 4, '8655/P', 261, '198402292009122001', '2015-12-30 09:47:14', NULL, NULL, NULL),
(18, NULL, NULL, NULL, NULL, 2, 1, 'dfsadfasfs', NULL, NULL, NULL, NULL, NULL, NULL, NULL, NULL, NULL, NULL, 1, NULL, 69, NULL, 2, 2, 280, '199107152015011001', 280, '199107152015011001', '2015-12-30 15:30:30', NULL, NULL, NULL),
(19, NULL, NULL, NULL, NULL, 2, 1, '', NULL, NULL, NULL, NULL, NULL, NULL, NULL, NULL, NULL, NULL, 38, NULL, NULL, NULL, 1, 2, 238, '198408152015011001', 238, '198408152015011001', '2015-12-30 15:38:12', NULL, NULL, NULL),
(21, NULL, NULL, NULL, NULL, 2, 2, 'eeeeeeee', NULL, NULL, NULL, NULL, NULL, NULL, NULL, NULL, NULL, NULL, 2, NULL, 70, NULL, 1, 2, 280, '199107152015011001', 280, '199107152015011001', '2015-12-30 15:43:01', NULL, NULL, NULL),
(23, NULL, NULL, NULL, NULL, 2, 1, '', NULL, NULL, NULL, 'Evi Puspitaningrum', NULL, NULL, 'Sony Tri Nugraha', NULL, '', NULL, 63, NULL, NULL, NULL, 1, 5, 63, '198305012009012001', 63, '198305012009012001', '2015-12-30 16:35:08', '2015-12-30 16:42:40', '2015-12-30 16:42:40', NULL),
(24, NULL, NULL, NULL, NULL, 4, 1, 'aaa', NULL, NULL, NULL, NULL, NULL, NULL, NULL, NULL, NULL, NULL, 63, NULL, NULL, NULL, 1, 2, 63, '198305012009012001', 63, '198305012009012001', '2015-12-31 09:37:46', NULL, NULL, NULL),
(25, NULL, NULL, NULL, NULL, 4, 1, 'aaa', NULL, NULL, NULL, NULL, NULL, NULL, NULL, NULL, NULL, NULL, 63, NULL, NULL, NULL, 1, 2, 63, '198305012009012001', 63, '198305012009012001', '2015-12-31 09:39:26', NULL, NULL, NULL),
(28, 1, 'M-0001//Bakamla/I/2016', '2016-01-20', NULL, 17, 1, 'Memo notulen', NULL, NULL, NULL, 'Sherly Yuanita Lamtiur, S.Si.', NULL, NULL, '', NULL, '', NULL, 74, NULL, 74, '198412092009012001', 1, 1, 74, '198412092009012001', 74, '198412092009012001', '2016-01-01 06:31:21', '2016-01-04 09:44:32', '2016-01-04 09:44:32', '2016-01-20 09:58:30'),
(31, NULL, NULL, NULL, NULL, 2, 2, 'sosialisasi life jacket', NULL, NULL, NULL, NULL, NULL, NULL, NULL, NULL, NULL, NULL, 150, NULL, NULL, NULL, 1, 2, 246, '197111182009121001', 246, '197111182009121001', '2016-01-04 11:27:28', NULL, NULL, NULL),
(38, NULL, NULL, NULL, NULL, 13, 3, 'Undangan Rapat MSDE, tanggal pelaksanaan 6 Januari 2015', NULL, NULL, NULL, '', NULL, NULL, 'Deputi Bid. Kebijakan dan Strategi Kamla;Deputi Bid. Info, Hukum, & Kerjasama;Deputi Bidang Operasi dan Latihan', NULL, 'Kepala Bakamla', NULL, 2, NULL, 70, NULL, 1, 2, 128, '197503202009122001', 128, '197503202009122001', '2016-01-04 13:34:38', NULL, NULL, NULL),
(42, NULL, NULL, NULL, NULL, 13, 1, '', NULL, NULL, NULL, NULL, NULL, NULL, NULL, NULL, NULL, NULL, 2, NULL, 70, NULL, 1, 2, 24, '62080934', 66, '197509152009012001', '2016-01-04 13:41:39', NULL, NULL, NULL),
(44, NULL, NULL, NULL, NULL, 17, 1, '', NULL, NULL, NULL, NULL, NULL, NULL, NULL, NULL, NULL, NULL, 143, NULL, NULL, NULL, 1, 2, 235, '199208012015012001', 235, '199208012015012001', '2016-01-04 14:06:13', NULL, NULL, NULL),
(47, NULL, NULL, NULL, NULL, 2, 1, '', NULL, NULL, NULL, NULL, NULL, NULL, NULL, NULL, NULL, NULL, 2, NULL, 70, NULL, 1, 2, 246, '197111182009121001', 246, '197111182009121001', '2016-01-04 15:56:12', NULL, NULL, NULL),
(49, NULL, NULL, NULL, NULL, 17, 2, 'Memo Permohonan Peminjaman HT', NULL, NULL, NULL, '', NULL, NULL, 'Direktur Operasi Laut', NULL, 'Direktur Data dan Informasi', NULL, 25, NULL, NULL, NULL, 1, 3, 231, '198301162010121001', 231, '198301162010121001', '2016-01-05 08:52:11', '2016-01-05 09:13:57', NULL, NULL),
(50, NULL, NULL, NULL, NULL, 17, 1, 'Permohonan Staf Potensi Keamanan Laut', NULL, NULL, NULL, 'Subdit. Pengembangan Potensi Keamanan & Keselamatan Laut', NULL, NULL, '', NULL, '', NULL, 149, NULL, NULL, NULL, 1, 5, 149, '198211292010122002', 149, '198211292010122002', '2016-01-05 08:56:45', '2016-01-05 09:17:01', '2016-01-05 09:17:01', NULL),
(51, NULL, NULL, NULL, NULL, 17, 1, '', NULL, NULL, NULL, NULL, NULL, NULL, NULL, NULL, NULL, NULL, 149, NULL, NULL, NULL, 1, 2, 149, '198211292010122002', 149, '198211292010122002', '2016-01-05 09:23:40', NULL, NULL, NULL),
(52, NULL, NULL, NULL, NULL, 17, 1, 'Uji coba', NULL, NULL, NULL, 'Direktorat Operasi Udara Maritim;Deputi Bidang Operasi dan Latihan', NULL, NULL, '', NULL, 'Kepala Bakamla', NULL, 2, NULL, 70, NULL, 1, 5, 262, '3275085103700022', 262, '3275085103700022', '2016-01-05 14:09:39', '2016-01-05 14:19:16', '2016-01-05 14:19:16', NULL),
(53, NULL, NULL, NULL, NULL, 17, 1, 'Konsep Rencana Kegiatan Direktorat Operasi Udara Maritim ', NULL, NULL, NULL, 'Kasubdit Dukungan Operasi Udara Maritim', NULL, NULL, 'Direktur Operasi Udara Maritim;Kasubdit Ren dan Eval Operasi Udara Maritim;Kasubdit Penyelenggaran Operasi Udara Maritim dan Keselamatan', NULL, '', NULL, 102, NULL, NULL, NULL, 1, 2, 102, '198609172009122001', 102, '198609172009122001', '2016-01-06 07:09:09', NULL, NULL, NULL),
(56, NULL, NULL, NULL, 3, 17, 1, 'aaa', NULL, NULL, NULL, NULL, NULL, NULL, NULL, NULL, NULL, NULL, 1, NULL, 69, NULL, 1, 2, 239, '199005162015011001', 239, '199005162015011001', '2016-01-06 12:58:31', NULL, NULL, NULL),
(59, NULL, NULL, NULL, 3, 17, 1, 'memo test', NULL, NULL, NULL, NULL, NULL, NULL, NULL, NULL, NULL, NULL, 104, NULL, NULL, NULL, 1, 2, 267, '199007012010121001', 267, '199007012010121001', '2016-01-07 11:13:05', NULL, NULL, NULL),
(60, NULL, NULL, NULL, 3, 2, 2, 'SPRIN PENYEGARAN', NULL, NULL, NULL, NULL, NULL, NULL, NULL, NULL, NULL, NULL, 104, NULL, NULL, NULL, 2, 2, 267, '199007012010121001', 267, '199007012010121001', '2016-01-07 11:18:01', NULL, NULL, NULL),
(61, NULL, NULL, NULL, 3, 17, 1, 'memo rengiat', NULL, NULL, NULL, NULL, NULL, NULL, NULL, NULL, NULL, NULL, 103, NULL, NULL, NULL, 1, 2, 108, '197510302009011002', 267, '199007012010121001', '2016-01-07 11:24:34', NULL, NULL, NULL),
(62, NULL, NULL, NULL, 3, 17, 1, 'memo rengiat', '1452140865_Citra---Bakamla-Guarantee-Letter.pdf', NULL, NULL, 'Deputi Bidang Operasi dan Latihan', NULL, NULL, 'Subdit Perencanaan Latihan', NULL, 'Seksi Perencanaan Latihan Operasi Udara Maritim', NULL, 103, NULL, NULL, NULL, 2, 5, 108, '197510302009011002', 267, '199007012010121001', '2016-01-07 11:24:40', '2016-01-07 11:28:07', '2016-01-07 11:48:32', NULL),
(65, NULL, NULL, NULL, 3, 13, 2, 'Pembahasan Center of Excelence antara Bakamla dengan ITB ', NULL, NULL, NULL, 'Rizkal, S.Sos.,M.M.;Susilo Anggoro;Tuti Ida Halida, S.T., M.I.T.M;Adriansyah Putra Harahap, S.Si., MS.;Kustriyani, S.T.;Rizaldi Indra Janu, S.E., MBA (MLM);Fery Haryanto, S.T.;Wahyu Sigit Purwoko, S.Kom;Dwi Herdian Saputra;Budhi Asti, S.Si.;Bambang Widiatmoko, S.A.P.;Ir. Kurdinanto;Bambang Udoyo;Drs. Edi Fernandi;Muhammad Ali, S.H.', NULL, NULL, 'Deputi Bid. Info, Hukum, & Kerjasama;Deputi Bid. Kebijakan dan Strategi Kamla;Deputi Bidang Operasi dan Latihan', NULL, '', NULL, 5, NULL, 73, NULL, 1, 3, 134, '197807182010121002', 239, '199005162015011001', '2016-01-08 13:03:12', '2016-01-08 13:50:19', NULL, NULL),
(72, NULL, NULL, NULL, 3, 3, 1, 'ST Tim Sosialisasi, Implementasi dan Pengembangan aplikasi e-office', NULL, NULL, NULL, '', NULL, NULL, 'Deputi Bid. Info, Hukum, & Kerjasama', NULL, 'Kepala Bakamla', NULL, 2, NULL, 70, NULL, 1, 2, 231, '198301162010121001', 231, '198301162010121001', '2016-01-11 07:21:34', NULL, NULL, NULL),
(73, NULL, NULL, NULL, 3, 13, 1, 'Surat Undangan Pembahasan Center of Excelence Bakamla', NULL, NULL, NULL, 'Bambang Udoyo;Ir. Kurdinanto;Drs. Edi Fernandi;Rizkal, S.Sos.,M.M.;Muhammad Ali, S.H.;Bambang Widiatmoko, S.A.P.;Susilo Anggoro;Fery Haryanto, S.T.;Eko Susilo Hadi, S.H., M.H.;Tuti Ida Halida, S.T., M.I.T.M;Wahyu Sigit Purwoko, S.Kom;Rizaldi Indra Janu, S.E., MBA (MLM);Adriansyah Putra Harahap, S.Si., MS.;Y. M. Vianney Niko D.S., S.T.;Kustriyani, S.T.;Ujang Rusmana, S.Si.', NULL, NULL, 'Deputi Bidang Operasi dan Latihan;Deputi Bid. Kebijakan dan Strategi Kamla', NULL, 'Sekretaris Utama', NULL, 5, NULL, 73, NULL, 1, 2, 134, '197807182010121002', 239, '199005162015011001', '2016-01-11 09:10:11', NULL, NULL, NULL),
(75, NULL, NULL, NULL, 3, 3, 1, 'Test', NULL, NULL, NULL, NULL, NULL, NULL, NULL, NULL, NULL, NULL, 1, NULL, 69, NULL, 1, 2, 262, '3275085103700022', 262, '3275085103700022', '2016-01-11 11:21:37', NULL, NULL, NULL),
(76, NULL, NULL, NULL, 3, 3, 1, 'kh', NULL, NULL, NULL, 'Peik Sugiarto, S.T', NULL, NULL, '', NULL, '', NULL, 1, NULL, 69, NULL, 1, 2, 262, '3275085103700022', 262, '3275085103700022', '2016-01-11 11:25:22', NULL, NULL, NULL),
(77, 1, 'Un-0001//Bakamla/I/2016', '2016-01-20', 3, 13, 1, 'undangan', NULL, NULL, NULL, 'Aulia Maulidina Badar, S.T.', NULL, NULL, '', NULL, 'Kepala Biro Umum', NULL, 74, NULL, 74, '198412092009012001', 2, 1, 74, '198412092009012001', 287, '197601172010122001', '2016-01-11 14:33:06', '2016-01-11 14:39:58', '2016-01-11 14:39:58', '2016-01-20 09:57:06'),
(78, NULL, NULL, NULL, 3, 13, 1, 'Test', NULL, NULL, NULL, '', NULL, NULL, '', NULL, '', NULL, 2, NULL, 70, NULL, 1, 2, 262, '3275085103700022', 262, '3275085103700022', '2016-01-11 15:13:47', NULL, NULL, NULL),
(79, NULL, NULL, NULL, 3, 3, 1, 'test', NULL, NULL, NULL, '', NULL, NULL, '', NULL, '', NULL, 2, NULL, 70, NULL, 1, 2, 262, '3275085103700022', 262, '3275085103700022', '2016-01-12 09:26:13', NULL, NULL, NULL),
(80, NULL, NULL, NULL, 4, 16, 1, '', NULL, NULL, NULL, '', NULL, NULL, '', NULL, '', NULL, 149, NULL, NULL, NULL, 1, 2, 149, '198211292010122002', 149, '198211292010122002', '2016-01-13 08:34:12', NULL, NULL, NULL),
(81, NULL, NULL, NULL, 3, 13, 1, 'Surat Undangan 20 Januari 2016', '1453100687_b-004.pdf', NULL, NULL, 'Semua Pegawai', NULL, NULL, '', NULL, '', NULL, 2, NULL, NULL, NULL, 2, 2, 261, '198101242010122001', 261, '198101242010122001', '2016-01-18 13:52:21', NULL, NULL, NULL),
(82, NULL, NULL, NULL, 3, 13, 1, 'Undangan Tanggal 20 Januari 2016', '1453102579_b-004.pdf', NULL, NULL, 'Semua Pegawai', NULL, NULL, '', NULL, 'Kepala Bakamla', NULL, 2, NULL, NULL, NULL, 2, 2, 261, '198101242010122001', 261, '198101242010122001', '2016-01-18 14:26:23', NULL, NULL, NULL),
(83, NULL, NULL, NULL, 3, 13, 1, 'Undangan osialisasi E-Office', NULL, NULL, NULL, NULL, NULL, NULL, NULL, NULL, NULL, NULL, 2, NULL, NULL, NULL, 1, 2, 261, '198402292009122001', 261, '198101242010122001', '2016-01-18 14:50:04', NULL, NULL, NULL),
(84, NULL, NULL, NULL, 3, 13, 1, 'Undangan osialisasi E-Office', '1453105559_b-004.pdf', NULL, NULL, 'Semua Pegawai', NULL, NULL, '', NULL, 'Kepala Bakamla', NULL, 2, NULL, NULL, NULL, 2, 2, 261, '198402292009122001', 261, '198101242010122001', '2016-01-18 14:50:29', NULL, NULL, NULL),
(85, 100, 'Un-0100/Sestama/Bakamla/I/2016', '2016-01-18', 3, 13, 1, 'Sosialisasi E-Office', '1453104214_b-004.pdf', NULL, NULL, 'Semua Pegawai', NULL, NULL, '', NULL, 'Kepala Bakamla', NULL, 2, NULL, 261, '198101242010122001', 2, 1, 261, '198402292009122001', 261, '198101242010122001', '2016-01-18 14:59:18', '2016-01-18 15:05:55', '2016-01-18 15:05:55', '2016-01-18 15:07:44'),
(87, NULL, NULL, NULL, 3, 3, 1, '', NULL, NULL, NULL, 'Wahyu Sigit Purwoko, S.Kom;Tuti Ida Halida, S.T., M.I.T.M;Adriansyah Putra Harahap, S.Si., MS.;Dikki Triwasananda, S.Kom;Y. M. Vianney Niko D.S., S.T.;Lukman Nurhakim, S.Kom;Ujang Rusmana, S.Si.;Dono Arye Prasetyo, S.T.;Peik Sugiarto, S.T;Reza Gustav, S.T.;Ridwan Basuki, S.T.;Steven Engelhard Fransye;mukhtarudin;Suwarno;Gatot Yoga Endar S.', NULL, NULL, 'Deputi Bidang Info, Hukum, & Kerjasama;Direktur Data dan Informasi;Kasubdit data dan Informasi;Kasubdit Jaringan;Kabag Keuangan;Kabag Kepegawaian;Kasie Dokumentasi data & Jar. Satelit;Kasie Perancangan dan Standarisasi Data;Kasubbag Rumah Tangga;kasubbag TU KPIML', NULL, 'Kepala Bakamla', NULL, 2, NULL, NULL, NULL, 1, 3, 39, '198204252009121001', 238, '198408152015011001', '2016-01-19 09:11:13', '2016-01-19 09:47:30', NULL, NULL),
(88, NULL, NULL, NULL, 3, 13, 1, '', NULL, NULL, NULL, NULL, NULL, NULL, NULL, NULL, NULL, NULL, 2, NULL, NULL, NULL, 1, 2, 239, '199005162015011001', 239, '199005162015011001', '2016-01-19 14:08:00', NULL, NULL, NULL),
(90, NULL, NULL, NULL, 3, 19, 1, '', NULL, NULL, NULL, NULL, NULL, NULL, NULL, NULL, NULL, NULL, 1, NULL, NULL, NULL, 2, 2, 237, '197411302010122001', 237, '197411302010122001', '2016-01-20 10:05:52', NULL, NULL, NULL),
(91, 2, 'M-0002//Bakamla/I/2016', '2016-01-20', 5, 17, 2, 'Rekapitulasi Absensi Pegawai di lingkungan Jakstra Per tanggal 1 s.d. 15 Januari 2016', NULL, NULL, NULL, 'Deputi Bidang Kebijakan dan Strategi Kamla', NULL, NULL, 'Endah S. Pratiwi, S. Kom.', NULL, 'Kabag Kepegawaian', NULL, 74, NULL, 74, '198412092009012001', 1, 1, 74, '198412092009012001', 74, '198412092009012001', '2016-01-20 10:06:22', '2016-01-20 12:06:07', '2016-01-20 12:06:07', '2016-01-20 12:06:30'),
(92, NULL, NULL, NULL, 3, 17, 1, 'tes', NULL, NULL, NULL, NULL, NULL, NULL, NULL, NULL, NULL, NULL, 5, NULL, NULL, NULL, 1, 3, 231, '198301162010121001', 231, '198301162010121001', '2016-02-08 10:11:59', '2016-02-08 10:26:01', NULL, NULL),
(94, 1, 'M-0001/Kasie PSI/Depinhuker/Bakamla/II/2016', '2016-02-08', 3, 17, 1, '', NULL, NULL, NULL, NULL, NULL, NULL, NULL, NULL, NULL, NULL, 66, NULL, 66, '197509152009012001', 1, 1, 66, '197509152009012001', 66, '197509152009012001', '2016-02-08 10:52:29', '2016-02-08 11:35:29', '2016-02-08 11:35:29', '2016-02-08 11:46:49'),
(95, 2, 'M-0002/Kasie PSI/Depinhuker/Bakamla/II/2016', '2016-02-08', 3, 17, 1, '', NULL, NULL, NULL, NULL, NULL, NULL, NULL, NULL, NULL, NULL, 66, NULL, 66, '197509152009012001', 1, 1, 66, '197509152009012001', 66, '197509152009012001', '2016-02-08 11:48:21', '2016-02-08 11:48:39', '2016-02-08 11:48:39', '2016-02-08 11:48:56'),
(96, 3, 'M-0003/Kasie PSI/Depinhuker/Bakamla/II/2016', '2016-02-08', 3, 17, 2, '', NULL, NULL, NULL, NULL, NULL, NULL, NULL, NULL, NULL, NULL, 66, NULL, 66, '197509152009012001', 1, 1, 66, '197509152009012001', 66, '197509152009012001', '2016-02-08 11:51:56', '2016-02-08 11:52:22', '2016-02-08 11:52:22', '2016-02-08 11:52:38'),
(97, 4, 'M-0004/Kasie PSI/Depinhuker/Bakamla/II/2016', '2016-02-08', 3, 17, 1, '', NULL, NULL, NULL, NULL, NULL, NULL, NULL, NULL, NULL, NULL, 66, NULL, 66, '197509152009012001', 1, 1, 66, '197509152009012001', 66, '197509152009012001', '2016-02-08 11:59:08', '2016-02-08 11:59:24', '2016-02-08 11:59:24', '2016-02-08 11:59:57'),
(98, 5, 'M-0005/Kasie PSI/Depinhuker/Bakamla/II/2016', '2016-02-08', 3, 17, 1, '', NULL, NULL, NULL, NULL, NULL, NULL, NULL, NULL, NULL, NULL, 66, NULL, 66, '197509152009012001', 1, 1, 66, '197509152009012001', 66, '197509152009012001', '2016-02-08 12:01:51', '2016-02-08 12:02:04', '2016-02-08 12:02:04', '2016-02-08 12:02:21'),
(99, 6, 'M-0006/Kasie PSI/Depinhuker/Bakamla/II/2016', '2016-02-08', 3, 17, 2, '', NULL, NULL, NULL, NULL, NULL, NULL, NULL, NULL, NULL, NULL, 66, NULL, 66, '197509152009012001', 1, 1, 66, '197509152009012001', 66, '197509152009012001', '2016-02-08 12:55:34', '2016-02-08 12:55:48', '2016-02-08 12:55:49', '2016-02-08 12:56:13'),
(100, NULL, NULL, NULL, 3, 2, 1, 'tes', NULL, NULL, NULL, NULL, NULL, NULL, NULL, NULL, NULL, NULL, 2, NULL, NULL, NULL, 1, 3, 66, '197509152009012001', 66, '197509152009012001', '2016-02-08 14:39:04', '2016-02-08 14:39:49', NULL, NULL),
(101, NULL, NULL, NULL, 3, 2, 2, '', NULL, NULL, NULL, NULL, NULL, NULL, NULL, NULL, NULL, NULL, 2, NULL, NULL, NULL, 1, 2, 66, '197509152009012001', 66, '197509152009012001', '2016-02-08 14:41:25', NULL, NULL, NULL),
(102, NULL, NULL, NULL, 3, 4, 1, '', NULL, NULL, NULL, NULL, NULL, NULL, NULL, NULL, NULL, NULL, 2, NULL, NULL, NULL, 1, 2, 6, '60010951', 66, '197509152009012001', '2016-02-08 14:55:23', NULL, NULL, NULL),
(103, NULL, NULL, NULL, 3, 2, 1, '', NULL, NULL, NULL, NULL, NULL, NULL, NULL, NULL, NULL, NULL, 2, NULL, NULL, NULL, 1, 2, 6, '60010951', 66, '197509152009012001', '2016-02-08 15:02:08', NULL, NULL, NULL),
(104, NULL, NULL, NULL, 3, 2, 1, '', NULL, NULL, NULL, '', NULL, NULL, '', NULL, '', NULL, 25, NULL, NULL, NULL, 1, 2, 4, '8655/P', 66, '197509152009012001', '2016-02-08 15:04:19', NULL, NULL, NULL),
(105, NULL, NULL, NULL, 3, 2, 1, '', NULL, NULL, NULL, NULL, NULL, NULL, NULL, NULL, NULL, NULL, 20, NULL, NULL, NULL, 1, 2, 5, '196003151980031002', 66, '197509152009012001', '2016-02-08 15:06:53', NULL, NULL, NULL),
(106, NULL, NULL, NULL, 3, 17, 2, '', NULL, NULL, NULL, 'Kepala Biro Umum;Kepala Bakamla', NULL, NULL, '', NULL, '', NULL, 2, NULL, NULL, NULL, 1, 2, 66, '197509152009012001', 66, '197509152009012001', '2016-02-08 15:08:01', NULL, NULL, NULL),
(107, 7, 'M-0007/Kasie PSI/Depinhuker/Bakamla/II/2016', '2016-02-08', 4, 17, 1, '', NULL, NULL, NULL, '', NULL, NULL, '', NULL, '', NULL, 66, NULL, 66, '197509152009012001', 1, 1, 66, '197509152009012001', 66, '197509152009012001', '2016-02-08 20:43:37', '2016-02-08 20:47:33', '2016-02-08 20:47:33', '2016-02-08 20:48:06');

-- --------------------------------------------------------

--
-- Struktur dari tabel `surat_agno`
--

CREATE TABLE IF NOT EXISTS `surat_agno` (
  `id` int(11) NOT NULL AUTO_INCREMENT,
  `id_surat` int(11) DEFAULT NULL,
  `nomor_agenda` varchar(255) DEFAULT NULL,
  `tanggal_diterima` date DEFAULT NULL,
  `asal_surat` varchar(255) DEFAULT NULL,
  `tujuan_surat` text,
  `tanggal_surat` date DEFAULT NULL,
  `nomor_surat` varchar(255) DEFAULT NULL,
  `perihal` varchar(255) DEFAULT NULL,
  `ringkasan` text,
  `catatan` text,
  `tembusan_surat` varchar(255) DEFAULT NULL,
  `sehubungan` text,
  `pengolah` varchar(255) DEFAULT NULL,
  `lampiran_1` varchar(255) DEFAULT NULL,
  `lampiran_2` varchar(255) DEFAULT NULL,
  `lampiran_3` varchar(255) DEFAULT NULL,
  `waktu_dilihat` datetime DEFAULT NULL,
  `waktu_dibuat` datetime DEFAULT NULL,
  `id_jabatan_pembuat` int(11) DEFAULT NULL,
  `username_pembuat` varchar(255) DEFAULT NULL,
  PRIMARY KEY (`id`)
) ENGINE=InnoDB DEFAULT CHARSET=latin1 AUTO_INCREMENT=1 ;

-- --------------------------------------------------------

--
-- Struktur dari tabel `surat_atribut`
--

CREATE TABLE IF NOT EXISTS `surat_atribut` (
  `id` int(11) NOT NULL AUTO_INCREMENT,
  `id_surat` int(11) DEFAULT NULL,
  `nama` varchar(255) DEFAULT NULL,
  `nilai` text,
  PRIMARY KEY (`id`)
) ENGINE=InnoDB  DEFAULT CHARSET=latin1 AUTO_INCREMENT=393 ;

--
-- Dumping data untuk tabel `surat_atribut`
--

INSERT INTO `surat_atribut` (`id`, `id_surat`, `nama`, `nilai`) VALUES
(1, 8, 'tanggal', '6 Januari 2016'),
(2, 8, 'bulan', 'Desember'),
(3, 8, 'tahun', '2015'),
(4, 8, 'sifat', 'Segera'),
(5, 8, 'jumlah_lampiran', '1 lembar'),
(6, 8, 'perihal', 'Undangan Rapat Pembahasan Draf Nota Kesepahaman antara Bakamla RI dengan Polri'),
(7, 8, 'isi', 'Rapat Pembahasan penyusunan Nota Kesepahaman antara Bakamla RI dan Polri'),
(8, 8, 'hari', 'Rabu'),
(9, 8, 'pukul', '09.30 WIB'),
(10, 8, 'tempat', 'Ruang Rapat Kantor Bakamla Rawamangun'),
(11, 8, 'pimpinan', 'Direktur Kerja Sama Bakamla'),
(12, 11, 'pertimbangan_nama_kegiatan', 'menghadiri Rapat'),
(13, 11, 'pertimbangan_tempat_kegiatan', 'jakarta'),
(14, 11, 'dasar_nama_pejabat', 'BNPT'),
(15, 11, 'dasar_nomor_surat', ''),
(16, 11, 'dasar_tanggal_surat', ''),
(17, 11, 'dasar_perihal_surat', ''),
(18, 11, 'dasar_tahun', ''),
(19, 11, 'kepada_pegawai', '1. '),
(20, 11, 'untuk_nama_kegiatan', ''),
(21, 11, 'untuk_tempat_kegiatan', ''),
(22, 11, 'untuk_sebagai', ''),
(23, 11, 'untuk_tanggal_kegiatan', ''),
(24, 11, 'untuk_pukul_kegiatan', ''),
(25, 11, 'untuk_tempat_berangkat', ''),
(26, 11, 'untuk_tanggal_berangkat', ''),
(27, 11, 'untuk_tempat_kembali', ''),
(28, 11, 'untuk_tanggal_kembali', ''),
(29, 11, 'untuk_tujuan_lapor', ''),
(30, 11, 'ttd_tempat_dikeluarkan', ''),
(31, 11, 'ttd_tanggal_dikeluarkan', ''),
(32, 13, 'nomor_bag_pegawai', ''),
(33, 13, 'tanggal', ''),
(34, 13, 'nama_pejabat', ''),
(35, 13, 'nip_pejabat', ''),
(36, 13, 'jabatan_pejabat', ''),
(37, 13, 'unit_kerja_pejabat', ''),
(38, 13, 'nama', ''),
(39, 13, 'nip', ''),
(40, 13, 'jabatan', ''),
(41, 13, 'unit_kerja', ''),
(42, 13, 'hari', ''),
(43, 13, 'tanggal_inti', ''),
(44, 13, 'pukul', ''),
(45, 13, 'isi', ''),
(46, 13, 'tanggal_lengkap', ''),
(47, 13, 'nama_pejabat_tandatangan', ''),
(48, 13, 'nip_pejabat_tandatangan', ''),
(49, 16, 'pertimbangan_nama_kegiatan', 'Menghadiri Rapat Koordinasi Kemariitman'),
(50, 16, 'pertimbangan_tempat_kegiatan', 'Surabaya Provinsi Jawa Timur'),
(51, 16, 'dasar_nama_pejabat', 'Pangarmatim'),
(52, 16, 'dasar_nomor_surat', '1234'),
(53, 16, 'dasar_tanggal_surat', '9 Desember 2015'),
(54, 16, 'dasar_perihal_surat', 'Undangan Rapat Koordinasi Kemaritiman'),
(55, 16, 'dasar_tahun', 'tahun 2015'),
(56, 16, 'kepada_pegawai', 'Laksma Maritim WUSPO LUKITO, S.E.\r\nDeputi Bidang Operasi'),
(57, 16, 'untuk_nama_kegiatan', 'Rapat Koordinasi'),
(58, 16, 'untuk_tempat_kegiatan', 'Surabaya Provinsi Jawa Timur'),
(59, 16, 'untuk_sebagai', 'Perwakilan dari Bakamla'),
(60, 16, 'untuk_tanggal_kegiatan', '10 Desember 2015'),
(61, 16, 'untuk_pukul_kegiatan', '09.00 WIB'),
(62, 16, 'untuk_tempat_berangkat', 'Jakarta'),
(63, 16, 'untuk_tanggal_berangkat', '9 Desember 2015'),
(64, 16, 'untuk_tempat_kembali', 'Jakarta'),
(65, 16, 'untuk_tanggal_kembali', '11 Desember 2015'),
(66, 16, 'untuk_tujuan_lapor', 'Sestama Bakamla'),
(67, 16, 'ttd_tempat_dikeluarkan', 'Jakarta'),
(68, 16, 'ttd_tanggal_dikeluarkan', '9 Desember 2015'),
(69, 23, 'pertimbangan_nama_kegiatan', ''),
(70, 23, 'pertimbangan_tempat_kegiatan', ''),
(71, 23, 'dasar_nama_pejabat', ''),
(72, 23, 'dasar_nomor_surat', ''),
(73, 23, 'dasar_tanggal_surat', ''),
(74, 23, 'dasar_perihal_surat', ''),
(75, 23, 'dasar_tahun', ''),
(76, 23, 'kepada_pegawai', ''),
(77, 23, 'untuk_nama_kegiatan', ''),
(78, 23, 'untuk_tempat_kegiatan', ''),
(79, 23, 'untuk_sebagai', ''),
(80, 23, 'untuk_tanggal_kegiatan', ''),
(81, 23, 'untuk_pukul_kegiatan', ''),
(82, 23, 'untuk_tempat_berangkat', ''),
(83, 23, 'untuk_tanggal_berangkat', ''),
(84, 23, 'untuk_tempat_kembali', ''),
(85, 23, 'untuk_tanggal_kembali', ''),
(86, 23, 'untuk_tujuan_lapor', ''),
(87, 23, 'ttd_tempat_dikeluarkan', ''),
(88, 23, 'ttd_tanggal_dikeluarkan', ''),
(89, 28, 'penerima_memo', 'Sherly yuanita'),
(90, 28, 'pengirim_memo', 'Kasubbag tu deputi jakstra'),
(91, 28, 'perihal', 'Konsep memo notulen rapat pembahasan pks dg al tgl 29 des'),
(92, 28, 'lampiran', '1 (satu) berkas'),
(93, 28, 'tanggal_memo', '31 desember 2015'),
(94, 28, 'isi', 'Terlampir disampaikan konsep memo hasil notulen pembahasan pks tanggal 29 desember 2015 dengan tni al'),
(95, 28, 'jabatan', 'Kasubbag tu jakstra'),
(96, 28, 'pengirim_memo_tandatangan', 'Aulia M'),
(97, 28, 'nip_tandatangan', '198412092009012001'),
(98, 34, 'penerima_memo', 'Direktur Kerjasama'),
(99, 34, 'pengirim_memo', 'Kasubdit Pengembangan Potensi Keamanan dan Keselamatan Laut'),
(100, 34, 'perihal', 'Permohonan Staf Potensi Keamanan Laut'),
(101, 34, 'lampiran', '-'),
(102, 34, 'tanggal_memo', '04 Januari 2016'),
(103, 34, 'isi', '<div style="text-align: justify;">\r\n	&nbsp; &nbsp; &nbsp; &nbsp; &nbsp; &nbsp; &nbsp;Menindaklanjuti program Kerja Seksi Potensi Keamanan Laut Tahun Anggaran 2016, bersama ini kami mengajukan permohonan tenaga staf untuk Seksi Potensi Keamanan Laut, dikarenakan staf yang sebelumnya sedang melaksanakan tugas belajar.</div>\r\n<div style="text-align: justify;">\r\n	&nbsp; &nbsp; &nbsp; &nbsp; &nbsp; &nbsp; &nbsp; &nbsp; &nbsp;</div>\r\n<div style="text-align: justify;">\r\n	&nbsp; &nbsp; &nbsp; &nbsp; &nbsp; &nbsp; &nbsp;Demikian kami sampaikan, mohon arahan bapak lebih lanjut. Terima kasih.</div>\r\n'),
(104, 34, 'jabatan', 'Kasubdit Pengembangan Potensi Keamanan dan Keselamatan Laut'),
(105, 34, 'pengirim_memo_tandatangan', 'DRS. RAJA SURYA DHARMA M, M.Si.'),
(106, 34, 'nip_tandatangan', '19590929 199503 1 001'),
(107, 41, 'penerima_memo', 'Kasubdit Perumusan Strategi Kamla'),
(108, 41, 'pengirim_memo', 'Kasi Perencanaan Strategi Kamla'),
(109, 41, 'perihal', 'Laporan Pelaksanaan rapat'),
(110, 41, 'lampiran', '1'),
(111, 41, 'tanggal_memo', '01 Januari 2015'),
(112, 41, 'isi', ''),
(113, 41, 'jabatan', ''),
(114, 41, 'pengirim_memo_tandatangan', ''),
(115, 41, 'nip_tandatangan', ''),
(116, 38, 'tanggal', '6 Januari 2016'),
(117, 38, 'bulan', ''),
(118, 38, 'tahun', ''),
(119, 38, 'sifat', 'Sangat Segera'),
(120, 38, 'jumlah_lampiran', '2 (dua) lembar'),
(121, 38, 'perihal', 'Undangan Rapat MSDE ke-7'),
(122, 38, 'isi', 'kegiatan Maritime Security Deskop Exercise and Law of the Sea Course di Semarang'),
(123, 38, 'hari', 'Rabu'),
(124, 38, 'pukul', '10.00 WIB'),
(125, 38, 'tempat', 'Ruang Rapat Kantor Rawamangun'),
(126, 38, 'pimpinan', 'Direktur Strategi '),
(127, 45, 'penerima_memo', 'Kasubdit Kerja Sama DN'),
(128, 45, 'pengirim_memo', 'Kasi Kerja Sama Non Pemerintah'),
(129, 45, 'perihal', 'Hasil Pertemuan Bakamla RI dengan KNTI'),
(130, 45, 'lampiran', '-'),
(131, 45, 'tanggal_memo', '4/Januari/2016'),
(132, 45, 'isi', 'Bersama ini terlampir'),
(133, 45, 'jabatan', 'Kasi Kerja Sama Non Pemerintah'),
(134, 45, 'pengirim_memo_tandatangan', 'Maya Veraningsih'),
(135, 45, 'nip_tandatangan', '19800306 200901 2 001'),
(136, 50, 'penerima_memo', 'Kasubdit Pengembangan Potensi Keamanan dan Keselamatan Laut'),
(137, 50, 'pengirim_memo', 'Kasie Potensi Keamanan Laut'),
(138, 50, 'perihal', 'Permohonan Staf Potensi Keamanan Laut'),
(139, 50, 'lampiran', '-'),
(140, 50, 'tanggal_memo', '5 Januari 2016'),
(141, 50, 'isi', '<div style="text-align: justify;">\r\n	&nbsp; &nbsp; &nbsp; &nbsp; &nbsp; &nbsp; &nbsp;Menindaklanjuti Program Kerja Seksi Potensi Keamanan Laut Tahun Anggaran 2016, bersama ini kami mengajukan permohonan tenaga staf untuk Seksi Potensi Keamanan Laut dikarenakan staf yang ada sedang melaksanakan tugas belajar.</div>\r\n<div style="text-align: justify;">\r\n	<br />\r\n	&nbsp; &nbsp; &nbsp; &nbsp; &nbsp; &nbsp; &nbsp;Demikian kami sampaikan, mohon arahan bapak lebih lanjut. Terima kasih.</div>\r\n<div style="text-align: justify;">\r\n	<br />\r\n	&nbsp; &nbsp; &nbsp; &nbsp; &nbsp; &nbsp;</div>\r\n'),
(142, 50, 'jabatan', 'KASIE POTENSI KEAMANAN LAUT'),
(143, 50, 'pengirim_memo_tandatangan', 'TRI RAH ASTUTI, SE.'),
(144, 50, 'nip_tandatangan', '19821129 201012 2 002'),
(145, 49, 'penerima_memo', 'Kasubdit Dukungan Operasi Laut'),
(146, 49, 'pengirim_memo', 'Kasubdit Informasi'),
(147, 49, 'perihal', 'Permohonan Peminjaman 10 unit Handy Talky (HT)'),
(148, 49, 'lampiran', '-'),
(149, 49, 'tanggal_memo', '5 Januari 2016'),
(150, 49, 'isi', 'Sehubungan dengan akan dilaksanakannya perayaan Natal di lingkungan Kantor Bakamla RI pada Hari Jumat tanggal 8 Januari 2016, untuk keperluan komuniaksi seksi penerima tamu kami mengajukan peminjaman alat komunikasi HT sebanyak 10 unit. &nbsp;<br />\r\n<br />\r\nDemikian kami sampaikan, atas perhatiannya kami ucapkan terima kasih'),
(151, 49, 'jabatan', 'KASUBDIT INFORMASI'),
(152, 49, 'pengirim_memo_tandatangan', 'KOLONEL MARITIM M. ALI, SH'),
(153, 49, 'nip_tandatangan', '71100504'),
(154, 52, 'penerima_memo', ''),
(155, 52, 'pengirim_memo', ''),
(156, 52, 'perihal', ''),
(157, 52, 'lampiran', ''),
(158, 52, 'tanggal_memo', ''),
(159, 52, 'isi', 'Uji coba'),
(160, 52, 'jabatan', ''),
(161, 52, 'pengirim_memo_tandatangan', ''),
(162, 52, 'nip_tandatangan', ''),
(163, 53, 'penerima_memo', 'Kasubdit Dukungan Operasi Udara Maritim'),
(164, 53, 'pengirim_memo', 'Kasie Logistik Operasi Udara Maritim'),
(165, 53, 'perihal', 'Konsep Rencana Kegiatan Operasi Udara Maritim'),
(166, 53, 'lampiran', '2 lembar'),
(167, 53, 'tanggal_memo', '06/01/2016'),
(168, 53, 'isi', 'Merujuk pada Rencana Kegiatan Bakamla Tahun Anggaran 2016, bersama ini kami sampaikan Konsep Rengiat Direktorat Operasi Udara Maritim T.A. 2016.<br />\r\n<br />\r\nMohon perkenan arahan Bapak dan Terimakasih.'),
(169, 53, 'jabatan', 'Kasie Logistik Operasi Udara Maritim'),
(170, 53, 'pengirim_memo_tandatangan', 'Vita Melia Nugraheni'),
(171, 53, 'nip_tandatangan', '198609172009122001'),
(172, 58, 'tanggal', ''),
(173, 58, 'bulan', ''),
(174, 58, 'tahun', ''),
(175, 58, 'sifat', ''),
(176, 58, 'jumlah_lampiran', ''),
(177, 58, 'perihal', ''),
(178, 58, 'isi', ''),
(179, 58, 'hari', ''),
(180, 58, 'pukul', ''),
(181, 58, 'tempat', ''),
(182, 58, 'pimpinan', ''),
(183, 68, 'pertimbangan_nama_kegiatan', ''),
(184, 68, 'pertimbangan_tempat_kegiatan', ''),
(185, 68, 'dasar_nama_pejabat', ''),
(186, 68, 'dasar_nomor_surat', ''),
(187, 68, 'dasar_tanggal_surat', ''),
(188, 68, 'dasar_perihal_surat', ''),
(189, 68, 'dasar_tahun', ''),
(190, 68, 'kepada_pegawai', '1. Kbjhlhlks\r\n2. hsahgdkjwghkfdq\r\n3. jgbkjghfkugawky\r\n4.hkhhlhl'),
(191, 68, 'untuk_nama_kegiatan', ''),
(192, 68, 'untuk_tempat_kegiatan', ''),
(193, 68, 'untuk_sebagai', ''),
(194, 68, 'untuk_tanggal_kegiatan', ''),
(195, 68, 'untuk_pukul_kegiatan', ''),
(196, 68, 'untuk_tujuan_lapor', ''),
(197, 68, 'ttd_tempat_dikeluarkan', ''),
(198, 68, 'ttd_tanggal_dikeluarkan', ''),
(199, 65, 'tanggal', '12 Januari 2016'),
(200, 65, 'bulan', ''),
(201, 65, 'tahun', ''),
(202, 65, 'sifat', 'Segera'),
(203, 65, 'jumlah_lampiran', '1 Berkas'),
(204, 65, 'perihal', 'Undangan Pembahasan Center of Excelence Antara Bakamla Dengan ITB'),
(205, 65, 'isi', 'Pembahasan Perkembangan Kerjasama dalam Center of Excelence antara Bakamla RI dengan ITB'),
(206, 65, 'hari', 'Selasa'),
(207, 65, 'pukul', '10.00 WIB'),
(208, 65, 'tempat', 'Ruang Rapat Bakamla Pusat '),
(209, 65, 'pimpinan', 'Deputi Inhuker'),
(210, 72, 'pertimbangan_nama_kegiatan', 'Kegiatan Sosialisasi, Implementasi dan Pengembangan Aplikasi E-Office'),
(211, 72, 'pertimbangan_tempat_kegiatan', 'Lingkungan Kantor Bakamla RI'),
(212, 72, 'dasar_nama_pejabat', ''),
(213, 72, 'dasar_nomor_surat', ''),
(214, 72, 'dasar_tanggal_surat', ''),
(215, 72, 'dasar_perihal_surat', ''),
(216, 72, 'dasar_tahun', '2016'),
(217, 72, 'kepada_pegawai', 'Laksda Maritim DR. IR. DICKY R. MUNAF;  SESTAMA BAKAMLA;\r\nLaksda Maritim EKO SUSILO HADI, SH., MH; DEPUTI INHUKER;\r\nLaksma Maritim BAMBANG UDOYO; DIREKTUR DATIN;\r\nLaksma Maritim ERNA D.S.S.P., S.SOS; KABIRO UMUM BAKAMLA;\r\nKolonel Maritim M. ALI, SH; KASUBDIT INFORMASI;'),
(218, 72, 'untuk_nama_kegiatan', 'melaksanakan tugas sebagai Tim Sosialisasi, Implementasi dan Pengebangan Aplikasi E-Office'),
(219, 72, 'untuk_tempat_kegiatan', 'Lingkungan Kantor Bakamla RI'),
(220, 72, 'untuk_sebagai', ''),
(221, 72, 'untuk_tanggal_kegiatan', ''),
(222, 72, 'untuk_pukul_kegiatan', ''),
(223, 72, 'untuk_tujuan_lapor', 'Kepala Bakamla melalui Sestama Bakamla RI'),
(224, 72, 'ttd_tempat_dikeluarkan', 'Jakarta'),
(225, 72, 'ttd_tanggal_dikeluarkan', '11 Januari 2016'),
(226, 73, 'tanggal', '12 Januari 2016'),
(227, 73, 'bulan', ''),
(228, 73, 'tahun', ''),
(229, 73, 'sifat', 'Biasa'),
(230, 73, 'jumlah_lampiran', '-'),
(231, 73, 'perihal', 'Surat Undangan Pembahasan Center of Excelence antara Bakamla dengan ITB'),
(232, 73, 'isi', 'Pembahasan Center of Excelence Bakamla'),
(233, 73, 'hari', 'Selasa'),
(234, 73, 'pukul', '10.00 WIB'),
(235, 73, 'tempat', 'Ruang Rapat Bakamla Pusat'),
(236, 73, 'pimpinan', 'Deputi Inhuker'),
(237, 74, 'tanggal', '11 januari 2016'),
(238, 74, 'bulan', ''),
(239, 74, 'tahun', ''),
(240, 74, 'sifat', ''),
(241, 74, 'jumlah_lampiran', ''),
(242, 74, 'perihal', ''),
(243, 74, 'isi', ''),
(244, 74, 'hari', ''),
(245, 74, 'pukul', ''),
(246, 74, 'tempat', ''),
(247, 74, 'pimpinan', ''),
(248, 76, 'pertimbangan_nama_kegiatan', ''),
(249, 76, 'pertimbangan_tempat_kegiatan', ''),
(250, 76, 'dasar_nama_pejabat', ''),
(251, 76, 'dasar_nomor_surat', ''),
(252, 76, 'dasar_tanggal_surat', ''),
(253, 76, 'dasar_perihal_surat', ''),
(254, 76, 'dasar_tahun', ''),
(255, 76, 'kepada_pegawai', 'peik\r\nreza\r\ndikky\r\nadriansah\r\nika\r\ntuti\r\n'),
(256, 76, 'untuk_nama_kegiatan', ''),
(257, 76, 'untuk_tempat_kegiatan', ''),
(258, 76, 'untuk_sebagai', ''),
(259, 76, 'untuk_tanggal_kegiatan', ''),
(260, 76, 'untuk_pukul_kegiatan', ''),
(261, 76, 'untuk_tujuan_lapor', ''),
(262, 76, 'ttd_tempat_dikeluarkan', ''),
(263, 76, 'ttd_tanggal_dikeluarkan', ''),
(264, 77, 'surat_tanggal', '12 Januari 2016'),
(265, 77, 'surat_sifat', 'Biasa'),
(266, 77, 'surat_lampiran', '1'),
(267, 77, 'surat_perihal', 'Rapat'),
(268, 77, 'undangan_deskripsi', 'msde'),
(269, 77, 'undangan_hari', 'selasa'),
(270, 77, 'undangan_tanggal', '12 Januari 20`6'),
(271, 77, 'undangan_pukul', '10.00'),
(272, 77, 'undangan_tempat', 'Jakarta Pusat'),
(273, 77, 'undangan_pimpinan_rapat', 'Deputi Jakstra'),
(274, 77, 'penandatangan_an', ''),
(275, 77, 'penandatangan_jabatan', ''),
(276, 77, 'penandatangan_nama', ''),
(277, 77, 'penandatangan_nip', ''),
(278, 78, 'surat_tanggal', ''),
(279, 78, 'surat_sifat', ''),
(280, 78, 'surat_lampiran', ''),
(281, 78, 'surat_perihal', ''),
(282, 78, 'undangan_deskripsi', ''),
(283, 78, 'undangan_hari', ''),
(284, 78, 'undangan_tanggal', ''),
(285, 78, 'undangan_pukul', ''),
(286, 78, 'undangan_tempat', ''),
(287, 78, 'undangan_pimpinan_rapat', ''),
(288, 78, 'penandatangan_an', ''),
(289, 78, 'penandatangan_jabatan', ''),
(290, 78, 'penandatangan_nama', ''),
(291, 78, 'penandatangan_nip', ''),
(292, 78, 'lampiran_judul', ''),
(293, 78, 'lampiran_daftar_pegawai', ''),
(294, 79, 'pertimbangan_nama_kegiatan', ''),
(295, 79, 'pertimbangan_tempat_kegiatan', ''),
(296, 79, 'dasar_nama_pejabat', ''),
(297, 79, 'dasar_nomor_surat', ''),
(298, 79, 'dasar_tanggal_surat', ''),
(299, 79, 'dasar_perihal_surat', ''),
(300, 79, 'dasar_tahun', ''),
(301, 79, 'kepada_pegawai', 'peik\r\nreza\r\ndikki\r\nadriansyah'),
(302, 79, 'untuk_nama_kegiatan', ''),
(303, 79, 'untuk_tempat_kegiatan', ''),
(304, 79, 'untuk_sebagai', ''),
(305, 79, 'untuk_tanggal_kegiatan', ''),
(306, 79, 'untuk_pukul_kegiatan', ''),
(307, 79, 'untuk_tujuan_lapor', ''),
(308, 79, 'ttd_tempat_dikeluarkan', ''),
(309, 79, 'ttd_tanggal_dikeluarkan', ''),
(310, 80, 'nomor_bag_pegawai', ''),
(311, 80, 'tanggal', ''),
(312, 80, 'nama_pejabat', 'Drs. Raja Surya Dharma M, M.Si'),
(313, 80, 'nip_pejabat', '195909291995031001'),
(314, 80, 'jabatan_pejabat', 'Kasubdit Pengembangan Potensi Keamanan dan Keselamatan Laut'),
(315, 80, 'unit_kerja_pejabat', 'Direktorat Kerjasama'),
(316, 80, 'nama', 'Tri Rah Astuti'),
(317, 80, 'nip', '198211292010122002'),
(318, 80, 'jabatan', 'KASIE POTENSI KEAMANAN LAUT'),
(319, 80, 'unit_kerja', 'Direktorat Kerjasama'),
(320, 80, 'hari', 'Senin'),
(321, 80, 'tanggal_inti', '11 Januari 2016'),
(322, 80, 'pukul', ''),
(323, 80, 'isi', 'Sakit'),
(324, 80, 'tanggal_lengkap', '13 Januari 2016'),
(325, 80, 'nama_pejabat_tandatangan', 'Drs. Raja Surya Dharma M, M.Si.'),
(326, 80, 'nip_pejabat_tandatangan', '195909291995031001'),
(327, 87, 'pertimbangan_nama_kegiatan', 'Pelatihan Lanjutan Data Center '),
(328, 87, 'pertimbangan_tempat_kegiatan', 'Bakamla RI Rawamangun'),
(329, 87, 'dasar_nama_pejabat', 'Direktur Utama PT. Pusat Data Nusantara'),
(330, 87, 'dasar_nomor_surat', ''),
(331, 87, 'dasar_tanggal_surat', '14 Januari 2016'),
(332, 87, 'dasar_perihal_surat', ''),
(333, 87, 'dasar_tahun', '2016'),
(334, 87, 'kepada_pegawai', 'Mayor Maritim WS. PURWOKO, S.Kom\r\nMayor Mairitim TUTI IDA HALIDA, S.T.,M. ITM\r\nMayor Maritim ADRIANSYAH P.H, S.Si.,MS\r\nMayor Maritim DIKKI TRIWASANANDA, S.Kom\r\nMayor Maritim YMV. NIKKO D.S, S.T\r\nMayor Maritim LUKMAN NURHAKIM, S.Kom\r\nLettu Maritim UJANG RUSMANA, S.Si\r\nLettu Maritim DONO ARYE, S.T\r\nLetda Maritim PEIK SUGIARTO, S.T\r\nLetda Maritim REZA GUSTAV, S.T\r\nLetda Maritim RIDWAN BASUKI, S.T\r\nSerka Maritim STEVEN E. FRANSYE\r\nSerka Maritim MUKHTARUDIN\r\nSerka Maritim SUWARNO\r\nSdr GATOT YOGA E.S'),
(335, 87, 'untuk_nama_kegiatan', 'Pelatihan Lanjutan Data Center '),
(336, 87, 'untuk_tempat_kegiatan', 'Bakamla RI Rawamangun'),
(337, 87, 'untuk_sebagai', 'Peserta Pelatihan'),
(338, 87, 'untuk_tanggal_kegiatan', '20 s.d 22 Januari 2016'),
(339, 87, 'untuk_pukul_kegiatan', '08.00 s.d selesai'),
(340, 87, 'untuk_tujuan_lapor', 'Sekretaris Utama Bakamla.'),
(341, 87, 'ttd_tempat_dikeluarkan', 'Jakarta'),
(342, 87, 'ttd_tanggal_dikeluarkan', '19 Januari 2016'),
(343, 91, 'penerima_memo', 'Deputi Kebijakan dan Strategi '),
(344, 91, 'pengirim_memo', 'Kasubbag TU Jakstra'),
(345, 91, 'perihal', 'Penyampaian Rekapitulasi Absensi Personil Jakstra Per tanggal 1 s.d. 15 Januari 2015'),
(346, 91, 'lampiran', '1 (satu) berkas'),
(347, 91, 'tanggal_memo', '20 januari 2016'),
(348, 91, 'isi', '<div style="margin-left: 40px;">\r\n	&nbsp; &nbsp; &nbsp; &nbsp; &nbsp; Merujuk informasi dari bagian kepegawaian khususnya pencatatan kehadiran, bersama ini terlampir&nbsp; kami sampaikan rekapitulasi kehadiran personil Kedeputian Kebijakan dan Strategi periode tanggal 1 s.d. 15 Januari 2016 (sesuai mesin pencatat kehadiran) dengan catatan sebagai berikut :</div>\r\n<div style="margin-left: 40px;">\r\n	1.&nbsp;&nbsp;&nbsp; Warna orange (terlambat)<br />\r\n	&nbsp; &nbsp; &nbsp; &nbsp; a.&nbsp;&nbsp;&nbsp; Direktorat Kebijakan = 7 orang<br />\r\n	&nbsp; &nbsp; &nbsp; &nbsp; b.&nbsp;&nbsp;&nbsp; Direktorat Strategi = 2 orang<br />\r\n	&nbsp; &nbsp; &nbsp; &nbsp; c.&nbsp;&nbsp;&nbsp; Direktorat Litbang = 1 orang<br />\r\n	<br />\r\n	2.&nbsp;&nbsp;&nbsp; Warna hijau (pulang sebelum waktunya)<br />\r\n	&nbsp; &nbsp; &nbsp; &nbsp; Direktorat Kebijakan = 2 orang<br />\r\n	<br />\r\n	3.&nbsp;&nbsp;&nbsp; Warna biru (tidak masuk tanpa keterangan)<br />\r\n	&nbsp; &nbsp; &nbsp; &nbsp; Direktorat Strategi = 1 orang</div>\r\n&nbsp;\r\n<div style="margin-left: 40px;">\r\n	&nbsp; &nbsp; &nbsp; &nbsp; &nbsp; Demikian hal yang kami laporkan, mohon arahan lanjut Bapak khususnya angka 3. Terima kasih.</div>\r\n'),
(349, 91, 'jabatan', 'Kasubbag TU Jakstra'),
(350, 91, 'pengirim_memo_tandatangan', 'Aulia Maulidina'),
(351, 91, 'nip_tandatangan', '198412092009012001'),
(352, 106, 'penerima_memo', ''),
(353, 106, 'pengirim_memo', ''),
(354, 106, 'perihal', ''),
(355, 106, 'lampiran', ''),
(356, 106, 'tanggal_memo', ''),
(357, 106, 'isi', ''),
(358, 106, 'jabatan', ''),
(359, 106, 'pengirim_memo_tandatangan', ''),
(360, 106, 'nip_tandatangan', ''),
(361, 104, 'pertimbangan_nama_kegiatan', ''),
(362, 104, 'pertimbangan_tempat_kegiatan', ''),
(363, 104, 'dasar_nama_pejabat', ''),
(364, 104, 'dasar_nomor_surat', ''),
(365, 104, 'dasar_tanggal_surat', ''),
(366, 104, 'dasar_perihal_surat', ''),
(367, 104, 'dasar_tahun', ''),
(368, 104, 'kepada_pegawai', 'TERLAMPIR'),
(369, 104, 'untuk_nama_kegiatan', ''),
(370, 104, 'untuk_tempat_kegiatan', ''),
(371, 104, 'untuk_sebagai', ''),
(372, 104, 'untuk_tanggal_kegiatan', ''),
(373, 104, 'untuk_pukul_kegiatan', ''),
(374, 104, 'untuk_tempat_berangkat', ''),
(375, 104, 'untuk_tanggal_berangkat', ''),
(376, 104, 'untuk_tempat_kembali', ''),
(377, 104, 'untuk_tanggal_kembali', ''),
(378, 104, 'sumber_anggaran', ''),
(379, 104, 'untuk_tujuan_lapor', ''),
(380, 104, 'ttd_tempat_dikeluarkan', ''),
(381, 104, 'ttd_tanggal_dikeluarkan', ''),
(382, 104, 'lampiran_kepala', 'No;Tanggal;Kembali;Berangkat;'),
(383, 104, 'lampiran_isi', '1;sekarang;makan;apa\r\n2;Jangan;lupa;tidur\r\n3;ok;tidak;ok'),
(384, 107, 'penerima_memo', ''),
(385, 107, 'pengirim_memo', ''),
(386, 107, 'perihal', ''),
(387, 107, 'lampiran', ''),
(388, 107, 'tanggal_memo', ''),
(389, 107, 'isi', ''),
(390, 107, 'jabatan', ''),
(391, 107, 'pengirim_memo_tandatangan', ''),
(392, 107, 'nip_tandatangan', '');

-- --------------------------------------------------------

--
-- Struktur dari tabel `surat_jenis`
--

CREATE TABLE IF NOT EXISTS `surat_jenis` (
  `id` int(11) NOT NULL AUTO_INCREMENT,
  `nama` varchar(255) NOT NULL,
  `penandatangan` varchar(255) DEFAULT NULL,
  `contoh` varchar(255) DEFAULT NULL,
  `keterangan` text,
  PRIMARY KEY (`id`)
) ENGINE=InnoDB  DEFAULT CHARSET=latin1 AUTO_INCREMENT=21 ;

--
-- Dumping data untuk tabel `surat_jenis`
--

INSERT INTO `surat_jenis` (`id`, `nama`, `penandatangan`, `contoh`, `keterangan`) VALUES
(1, 'Surat Keputusan', 'Kepala;Sestama;Deputi;Kabag', 'surat-keputusan.odt', '<p>Arahan dan panduan cara pengisian surat keputusan</p>\r\n'),
(2, 'Surat Perintah', 'Kepala;Sestama;Deputi', 'surat-perintah.odt', '<p>Arahan dan panduan cara pengisian surat perintah</p>\r\n'),
(3, 'Surat Tugas', 'Kepala;Sestama', 'surat-tugas.odt', '<p>Arahan dan panduan cara pengisian surat dinas</p>\r\n'),
(4, 'Surat Dinas', 'Kepala;Sestama', 'surat-dinas.odt', ''),
(5, 'Surat Dinas Perjalanan Ke Luar Negeri', 'Kepala;Sestama', 'surat-dinas-luar-negeri.odt', ''),
(6, 'Surat Edaran', 'Kepala;Sestama', 'surat-edaran.odt', ''),
(7, 'Surat Izin', 'Kepala;Sestama', 'surat-izin.odt', ''),
(8, 'Surat Keterangan', 'Kepala;Sestama', 'surat-keterangan.odt', ''),
(9, 'Surat Keterangan Jalan', 'Kepala;Sestama', 'surat-keterangan-jalan.odt', ''),
(10, 'Surat Kuasa', 'Kepala;Sestama', 'surat-kuasa.odt', ''),
(11, 'Surat Pernyataan', 'Kepala;Sestama', 'surat-pernyataan.odt', ''),
(12, 'Surat Cuti', 'Kepala;Sestama', 'surat-cuti.odt', ''),
(13, 'Surat Undangan', 'Kepala;Sestama;Deputi', 'surat-undangan.odt', ''),
(14, 'Surat Keterangan Datang Terlambat', 'Kepala;Sestama', 'surat-keterangan-datang-terlambat.odt', ''),
(15, 'Surat Keterangan Pulang Sebelum Waktunya', 'Kepala;Sestama', 'surat-keterangan-pulang-lebih-awal.odt', ''),
(16, 'Surat Keterangan Tidak Masuk', 'Kepala;Sestama', 'surat-keterangan-tidak-masuk', ''),
(17, 'Memo Internal', 'Kepala;Sestama', 'memo.odt', ''),
(18, 'Agno (Agenda Nomor)', 'Kepala;Sestama', 'agno.odt', ''),
(19, 'Memo Kepala', NULL, NULL, NULL),
(20, 'Memo Sestama', NULL, NULL, NULL);

-- --------------------------------------------------------

--
-- Struktur dari tabel `surat_keluar`
--

CREATE TABLE IF NOT EXISTS `surat_keluar` (
  `id` int(11) NOT NULL AUTO_INCREMENT,
  `no_surat` varchar(255) DEFAULT NULL,
  `tanggal_surat` date DEFAULT NULL,
  `id_surat_keluar_jenis` int(11) DEFAULT NULL,
  `ringkasan` text,
  `draft` varchar(255) DEFAULT NULL,
  `file` varchar(255) DEFAULT NULL,
  `lampiran` varchar(255) DEFAULT NULL,
  `id_surat_keluar_status` int(11) DEFAULT NULL,
  `waktu_disetujui` datetime DEFAULT NULL,
  `id_jabatan_pengaju` int(11) DEFAULT NULL,
  `username_pengaju` varchar(255) DEFAULT NULL,
  `id_jabatan_pembuat` int(11) DEFAULT NULL,
  `username_pembuat` varchar(255) DEFAULT NULL,
  `waktu_dibuat` datetime DEFAULT NULL,
  `waktu_terbit` datetime DEFAULT NULL,
  PRIMARY KEY (`id`)
) ENGINE=InnoDB  DEFAULT CHARSET=latin1 AUTO_INCREMENT=41 ;

--
-- Dumping data untuk tabel `surat_keluar`
--

INSERT INTO `surat_keluar` (`id`, `no_surat`, `tanggal_surat`, `id_surat_keluar_jenis`, `ringkasan`, `draft`, `file`, `lampiran`, `id_surat_keluar_status`, `waktu_disetujui`, `id_jabatan_pengaju`, `username_pengaju`, `id_jabatan_pembuat`, `username_pembuat`, `waktu_dibuat`, `waktu_terbit`) VALUES
(3, '3', NULL, 1, NULL, NULL, NULL, NULL, 2, NULL, NULL, NULL, NULL, 'admin', '2015-10-17 08:03:48', NULL),
(4, '9/XI/BAKAMLA/2015', '2015-10-14', 1, NULL, NULL, NULL, NULL, 1, NULL, NULL, NULL, NULL, 'alfa', '2015-10-17 10:21:53', NULL),
(5, '5', NULL, 1, NULL, NULL, NULL, NULL, 3, NULL, NULL, NULL, 3, 'edison', '2015-10-17 16:18:20', NULL),
(6, NULL, NULL, 1, NULL, NULL, NULL, NULL, 3, NULL, NULL, NULL, 1, 'thomas', '2015-10-17 17:06:48', NULL),
(7, NULL, NULL, 1, NULL, NULL, NULL, NULL, 2, NULL, NULL, NULL, 1, 'thomas', '2015-10-17 17:40:58', NULL),
(8, NULL, NULL, 1, NULL, NULL, NULL, NULL, 2, NULL, NULL, NULL, 1, 'thomas', '2015-10-20 12:19:57', NULL),
(9, NULL, NULL, 1, NULL, NULL, NULL, NULL, 2, NULL, NULL, NULL, 25, 'thomas', '2015-10-22 20:15:31', NULL),
(10, NULL, NULL, 1, NULL, NULL, NULL, NULL, 2, NULL, NULL, NULL, 25, 'thomas', '2015-10-23 05:11:19', NULL),
(11, NULL, NULL, 1, NULL, NULL, NULL, NULL, 2, NULL, NULL, NULL, 25, 'thomas', '2015-10-23 05:13:33', NULL),
(12, NULL, NULL, 1, NULL, NULL, NULL, NULL, 2, NULL, NULL, NULL, 25, 'thomas', '2015-10-23 05:14:11', NULL),
(13, NULL, NULL, 1, NULL, NULL, NULL, NULL, 2, NULL, NULL, NULL, 25, 'thomas', '2015-10-23 05:22:00', NULL),
(14, NULL, NULL, 1, NULL, NULL, NULL, NULL, 3, NULL, NULL, NULL, 25, 'thomas', '2015-10-23 05:24:43', NULL),
(15, NULL, NULL, 1, NULL, NULL, NULL, NULL, 3, NULL, NULL, NULL, 25, 'thomas', '2015-10-23 05:54:39', NULL),
(16, '1/VI/BAKAMLA/2015', '2015-10-24', 1, NULL, NULL, NULL, '1445561601_Domai-kursuswebsitejakarta.com-1-tahun---2014.pdf', 1, '2015-10-23 02:53:21', NULL, NULL, 25, 'thomas', '2015-10-23 06:29:27', NULL),
(17, '9/XI/BAKAMLA/2015', '2015-10-23', 2, NULL, NULL, NULL, '1445589289_Domai-kursuswebsitejakarta.com-1-tahun---2014.pdf', 1, '2015-10-23 10:34:49', NULL, NULL, 25, 'thomas', '2015-10-23 06:30:05', NULL),
(18, NULL, NULL, 4, NULL, NULL, NULL, NULL, 3, NULL, NULL, NULL, 25, 'thomas', '2015-10-23 06:30:24', NULL),
(19, NULL, NULL, 5, NULL, NULL, NULL, NULL, 5, '2015-10-23 02:18:20', NULL, NULL, 25, 'thomas', '2015-10-23 06:53:30', NULL),
(20, NULL, NULL, 6, NULL, NULL, NULL, NULL, 2, NULL, NULL, NULL, 25, 'thomas', '2015-10-23 14:09:17', NULL),
(21, NULL, NULL, 7, NULL, NULL, NULL, NULL, 3, NULL, NULL, NULL, 25, 'thomas', '2015-10-23 14:13:14', NULL),
(23, '2343/VI/BAKAMLA', '2015-10-23', 12, NULL, NULL, NULL, '1445585378_Domain-agendawalikotabandung.com-1-tahun.pdf', 1, '2015-10-23 09:29:38', NULL, NULL, 25, 'thomas', '2015-10-23 14:19:44', NULL),
(24, NULL, NULL, 2, NULL, NULL, NULL, NULL, 5, '2015-10-23 10:30:15', NULL, NULL, 25, 'thomas', '2015-10-23 15:14:00', NULL),
(25, NULL, NULL, 1, NULL, NULL, NULL, NULL, 2, NULL, NULL, NULL, 25, 'thomas', '2015-10-23 16:01:47', NULL),
(26, NULL, NULL, 2, NULL, NULL, NULL, NULL, 2, NULL, NULL, NULL, 25, 'thomas', '2015-10-23 16:02:12', NULL),
(27, NULL, NULL, 1, 'contoh ringkasan', NULL, NULL, NULL, 2, NULL, NULL, NULL, 25, 'thomas', '2015-10-29 04:55:13', NULL),
(28, NULL, NULL, 1, 'ini ringkasan', NULL, NULL, NULL, 2, NULL, NULL, NULL, 25, 'thomas', '2015-10-29 05:21:58', NULL),
(29, NULL, NULL, 1, 'surat keputusan penetapan jabatan struktural eselon III', NULL, NULL, NULL, 2, NULL, 20, 'alfa', 25, 'thomas', '2015-10-29 05:24:33', NULL),
(34, '10/BAKAMLA/2015', '2015-10-29', 1, '', NULL, NULL, '1446077261_Domain-AerofastOnline.com-1-tahun-2015.pdf', 1, '2015-10-29 01:07:41', 66, 'dadan', 66, 'dadan', '2015-10-29 06:17:10', NULL),
(36, '210/Bakamla', '2015-10-29', 7, 'Permohonan Izin Umrah', '1446085042_Domain-aht-garage.com--1-tahun-2014.pdf', NULL, '1446085846_Domain-ajpdaffia.com-tahun-2014.pdf', 1, '2015-10-29 03:30:46', 66, 'dadan', 66, 'dadan', '2015-10-29 09:16:21', NULL),
(37, '12/Bakamla/X/2015', '2015-10-29', 7, 'Surat izin pergi umrah', '1446091760_Domain-agendakapoldajabar.net---2015.pdf', NULL, '1446092764_Domain-ajpdaffia.com-tahun-2015.pdf', 1, '2015-10-29 05:26:04', 5, 'edison', 66, 'dadan', '2015-10-29 11:07:07', NULL),
(38, NULL, NULL, 1, '', '1446093611_Domain-ajpdaffia.com-tahun-2014.pdf', NULL, NULL, 2, NULL, 66, 'dadan', 66, 'dadan', '2015-10-29 11:39:37', NULL),
(39, NULL, NULL, 7, 'Izin umrah', NULL, NULL, NULL, 2, NULL, 66, 'dadan', 66, 'dadan', '2015-10-30 07:04:13', NULL),
(40, NULL, NULL, 7, 'asdfas dfasdf asasdf asdf asd', '1447474593_Domain-anisyahijab.com---1-tahun-2015.pdf', NULL, NULL, 3, NULL, 3, 'sona', 66, 'dadan', '2015-11-14 11:14:04', NULL);

-- --------------------------------------------------------

--
-- Struktur dari tabel `surat_kop`
--

CREATE TABLE IF NOT EXISTS `surat_kop` (
  `id` int(11) NOT NULL AUTO_INCREMENT,
  `nama` varchar(255) NOT NULL,
  `header` text,
  `footer` text,
  PRIMARY KEY (`id`)
) ENGINE=InnoDB  DEFAULT CHARSET=latin1 AUTO_INCREMENT=7 ;

--
-- Dumping data untuk tabel `surat_kop`
--

INSERT INTO `surat_kop` (`id`, `nama`, `header`, `footer`) VALUES
(1, 'Kop Garuda', '<table style=''font-family:Arial;''>\r\n<tr>\r\n	<td width="30%" style="text-align:center">\r\n		<img src="[base_url]/images/logo-bakamla.png" width="80px">\r\n		<div style="font-weight:bold;font-size:12px">BADAN KEAMANAN LAUT<br>REPUBLIK INDONESIA</div>\r\n	</td>\r\n	<td width="70%">\r\n		&nbsp;\r\n	</td>\r\n</tr>\r\n</table>', '<div style="text-align:center;font-weight:bold;border-top:1px solid #000000;padding-top:5px;width:80%;margin-left:auto;margin-right:auto">SEKRETARIAT UTAMA BADAN KEAMANAN LAUT REPUBLIK INDONESIA</div>\r\n<div style="text-align:center;width:80%;margin-left:auto;margin-right:auto">JL. Dr. Sutomo No. 11, Jakarta Pusat 10710. Telp. 021-3519999 fax. 021-3519595</div>'),
(2, 'Kop Bakamla', '<table style=''font-family:Arial;''>\r\n<tr>\r\n	<td width="30%" style="text-align:center">\r\n		<img src="[base_url]/images/logo-bakamla.png" width="80px">\r\n		<div style="font-weight:bold;font-size:12px">BADAN KEAMANAN LAUT<br>REPUBLIK INDONESIA</div>\r\n	</td>\r\n	<td width="70%">\r\n		&nbsp;\r\n	</td>\r\n</tr>\r\n</table>', '<div style="text-align:center;font-weight:bold;border-top:1px solid #000000;padding-top:5px;width:80%;margin-left:auto;margin-right:auto">SEKRETARIAT UTAMA BADAN KEAMANAN LAUT REPUBLIK INDONESIA</div>\r\n<div style="text-align:center;width:80%;margin-left:auto;margin-right:auto">JL. Dr. Sutomo No. 11, Jakarta Pusat 10710. Telp. 021-3519999 fax. 021-3519595</div>'),
(3, 'Kop Sestama', '<table style=''font-family:Arial;''>\r\n<tr>\r\n	<td width="30%" style="text-align:center">\r\n		<img src="[base_url]/images/logo-bakamla.png" width="80px">\r\n		<div style="font-weight:bold;font-size:12px">BADAN KEAMANAN LAUT<br>REPUBLIK INDONESIA</div>\r\n	</td>\r\n	<td width="70%">\r\n		&nbsp;\r\n	</td>\r\n</tr>\r\n</table>', '<div style="text-align:center;font-weight:bold;border-top:1px solid #000000;padding-top:5px;width:80%;margin-left:auto;margin-right:auto">SEKRETARIAT UTAMA BADAN KEAMANAN LAUT REPUBLIK INDONESIA</div>\r\n<div style="text-align:center;width:80%;margin-left:auto;margin-right:auto">JL. Dr. Sutomo No. 11, Jakarta Pusat 10710. Telp. 021-3519999 fax. 021-3519595</div>'),
(4, 'Kop Deputi Inhuker', '<table style=''font-family:Arial;''>\r\n<tr>\r\n	<td width="30%" style="text-align:center">\r\n		<img src="[base_url]/images/logo-bakamla.png" width="80px">\r\n		<div style="font-weight:bold;font-size:12px">BADAN KEAMANAN LAUT<br>REPUBLIK INDONESIA</div>\r\n	</td>\r\n	<td width="70%">\r\n		&nbsp;\r\n	</td>\r\n</tr>\r\n</table>', '<div style="text-align:center;font-weight:bold;border-top:1px solid #000000;padding-top:5px;width:80%;margin-left:auto;margin-right:auto">DEPUTI INFORMASI, HUKUM, DAN KERJASAMA BAKAMLA RI</div>\r\n<div style="text-align:center;width:80%;margin-left:auto;margin-right:auto">JL. Dr. Sutomo No. 11, Jakarta Pusat 10710, Telp. 021-500500, Fax. 021-3519595</div>'),
(5, 'Kop Deputi Jakstra', '<table style=''font-family:Arial;''>\r\n<tr>\r\n	<td width="30%" style="text-align:center">\r\n		<img src="[base_url]/images/logo-bakamla.png" width="80px">\r\n		<div style="font-weight:bold;font-size:12px">BADAN KEAMANAN LAUT<br>REPUBLIK INDONESIA</div>\r\n	</td>\r\n	<td width="70%">\r\n		&nbsp;\r\n	</td>\r\n</tr>\r\n</table>', '<div style="text-align:center;font-weight:bold;border-top:1px solid #000000;padding-top:5px;width:80%;margin-left:auto;margin-right:auto">DEPUTI KEBIJAKSANAAN DAN STRATEGI BAKAMLA RI</div>\r\n<div style="text-align:center;width:80%;margin-left:auto;margin-right:auto">JL. Dr. Sutomo No. 11, Jakarta Pusat 10710, Telp. 021-500500, Fax. 021-3519595</div>'),
(6, 'Kop Deputi Opslat', '<table style=''font-family:Arial;''>\r\n<tr>\r\n	<td width="30%" style="text-align:center">\r\n		<img src="[base_url]/images/logo-bakamla.png" width="80px">\r\n		<div style="font-weight:bold;font-size:12px">BADAN KEAMANAN LAUT<br>REPUBLIK INDONESIA</div>\r\n	</td>\r\n	<td width="70%">\r\n		&nbsp;\r\n	</td>\r\n</tr>\r\n</table>', '<div style="text-align:center;font-weight:bold;border-top:1px solid #000000;padding-top:5px;width:80%;margin-left:auto;margin-right:auto">DEPUTI OPERASI DAN LATIHAN BAKAMLA RI</div>\r\n<div style="text-align:center;width:80%;margin-left:auto;margin-right:auto">JL. Dr. Sutomo No. 11, Jakarta Pusat 10710, Telp. 021-500500, Fax. 021-3519595</div>');

-- --------------------------------------------------------

--
-- Struktur dari tabel `surat_metode`
--

CREATE TABLE IF NOT EXISTS `surat_metode` (
  `id` int(11) NOT NULL AUTO_INCREMENT,
  `nama` varchar(255) NOT NULL,
  PRIMARY KEY (`id`)
) ENGINE=InnoDB  DEFAULT CHARSET=latin1 AUTO_INCREMENT=3 ;

--
-- Dumping data untuk tabel `surat_metode`
--

INSERT INTO `surat_metode` (`id`, `nama`) VALUES
(1, 'Kolom Isian'),
(2, 'Unggah Draf');

-- --------------------------------------------------------

--
-- Struktur dari tabel `surat_sifat`
--

CREATE TABLE IF NOT EXISTS `surat_sifat` (
  `id` int(11) NOT NULL AUTO_INCREMENT,
  `nama` varchar(255) NOT NULL,
  PRIMARY KEY (`id`)
) ENGINE=InnoDB  DEFAULT CHARSET=latin1 AUTO_INCREMENT=4 ;

--
-- Dumping data untuk tabel `surat_sifat`
--

INSERT INTO `surat_sifat` (`id`, `nama`) VALUES
(1, 'Biasa'),
(2, 'Segera'),
(3, 'Amat Segera');

-- --------------------------------------------------------

--
-- Struktur dari tabel `surat_status`
--

CREATE TABLE IF NOT EXISTS `surat_status` (
  `id` int(11) NOT NULL AUTO_INCREMENT,
  `nama` varchar(255) NOT NULL,
  PRIMARY KEY (`id`)
) ENGINE=InnoDB  DEFAULT CHARSET=latin1 AUTO_INCREMENT=7 ;

--
-- Dumping data untuk tabel `surat_status`
--

INSERT INTO `surat_status` (`id`, `nama`) VALUES
(1, 'Terbit'),
(2, 'Konsep'),
(3, 'Pemeriksaan'),
(4, 'Perbaikan'),
(5, 'Disetujui'),
(6, 'Ditolak');

-- --------------------------------------------------------

--
-- Struktur dari tabel `tanda`
--

CREATE TABLE IF NOT EXISTS `tanda` (
  `id` int(11) NOT NULL AUTO_INCREMENT,
  `model` varchar(255) DEFAULT NULL,
  `waktu_dibuat` datetime DEFAULT NULL,
  PRIMARY KEY (`id`)
) ENGINE=InnoDB  DEFAULT CHARSET=latin1 AUTO_INCREMENT=18 ;

--
-- Dumping data untuk tabel `tanda`
--

INSERT INTO `tanda` (`id`, `model`, `waktu_dibuat`) VALUES
(1, 'Distribusi', '2015-12-29 12:00:24'),
(2, 'Distribusi', '2016-01-04 11:03:17'),
(3, 'Distribusi', '2016-01-11 08:27:09'),
(4, 'Distribusi', '2016-01-18 15:07:44'),
(5, 'Distribusi', '2016-01-19 08:24:14'),
(6, 'Distribusi', '2016-01-19 09:10:48'),
(7, 'Distribusi', '2016-01-19 11:15:39'),
(8, 'Distribusi', '2016-01-20 09:40:55'),
(9, 'Distribusi', '2016-01-20 09:51:48'),
(10, 'Distribusi', '2016-01-20 09:55:36'),
(11, 'Distribusi', '2016-01-20 09:57:06'),
(12, 'Distribusi', '2016-01-20 09:58:30'),
(13, 'Distribusi', '2016-01-20 10:00:34'),
(14, 'Distribusi', '2016-01-20 11:36:46'),
(15, 'Distribusi', '2016-01-20 12:06:30'),
(16, 'Distribusi', '2016-02-08 11:52:39'),
(17, 'Distribusi', '2016-02-08 20:48:06');

-- --------------------------------------------------------

--
-- Struktur dari tabel `tata_usaha`
--

CREATE TABLE IF NOT EXISTS `tata_usaha` (
  `id` int(11) NOT NULL AUTO_INCREMENT,
  `id_jabatan` int(11) NOT NULL,
  `id_jabatan_induk` int(11) NOT NULL,
  PRIMARY KEY (`id`)
) ENGINE=InnoDB  DEFAULT CHARSET=latin1 AUTO_INCREMENT=6 ;

--
-- Dumping data untuk tabel `tata_usaha`
--

INSERT INTO `tata_usaha` (`id`, `id_jabatan`, `id_jabatan_induk`) VALUES
(1, 69, 1),
(2, 70, 2),
(3, 72, 4),
(4, 74, 6),
(5, 73, 5);

-- --------------------------------------------------------

--
-- Struktur dari tabel `user`
--

CREATE TABLE IF NOT EXISTS `user` (
  `id` int(11) NOT NULL AUTO_INCREMENT,
  `username` varchar(255) NOT NULL,
  `password` varchar(255) NOT NULL,
  `authKey` varchar(255) DEFAULT NULL,
  `role` varchar(255) DEFAULT NULL,
  `nama` varchar(255) DEFAULT NULL,
  `id_jabatan` int(11) DEFAULT NULL,
  `nama_jabatan` varchar(255) DEFAULT NULL,
  PRIMARY KEY (`id`)
) ENGINE=InnoDB  DEFAULT CHARSET=latin1 AUTO_INCREMENT=2 ;

--
-- Dumping data untuk tabel `user`
--

INSERT INTO `user` (`id`, `username`, `password`, `authKey`, `role`, `nama`, `id_jabatan`, `nama_jabatan`) VALUES
(1, 'bakamla', '$2y$13$VGXhFYYhBcmw92coBRmKl.LHSUoQdpZvXSQLrHMnJ.khweN8S7kee', NULL, 'admin', NULL, NULL, NULL);

/*!40101 SET CHARACTER_SET_CLIENT=@OLD_CHARACTER_SET_CLIENT */;
/*!40101 SET CHARACTER_SET_RESULTS=@OLD_CHARACTER_SET_RESULTS */;
/*!40101 SET COLLATION_CONNECTION=@OLD_COLLATION_CONNECTION */;
